Order_ID,Order_Date,Customer_Name,Customer_Segment,Country,Region,Product_Category,Product_Name,Quantity,Unit_Price,Discount_Percent,Total_Sales,Shipping_Cost,Profit,Payment_Method,Year,Month,Month_Name,Quarter,Day_Name,Profit_Margin,Gross_Sales,Discount_Amount
ORD-11121,2023-01-02,Karen Suzuki,Corporate,United States,North America,Technology,Wireless Bluetooth Headphones,3,99.43,0,298.29,9.31,124.92,Cash on Delivery,2023,1,January,Q1,Monday,41.87870863924369,298.29,0.0
ORD-11244,2023-01-02,John Johansson,Corporate,Spain,Europe,Technology,Mechanical Gaming Keyboard,4,97.93,20,313.38,14.31,83.62,Cash on Delivery,2023,1,January,Q1,Monday,26.683259940008934,391.72499999999997,78.34499999999997
ORD-10325,2023-01-03,Jessica Garcia,Consumer,Mexico,North America,Office Supplies,Binder Clips Assorted 48pc,2,10.74,0,21.48,8.12,3.69,Credit Card,2023,1,January,Q1,Tuesday,17.178770949720672,21.48,0.0
ORD-10467,2023-01-03,Clara Taylor,Corporate,Italy,Europe,Technology,Webcam HD 1080p,2,61.86,15,105.16,10.79,26.32,PayPal,2023,1,January,Q1,Tuesday,25.02852795739825,123.71764705882353,18.557647058823534
ORD-11454,2023-01-05,Felix Thomas,Consumer,Italy,Europe,Furniture,Standing Desk Converter,4,330.67,20,1058.14,11.09,253.44,Credit Card,2023,1,January,Q1,Thursday,23.95146199935736,1322.675,264.53499999999985
ORD-11746,2023-01-05,Fatima Suzuki,Consumer,Mexico,North America,Furniture,Bookshelf 5-Tier,1,61.93,10,55.74,5.88,12.7,PayPal,2023,1,January,Q1,Thursday,22.784355938284893,61.93333333333334,6.193333333333335
ORD-11162,2023-01-06,Felix Rodriguez,Home Office,United States,North America,Office Supplies,Premium Notebook Set A5,2,15.03,5,28.56,6.59,8.44,PayPal,2023,1,January,Q1,Friday,29.551820728291318,30.063157894736843,1.5031578947368445
ORD-11271,2023-01-06,Ayumi Ferrari,Home Office,Nigeria,Middle East & Africa,Technology,Laptop Stand Adjustable,2,33.91,10,61.04,14.38,9.36,Bank Transfer,2023,1,January,Q1,Friday,15.334207077326342,67.82222222222222,6.782222222222224
ORD-11702,2023-01-06,Thomas Smith,Consumer,China,Asia Pacific,Furniture,Standing Desk Converter,2,334.11,5,634.81,11.92,221.96,Bank Transfer,2023,1,January,Q1,Friday,34.96479261511319,668.2210526315789,33.41105263157897
ORD-10847,2023-01-07,Ali Rodriguez,Consumer,Saudi Arabia,Middle East & Africa,Furniture,Folding Table Portable,1,58.77,5,55.83,12.03,8.54,Credit Card,2023,1,January,Q1,Saturday,15.296435608096004,58.76842105263158,2.9384210526315826
ORD-10446,2023-01-08,Raj Martinez,Corporate,Colombia,South America,Clothing & Accessories,Leather Wallet Minimalist,2,38.91,15,66.15,14.25,12.99,Credit Card,2023,1,January,Q1,Sunday,19.63718820861678,77.82352941176471,11.673529411764704
ORD-11499,2023-01-08,Kenji Rossi,Corporate,Spain,Europe,Office Supplies,Paper Clips Box 500pc,3,7.8,10,21.06,12.61,-2.08,Cash on Delivery,2023,1,January,Q1,Sunday,-9.876543209876544,23.4,2.34
ORD-10271,2023-01-09,Mary Khan,Corporate,United Kingdom,Europe,Technology,Webcam HD 1080p,1,48.73,10,43.86,8.11,8.95,Credit Card,2023,1,January,Q1,Monday,20.405836753305973,48.733333333333334,4.873333333333335
ORD-11356,2023-01-12,Maria Tanaka,Consumer,Colombia,South America,Clothing & Accessories,Travel Backpack 30L,1,59.48,0,59.48,11.42,18.32,Credit Card,2023,1,January,Q1,Thursday,30.800268997982517,59.48,0.0
ORD-10793,2023-01-13,Zara Brown,Corporate,Italy,Europe,Office Supplies,Tape Dispenser Heavy Duty,1,15.82,0,15.82,9.16,-0.46,PayPal,2023,1,January,Q1,Friday,-2.9077117572692797,15.82,0.0
ORD-11330,2023-01-13,Marco Moreau,Corporate,Japan,Asia Pacific,Clothing & Accessories,Business Casual Blazer,3,51.92,30,109.03,13.39,17.76,PayPal,2023,1,January,Q1,Friday,16.289094744565716,155.75714285714287,46.727142857142866
ORD-11886,2023-01-13,Christopher Johansson,Consumer,Nigeria,Middle East & Africa,Furniture,Corner L-Shaped Desk,3,358.6,15,914.43,14.74,254.21,Cash on Delivery,2023,1,January,Q1,Friday,27.79983158907735,1075.8,161.37
ORD-10339,2023-01-14,Susan Davis,Home Office,Australia,Asia Pacific,Furniture,Ergonomic Office Chair,2,446.8,5,848.92,13.59,299.17,Cash on Delivery,2023,1,January,Q1,Saturday,35.24124770296377,893.6,44.680000000000064
ORD-10402,2023-01-14,Jamal Schmidt,Consumer,Mexico,North America,Furniture,Folding Table Portable,6,96.58,0,579.48,10.22,221.57,Credit Card,2023,1,January,Q1,Saturday,38.236004693863464,579.48,0.0
ORD-10560,2023-01-14,Sarah Davis,Home Office,Italy,Europe,Clothing & Accessories,Wool Blend Scarf,1,27.9,5,26.5,8.93,3.62,PayPal,2023,1,January,Q1,Saturday,13.660377358490566,27.894736842105264,1.3947368421052637
ORD-10686,2023-01-15,Clara Smith,Corporate,Colombia,South America,Office Supplies,Whiteboard Markers Set 8,5,9.91,25,37.16,20.73,-5.87,Cash on Delivery,2023,1,January,Q1,Sunday,-15.796555435952639,49.54666666666666,12.386666666666663
ORD-11718,2023-01-15,Robert Khan,Consumer,Colombia,South America,Clothing & Accessories,Wool Blend Scarf,2,47.0,10,84.6,14.83,22.77,Credit Card,2023,1,January,Q1,Sunday,26.914893617021278,93.99999999999999,9.399999999999991
ORD-10736,2023-01-17,Jennifer Russo,Home Office,United States,North America,Technology,Smart LED Desk Lamp,2,32.91,0,65.82,7.55,22.07,PayPal,2023,1,January,Q1,Tuesday,33.530841689456096,65.82,0.0
ORD-10846,2023-01-17,Yuki Costa,Corporate,UAE,Middle East & Africa,Office Supplies,Sticky Notes Multicolor 6-Pack,2,11.41,5,21.68,15.26,-3.85,Bank Transfer,2023,1,January,Q1,Tuesday,-17.75830258302583,22.821052631578947,1.1410526315789475
ORD-11128,2023-01-18,Amir Oliveira,Consumer,Mexico,North America,Furniture,Standing Desk Converter,5,333.59,10,1501.15,9.02,491.36,Credit Card,2023,1,January,Q1,Wednesday,32.732238617060254,1667.9444444444446,166.79444444444448
ORD-10279,2023-01-20,Ivan Zhang,Consumer,UAE,Middle East & Africa,Office Supplies,Desk Calendar 2025,7,10.6,20,59.36,18.26,7.71,Bank Transfer,2023,1,January,Q1,Friday,12.988544474393532,74.19999999999999,14.83999999999999
ORD-10344,2023-01-20,Sakura Martinez,Home Office,Australia,Asia Pacific,Furniture,Floating Wall Shelves Set,2,67.38,5,128.02,11.0,36.16,Cash on Delivery,2023,1,January,Q1,Friday,28.245586627089516,134.75789473684213,6.737894736842122
ORD-10589,2023-01-20,Mary Davis,Consumer,Argentina,South America,Technology,Portable External SSD 1TB,4,121.25,0,485.0,18.53,199.72,PayPal,2023,1,January,Q1,Friday,41.179381443298965,485.0,0.0
ORD-11029,2023-01-20,Karen Rossi,Home Office,Japan,Asia Pacific,Office Supplies,Whiteboard Markers Set 8,4,19.92,0,79.68,16.01,27.81,Cash on Delivery,2023,1,January,Q1,Friday,34.90210843373494,79.68,0.0
ORD-11026,2023-01-22,Chen Singh,Consumer,China,Asia Pacific,Technology,Smart LED Desk Lamp,3,34.98,5,99.69,14.67,27.3,Credit Card,2023,1,January,Q1,Sunday,27.384893168823353,104.93684210526317,5.24684210526317
ORD-10968,2023-01-23,Wei Müller,Consumer,Canada,North America,Furniture,Floating Wall Shelves Set,4,37.18,5,141.28,12.28,39.77,Credit Card,2023,1,January,Q1,Monday,28.14977349943375,148.71578947368423,7.435789473684224
ORD-11723,2023-01-23,Raj Costa,Consumer,United Kingdom,Europe,Office Supplies,Stapler Full-Size,1,8.54,15,7.26,7.97,-4.55,Credit Card,2023,1,January,Q1,Monday,-62.67217630853994,8.541176470588235,1.2811764705882354
ORD-10408,2023-01-24,Hanna Sato,Consumer,Germany,Europe,Office Supplies,Paper Clips Box 500pc,2,8.53,5,16.21,9.3,-0.77,Credit Card,2023,1,January,Q1,Tuesday,-4.750154225786551,17.063157894736843,0.8531578947368423
ORD-11828,2023-01-24,Sarah Zhang,Home Office,South Africa,Middle East & Africa,Clothing & Accessories,Canvas Messenger Bag,4,57.87,20,185.18,13.88,55.56,PayPal,2023,1,January,Q1,Tuesday,30.00324009072254,231.475,46.29499999999999
ORD-11035,2023-01-25,Linda Russo,Corporate,Italy,Europe,Office Supplies,Whiteboard Markers Set 8,8,15.41,10,110.95,21.9,33.57,PayPal,2023,1,January,Q1,Wednesday,30.25687246507436,123.27777777777777,12.327777777777769
ORD-10599,2023-01-26,Chen Laurent,Consumer,United States,North America,Technology,Mechanical Gaming Keyboard,1,167.57,5,159.19,6.21,60.82,PayPal,2023,1,January,Q1,Thursday,38.2059174571267,167.56842105263158,8.37842105263158
ORD-10780,2023-01-27,David Anderson,Consumer,Saudi Arabia,Middle East & Africa,Furniture,Ergonomic Office Chair,2,212.13,0,424.26,14.72,154.98,Cash on Delivery,2023,1,January,Q1,Friday,36.529486635553674,424.26,0.0
ORD-10636,2023-01-28,Ayumi Tanaka,Corporate,South Korea,Asia Pacific,Office Supplies,Ballpoint Pen Pack 12,5,9.02,15,38.33,17.7,0.34,Credit Card,2023,1,January,Q1,Saturday,0.8870336551004436,45.09411764705882,6.764117647058825
ORD-10694,2023-01-28,Susan Johansson,Consumer,Mexico,North America,Technology,Webcam HD 1080p,3,55.78,0,167.34,9.38,65.92,Credit Card,2023,1,January,Q1,Saturday,39.39285287438747,167.34,0.0
ORD-10711,2023-01-28,Mary Ferrari,Consumer,United Kingdom,Europe,Office Supplies,Premium Notebook Set A5,5,10.25,0,51.25,18.89,9.3,PayPal,2023,1,January,Q1,Saturday,18.146341463414636,51.25,0.0
ORD-10383,2023-01-29,Michael Harris,Home Office,Argentina,South America,Clothing & Accessories,Canvas Messenger Bag,1,54.25,0,54.25,11.58,15.54,Credit Card,2023,1,January,Q1,Sunday,28.64516129032258,54.25,0.0
ORD-10435,2023-01-30,Priya Martin,Consumer,Canada,North America,Office Supplies,Stapler Full-Size,4,16.61,5,63.12,8.4,24.82,Bank Transfer,2023,1,January,Q1,Monday,39.32192648922687,66.4421052631579,3.3221052631579013
ORD-10017,2023-01-31,Kenji Nilsson,Home Office,Japan,Asia Pacific,Clothing & Accessories,Silk Tie Collection,3,18.32,0,54.96,12.91,14.57,Credit Card,2023,1,January,Q1,Tuesday,26.51018922852984,54.96,0.0
ORD-11220,2023-01-31,Amir Hassan,Consumer,United States,North America,Clothing & Accessories,Cotton Formal Shirt,4,53.6,0,214.4,8.52,98.68,PayPal,2023,1,January,Q1,Tuesday,46.026119402985074,214.4,0.0
ORD-11237,2023-01-31,Ahmed Garcia,Home Office,India,Asia Pacific,Furniture,Corner L-Shaped Desk,4,429.23,5,1631.07,12.2,588.72,Credit Card,2023,1,January,Q1,Tuesday,36.094097739520684,1716.9157894736843,85.84578947368436
ORD-11655,2023-01-31,Li Wang,Corporate,Brazil,South America,Technology,USB-C Hub Multiport Adapter,2,28.99,10,52.18,12.7,7.59,Credit Card,2023,1,January,Q1,Tuesday,14.545802989651207,57.977777777777774,5.797777777777775
ORD-11858,2023-01-31,Ava Martinez,Corporate,Nigeria,Middle East & Africa,Office Supplies,Binder Clips Assorted 48pc,3,8.65,5,24.65,17.04,-4.07,Credit Card,2023,1,January,Q1,Tuesday,-16.511156186612578,25.94736842105263,1.2973684210526315
ORD-10787,2023-02-01,Ahmed Clark,Consumer,Canada,North America,Technology,Tablet Stand Holder,3,19.94,0,59.82,8.61,18.31,Bank Transfer,2023,2,February,Q1,Wednesday,30.60849214309595,59.82,0.0
ORD-10950,2023-02-02,William Sharma,Corporate,Italy,Europe,Technology,Webcam HD 1080p,6,32.72,5,186.5,10.11,68.41,PayPal,2023,2,February,Q1,Thursday,36.68096514745308,196.31578947368422,9.81578947368422
ORD-10374,2023-02-03,Felix Smith,Corporate,Colombia,South America,Clothing & Accessories,Canvas Messenger Bag,12,25.43,5,289.9,23.56,113.76,Bank Transfer,2023,2,February,Q1,Friday,39.24111762676786,305.1578947368421,15.257894736842104
ORD-10745,2023-02-03,Yuki Kumar,Corporate,Canada,North America,Furniture,Standing Desk Converter,4,274.83,10,989.39,10.28,319.52,Credit Card,2023,2,February,Q1,Friday,32.29464619614105,1099.322222222222,109.9322222222221
ORD-11670,2023-02-03,Jamal Rossi,Corporate,South Korea,Asia Pacific,Furniture,Floating Wall Shelves Set,1,60.16,15,51.14,10.85,4.19,Bank Transfer,2023,2,February,Q1,Friday,8.193195150567071,60.16470588235294,9.02470588235294
ORD-11158,2023-02-04,Maria Sharma,Home Office,Japan,Asia Pacific,Office Supplies,Desk Calendar 2025,10,8.37,15,71.14,24.19,9.29,Cash on Delivery,2023,2,February,Q1,Saturday,13.058757379814448,83.69411764705883,12.554117647058831
ORD-11430,2023-02-04,Karen Martinez,Home Office,Colombia,South America,Office Supplies,Paper Clips Box 500pc,1,4.78,10,4.3,11.84,-9.69,Bank Transfer,2023,2,February,Q1,Saturday,-225.34883720930233,4.777777777777778,0.47777777777777786
ORD-11760,2023-02-04,Sakura Thomas,Corporate,Argentina,South America,Technology,Webcam HD 1080p,7,79.23,15,471.42,19.84,146.54,Cash on Delivery,2023,2,February,Q1,Saturday,31.08480760256247,554.6117647058824,83.19176470588235
ORD-10720,2023-02-05,Hans Chen,Consumer,Germany,Europe,Furniture,Bookshelf 5-Tier,1,188.93,5,179.48,9.2,56.92,Cash on Delivery,2023,2,February,Q1,Sunday,31.713839982170715,188.92631578947368,9.446315789473687
ORD-11218,2023-02-05,Lucas Sharma,Consumer,Brazil,South America,Clothing & Accessories,Business Casual Blazer,10,138.7,15,1178.95,17.36,468.09,Credit Card,2023,2,February,Q1,Sunday,39.70397387505831,1387.0,208.04999999999995
ORD-10384,2023-02-07,Giulia Leroy,Consumer,China,Asia Pacific,Clothing & Accessories,Sports Water Bottle 750ml,1,8.96,0,8.96,11.08,-6.6,PayPal,2023,2,February,Q1,Tuesday,-73.66071428571428,8.96,0.0
ORD-11503,2023-02-07,Felix Yamamoto,Consumer,Japan,Asia Pacific,Technology,Noise Cancelling Earbuds,2,173.37,0,346.74,10.89,145.14,PayPal,2023,2,February,Q1,Tuesday,41.85845301955355,346.74,0.0
ORD-11711,2023-02-07,Layla Khan,Home Office,Canada,North America,Technology,Noise Cancelling Earbuds,1,63.94,10,57.55,6.86,15.52,PayPal,2023,2,February,Q1,Tuesday,26.96785403996525,63.94444444444444,6.394444444444446
ORD-10098,2023-02-08,Ava Jones,Consumer,Australia,Asia Pacific,Technology,Webcam HD 1080p,3,64.55,10,174.28,13.01,54.76,Credit Card,2023,2,February,Q1,Wednesday,31.42070231810879,193.64444444444445,19.364444444444445
ORD-10314,2023-02-08,Sakura Martin,Corporate,Japan,Asia Pacific,Office Supplies,Stapler Full-Size,5,14.53,5,69.02,11.87,24.46,Credit Card,2023,2,February,Q1,Wednesday,35.439003187481894,72.65263157894736,3.632631578947368
ORD-10322,2023-02-08,Maria Laurent,Home Office,South Korea,Asia Pacific,Office Supplies,Paper Clips Box 500pc,1,9.63,10,8.67,10.44,-6.1,PayPal,2023,2,February,Q1,Wednesday,-70.35755478662053,9.633333333333333,0.9633333333333329
ORD-11507,2023-02-09,Zara Suzuki,Consumer,Canada,North America,Furniture,Bookshelf 5-Tier,4,118.02,0,472.08,7.9,180.93,Bank Transfer,2023,2,February,Q1,Thursday,38.32613116420946,472.08,0.0
ORD-11683,2023-02-09,Zara Costa,Consumer,United Kingdom,Europe,Furniture,Folding Table Portable,9,126.93,0,1142.37,23.14,433.81,PayPal,2023,2,February,Q1,Thursday,37.97456165690626,1142.37,0.0
ORD-10642,2023-02-10,Olga Kim,Consumer,Argentina,South America,Furniture,Standing Desk Converter,8,289.71,10,2085.91,16.44,678.86,Bank Transfer,2023,2,February,Q1,Friday,32.54502830898745,2317.6777777777775,231.7677777777776
ORD-11011,2023-02-10,Hans Kim,Corporate,Japan,Asia Pacific,Clothing & Accessories,Travel Backpack 30L,2,81.58,15,138.69,11.8,45.31,Bank Transfer,2023,2,February,Q1,Friday,32.66998341625207,163.16470588235293,24.474705882352936
ORD-11270,2023-02-10,Isabella White,Consumer,Germany,Europe,Technology,Portable External SSD 1TB,9,111.98,5,957.43,24.38,378.75,Credit Card,2023,2,February,Q1,Friday,39.55902781404385,1007.8210526315789,50.39105263157899
ORD-11659,2023-02-10,Emma Oliveira,Consumer,Italy,Europe,Clothing & Accessories,Leather Wallet Minimalist,3,45.99,0,137.97,12.68,56.3,Credit Card,2023,2,February,Q1,Friday,40.80597231282162,137.97,0.0
ORD-10256,2023-02-11,Michael Zhang,Consumer,Canada,North America,Office Supplies,Paper Clips Box 500pc,3,4.96,10,13.39,7.09,-0.4,Cash on Delivery,2023,2,February,Q1,Saturday,-2.9873039581777445,14.877777777777778,1.4877777777777776
ORD-10527,2023-02-12,Hanna Ahmed,Consumer,Saudi Arabia,Middle East & Africa,Clothing & Accessories,Travel Backpack 30L,8,80.13,25,480.78,18.17,142.09,Bank Transfer,2023,2,February,Q1,Sunday,29.554057989101047,641.04,160.26
ORD-11082,2023-02-12,Patricia Müller,Consumer,Australia,Asia Pacific,Clothing & Accessories,Wool Blend Scarf,1,43.57,5,41.39,10.06,9.54,PayPal,2023,2,February,Q1,Sunday,23.04904566320367,43.56842105263158,2.1784210526315775
ORD-10473,2023-02-15,Kenji Zhang,Corporate,United States,North America,Technology,Noise Cancelling Earbuds,2,143.15,5,271.99,8.58,105.94,Credit Card,2023,2,February,Q1,Wednesday,38.94996139563954,286.3052631578948,14.315263157894776
ORD-11304,2023-02-15,Ayumi Martinez,Home Office,Canada,North America,Furniture,Folding Table Portable,8,126.81,10,913.03,22.05,282.29,Cash on Delivery,2023,2,February,Q1,Wednesday,30.917932598052637,1014.4777777777778,101.44777777777779
ORD-11560,2023-02-16,Ayumi Nilsson,Home Office,Nigeria,Middle East & Africa,Technology,Webcam HD 1080p,1,48.95,0,48.95,12.32,9.71,PayPal,2023,2,February,Q1,Thursday,19.83656792645557,48.95,0.0
ORD-11196,2023-02-17,Mia Ali,Corporate,United States,North America,Furniture,Monitor Riser Wood,2,47.62,5,90.48,8.3,25.04,Bank Transfer,2023,2,February,Q1,Friday,27.67462422634836,95.24210526315791,4.762105263157906
ORD-11355,2023-02-17,Lucas Schmidt,Home Office,Australia,Asia Pacific,Technology,Wireless Bluetooth Headphones,1,238.37,15,202.61,11.03,60.48,Credit Card,2023,2,February,Q1,Friday,29.850451606534715,238.36470588235295,35.75470588235294
ORD-11569,2023-02-17,Barbara Davis,Consumer,United Kingdom,Europe,Clothing & Accessories,Cotton Formal Shirt,5,39.22,10,176.49,17.7,60.74,Credit Card,2023,2,February,Q1,Friday,34.415547623094795,196.1,19.609999999999985
ORD-10916,2023-02-18,Jessica Wang,Corporate,South Korea,Asia Pacific,Clothing & Accessories,Business Casual Blazer,2,72.23,20,115.57,13.08,30.26,Credit Card,2023,2,February,Q1,Saturday,26.1832655533443,144.46249999999998,28.892499999999984
ORD-10837,2023-02-19,Jamal Zhang,Consumer,Nigeria,Middle East & Africa,Clothing & Accessories,Leather Belt Classic,3,35.6,5,101.46,15.03,33.03,Credit Card,2023,2,February,Q1,Sunday,32.55470136014193,106.8,5.340000000000003
ORD-10855,2023-02-19,Felix Johansson,Consumer,Canada,North America,Office Supplies,Sticky Notes Multicolor 6-Pack,5,4.37,15,18.57,11.28,-2.54,PayPal,2023,2,February,Q1,Sunday,-13.677975228863758,21.847058823529412,3.277058823529412
ORD-11065,2023-02-19,Priya Wang,Consumer,France,Europe,Clothing & Accessories,Silk Tie Collection,2,20.92,0,41.84,10.6,10.32,Cash on Delivery,2023,2,February,Q1,Sunday,24.665391969407263,41.84,0.0
ORD-11922,2023-02-20,Sophie Park,Consumer,Mexico,North America,Clothing & Accessories,Leather Belt Classic,4,54.4,5,206.72,7.53,90.39,Cash on Delivery,2023,2,February,Q1,Monday,43.72581269349845,217.60000000000002,10.880000000000024
ORD-10594,2023-02-21,Ayumi Khan,Consumer,United States,North America,Technology,Smart LED Desk Lamp,8,72.89,0,583.12,14.27,248.13,Credit Card,2023,2,February,Q1,Tuesday,42.552133351625734,583.12,0.0
ORD-11419,2023-02-21,Michael Davis,Consumer,China,Asia Pacific,Furniture,Desk Organizer Set,6,54.39,0,326.34,17.34,113.2,PayPal,2023,2,February,Q1,Tuesday,34.687748973463265,326.34,0.0
ORD-11624,2023-02-21,Felix Thompson,Consumer,Canada,North America,Furniture,Ergonomic Office Chair,6,472.56,0,2835.36,19.09,1115.05,PayPal,2023,2,February,Q1,Tuesday,39.32657581400598,2835.36,0.0
ORD-11855,2023-02-21,Hans Johnson,Consumer,Australia,Asia Pacific,Technology,Noise Cancelling Earbuds,1,133.63,0,133.63,9.94,50.19,PayPal,2023,2,February,Q1,Tuesday,37.55893137768465,133.63,0.0
ORD-10843,2023-02-22,Jennifer Moreau,Corporate,Canada,North America,Technology,Tablet Stand Holder,2,32.06,0,64.12,7.82,21.03,Cash on Delivery,2023,2,February,Q1,Wednesday,32.79787897691828,64.12,0.0
ORD-11306,2023-02-22,Mia Müller,Home Office,United Kingdom,Europe,Technology,Wireless Ergonomic Mouse,4,36.01,15,122.43,10.44,32.77,Credit Card,2023,2,February,Q1,Wednesday,26.76631544556073,144.03529411764708,21.605294117647077
ORD-10392,2023-02-23,Priya Martinez,Corporate,United States,North America,Office Supplies,Paper Clips Box 500pc,4,7.24,10,26.06,8.85,4.18,Credit Card,2023,2,February,Q1,Thursday,16.039907904834998,28.955555555555552,2.8955555555555534
ORD-11302,2023-02-23,Fatima Suzuki,Home Office,Brazil,South America,Technology,Wireless Ergonomic Mouse,3,60.99,0,182.97,12.03,70.31,Credit Card,2023,2,February,Q1,Thursday,38.42706454610045,182.97,0.0
ORD-11205,2023-02-24,Zara White,Consumer,France,Europe,Office Supplies,Binder Clips Assorted 48pc,6,7.14,0,42.84,12.59,10.97,PayPal,2023,2,February,Q1,Friday,25.60690943043884,42.84,0.0
ORD-10892,2023-02-25,Felix Moreau,Consumer,Spain,Europe,Office Supplies,Sticky Notes Multicolor 6-Pack,2,8.06,15,13.7,10.44,-3.99,Bank Transfer,2023,2,February,Q1,Saturday,-29.124087591240876,16.11764705882353,2.4176470588235297
ORD-11175,2023-02-25,Ethan Hassan,Corporate,China,Asia Pacific,Clothing & Accessories,Travel Backpack 30L,2,31.71,5,60.25,10.63,17.91,Bank Transfer,2023,2,February,Q1,Saturday,29.726141078838175,63.42105263157895,3.1710526315789522
ORD-11598,2023-02-26,Ingrid Schmidt,Consumer,Italy,Europe,Furniture,Folding Table Portable,6,82.3,0,493.8,12.43,185.09,PayPal,2023,2,February,Q1,Sunday,37.482786553260425,493.8,0.0
ORD-10113,2023-02-27,Mia Harris,Consumer,United States,North America,Technology,Webcam HD 1080p,1,77.48,0,77.48,7.16,27.71,PayPal,2023,2,February,Q1,Monday,35.764068146618484,77.48,0.0
ORD-10646,2023-02-27,Sophie Harris,Consumer,Argentina,South America,Office Supplies,Paper Clips Box 500pc,9,7.24,0,65.16,18.95,16.89,PayPal,2023,2,February,Q1,Monday,25.92081031307551,65.16,0.0
ORD-11378,2023-02-27,Michael Hassan,Corporate,India,Asia Pacific,Office Supplies,Ballpoint Pen Pack 12,12,5.63,5,64.18,31.26,2.52,Credit Card,2023,2,February,Q1,Monday,3.9264568401371136,67.55789473684212,3.3778947368421086
ORD-11900,2023-02-27,Oscar Jones,Consumer,Canada,North America,Clothing & Accessories,Silk Tie Collection,2,26.25,10,47.25,6.27,14.73,Credit Card,2023,2,February,Q1,Monday,31.174603174603178,52.5,5.25
ORD-11523,2023-03-01,Giulia Ali,Consumer,South Korea,Asia Pacific,Technology,Noise Cancelling Earbuds,2,135.29,0,270.58,10.07,111.69,Cash on Delivery,2023,3,March,Q1,Wednesday,41.27799541725183,270.58,0.0
ORD-10233,2023-03-02,Fatima Rossi,Consumer,Australia,Asia Pacific,Furniture,Desk Organizer Set,1,24.66,0,24.66,11.27,-1.41,Credit Card,2023,3,March,Q1,Thursday,-5.7177615571776155,24.66,0.0
ORD-10605,2023-03-02,Yuki Patel,Corporate,Japan,Asia Pacific,Technology,Mechanical Gaming Keyboard,4,165.1,5,627.38,15.44,248.72,Credit Card,2023,3,March,Q1,Thursday,39.64423475405655,660.4,33.01999999999998
ORD-10907,2023-03-02,Mia Clark,Consumer,Italy,Europe,Office Supplies,Stapler Full-Size,2,11.57,25,17.36,8.09,-1.14,Cash on Delivery,2023,3,March,Q1,Thursday,-6.566820276497695,23.146666666666665,5.786666666666665
ORD-11202,2023-03-02,Mary Smith,Home Office,United States,North America,Furniture,Mesh Back Task Chair,1,113.52,10,102.17,7.35,26.71,Credit Card,2023,3,March,Q1,Thursday,26.14270333757463,113.52222222222223,11.352222222222224
ORD-11294,2023-03-02,Ayumi Suzuki,Corporate,Australia,Asia Pacific,Office Supplies,Whiteboard Markers Set 8,4,9.18,20,29.38,12.6,0.26,PayPal,2023,3,March,Q1,Thursday,0.8849557522123894,36.724999999999994,7.344999999999995
ORD-11673,2023-03-02,Elizabeth Moreau,Home Office,Australia,Asia Pacific,Technology,Wireless Bluetooth Headphones,2,201.32,0,402.64,13.72,167.47,PayPal,2023,3,March,Q1,Thursday,41.59298629048281,402.64,0.0
ORD-11217,2023-03-04,Jamal Martinez,Consumer,Canada,North America,Technology,Mechanical Gaming Keyboard,9,90.24,10,730.94,18.86,265.39,Credit Card,2023,3,March,Q1,Saturday,36.30804169972911,812.1555555555556,81.21555555555551
ORD-10246,2023-03-05,Barbara Ali,Corporate,Australia,Asia Pacific,Office Supplies,Stapler Full-Size,1,18.57,0,18.57,9.91,0.3,Credit Card,2023,3,March,Q1,Sunday,1.615508885298869,18.57,0.0
ORD-11135,2023-03-06,Lucas Anderson,Consumer,United Kingdom,Europe,Clothing & Accessories,Polarized Sunglasses,3,29.57,10,79.84,10.88,24.6,Bank Transfer,2023,3,March,Q1,Monday,30.811623246492985,88.71111111111111,8.871111111111105
ORD-10620,2023-03-07,Omar Garcia,Consumer,China,Asia Pacific,Office Supplies,Premium Notebook Set A5,1,11.17,20,8.94,10.07,-6.16,Credit Card,2023,3,March,Q1,Tuesday,-68.90380313199105,11.174999999999999,2.2349999999999994
ORD-11279,2023-03-07,Clara Miller,Consumer,United States,North America,Office Supplies,Tape Dispenser Heavy Duty,8,20.92,0,167.36,18.97,73.08,Bank Transfer,2023,3,March,Q1,Tuesday,43.66634799235181,167.36,0.0
ORD-10124,2023-03-08,David Harris,Corporate,Italy,Europe,Office Supplies,Whiteboard Markers Set 8,5,11.95,10,53.77,14.79,12.09,Credit Card,2023,3,March,Q1,Wednesday,22.48465687186163,59.74444444444445,5.974444444444444
ORD-10242,2023-03-08,James Chen,Home Office,Spain,Europe,Furniture,Folding Table Portable,3,59.88,20,143.71,9.34,26.59,Bank Transfer,2023,3,March,Q1,Wednesday,18.502539837172083,179.6375,35.92749999999998
ORD-10915,2023-03-08,Ahmed Harris,Consumer,Brazil,South America,Furniture,Floating Wall Shelves Set,6,99.69,0,598.14,18.01,221.25,Credit Card,2023,3,March,Q1,Wednesday,36.9896679707092,598.14,0.0
ORD-11632,2023-03-08,Elizabeth Ahmed,Corporate,Brazil,South America,Furniture,Ergonomic Office Chair,1,354.67,5,336.94,12.41,111.73,Credit Card,2023,3,March,Q1,Wednesday,33.16020656496706,354.67368421052635,17.73368421052635
ORD-11184,2023-03-09,Fatima Kumar,Consumer,UAE,Middle East & Africa,Office Supplies,Premium Notebook Set A5,4,22.67,0,90.68,14.32,35.55,Bank Transfer,2023,3,March,Q1,Thursday,39.20379355977062,90.68,0.0
ORD-10874,2023-03-10,Mia Martin,Corporate,Canada,North America,Office Supplies,Binder Clips Assorted 48pc,4,5.48,5,20.82,12.0,-1.04,Cash on Delivery,2023,3,March,Q1,Friday,-4.995196926032661,21.91578947368421,1.09578947368421
ORD-11668,2023-03-10,Robert Robinson,Home Office,Italy,Europe,Technology,Mechanical Gaming Keyboard,8,107.75,10,775.8,14.93,286.77,Credit Card,2023,3,March,Q1,Friday,36.964423820572314,861.9999999999999,86.19999999999993
ORD-11260,2023-03-11,Liam Jones,Consumer,Italy,Europe,Office Supplies,Binder Clips Assorted 48pc,1,11.11,0,11.11,8.11,-2.0,Cash on Delivery,2023,3,March,Q1,Saturday,-18.001800180018,11.11,0.0
ORD-10953,2023-03-12,Emma Johnson,Corporate,Italy,Europe,Technology,Smart LED Desk Lamp,2,27.32,10,49.18,10.1,9.03,Credit Card,2023,3,March,Q1,Sunday,18.361122407482718,54.644444444444446,5.464444444444446
ORD-10521,2023-03-13,Mia Santos,Consumer,South Korea,Asia Pacific,Office Supplies,Premium Notebook Set A5,5,19.74,0,98.7,17.03,37.26,Credit Card,2023,3,March,Q1,Monday,37.75075987841945,98.7,0.0
ORD-11545,2023-03-13,Susan Kim,Consumer,South Africa,Middle East & Africa,Clothing & Accessories,Travel Backpack 30L,3,70.31,0,210.93,15.46,90.0,PayPal,2023,3,March,Q1,Monday,42.66818375764472,210.93,0.0
ORD-10070,2023-03-15,Amir Khan,Corporate,Nigeria,Middle East & Africa,Technology,Portable External SSD 1TB,5,149.77,10,673.97,14.48,247.62,PayPal,2023,3,March,Q1,Wednesday,36.74050773773313,748.8555555555556,74.88555555555558
ORD-11006,2023-03-15,Barbara Leroy,Home Office,Mexico,North America,Technology,Mechanical Gaming Keyboard,2,54.94,0,109.88,8.77,40.68,Credit Card,2023,3,March,Q1,Wednesday,37.02220604295595,109.88,0.0
ORD-10744,2023-03-16,Thomas Patel,Consumer,Brazil,South America,Clothing & Accessories,Polarized Sunglasses,5,61.18,10,275.31,14.66,107.7,Credit Card,2023,3,March,Q1,Thursday,39.11953797537321,305.9,30.589999999999975
ORD-10861,2023-03-16,Isabella Martin,Consumer,China,Asia Pacific,Office Supplies,Binder Clips Assorted 48pc,2,14.59,0,29.18,12.25,3.8,PayPal,2023,3,March,Q1,Thursday,13.022618231665522,29.18,0.0
ORD-10676,2023-03-17,Wei Chen,Consumer,Saudi Arabia,Middle East & Africa,Technology,Mechanical Gaming Keyboard,3,174.46,0,523.38,14.65,220.87,Credit Card,2023,3,March,Q1,Friday,42.200695479384,523.38,0.0
ORD-11064,2023-03-18,Karen Jackson,Consumer,Japan,Asia Pacific,Clothing & Accessories,Polarized Sunglasses,1,28.85,15,24.52,10.81,-0.72,Cash on Delivery,2023,3,March,Q1,Saturday,-2.936378466557912,28.847058823529412,4.327058823529413
ORD-11786,2023-03-18,Felix Santos,Home Office,United Kingdom,Europe,Furniture,Corner L-Shaped Desk,3,323.91,15,825.97,9.35,233.58,PayPal,2023,3,March,Q1,Saturday,28.279477462861845,971.7294117647059,145.75941176470587
ORD-10637,2023-03-19,Mia Weber,Consumer,United States,North America,Office Supplies,Highlighters Neon Pack 6,2,11.39,0,22.78,8.57,3.96,Bank Transfer,2023,3,March,Q1,Sunday,17.38366988586479,22.78,0.0
ORD-10863,2023-03-21,Jessica Anderson,Consumer,UAE,Middle East & Africa,Furniture,Floating Wall Shelves Set,5,64.1,5,304.47,17.49,94.68,Credit Card,2023,3,March,Q1,Tuesday,31.096659769435416,320.4947368421053,16.024736842105256
ORD-11917,2023-03-22,Fatima Li,Consumer,United States,North America,Office Supplies,Desk Calendar 2025,2,6.29,0,12.58,7.22,-0.3,Bank Transfer,2023,3,March,Q1,Wednesday,-2.3847376788553256,12.58,0.0
ORD-10020,2023-03-23,Pierre Yamamoto,Consumer,Saudi Arabia,Middle East & Africa,Furniture,Folding Table Portable,2,90.87,0,181.74,14.68,58.02,Credit Card,2023,3,March,Q1,Thursday,31.92472763288214,181.74,0.0
ORD-11090,2023-03-23,Hanna Jones,Corporate,China,Asia Pacific,Furniture,Corner L-Shaped Desk,12,334.56,5,3813.98,35.07,1370.08,PayPal,2023,3,March,Q1,Thursday,35.92257956255669,4014.7157894736843,200.73578947368424
ORD-11712,2023-03-23,Felix Park,Consumer,Colombia,South America,Furniture,Floating Wall Shelves Set,4,68.83,0,275.32,19.78,90.35,Bank Transfer,2023,3,March,Q1,Thursday,32.81635914572134,275.32,0.0
ORD-10887,2023-03-24,Mia Ferrari,Consumer,India,Asia Pacific,Clothing & Accessories,Sports Water Bottle 750ml,2,10.37,0,20.74,12.31,-1.94,PayPal,2023,3,March,Q1,Friday,-9.35390549662488,20.74,0.0
ORD-11156,2023-03-25,Omar Leroy,Corporate,Canada,North America,Clothing & Accessories,Cotton Formal Shirt,2,52.89,0,105.78,6.27,46.62,Cash on Delivery,2023,3,March,Q1,Saturday,44.07260351673284,105.78,0.0
ORD-11633,2023-03-25,Carlos Smith,Home Office,United States,North America,Furniture,Desk Organizer Set,11,30.48,0,335.28,29.96,104.15,Credit Card,2023,3,March,Q1,Saturday,31.063588642328803,335.28,0.0
ORD-10103,2023-03-26,Barbara Russo,Corporate,Spain,Europe,Clothing & Accessories,Silk Tie Collection,3,24.22,5,69.03,8.87,23.83,Credit Card,2023,3,March,Q1,Sunday,34.52122265681587,72.66315789473684,3.63315789473684
ORD-10132,2023-03-26,Fatima Singh,Corporate,Argentina,South America,Technology,Wireless Bluetooth Headphones,5,239.45,5,1137.39,14.61,464.29,PayPal,2023,3,March,Q1,Sunday,40.82065078820809,1197.2526315789476,59.86263157894746
ORD-11007,2023-03-26,Olga Russo,Consumer,Australia,Asia Pacific,Furniture,Filing Cabinet 3-Drawer,4,210.65,0,842.6,11.11,325.93,Credit Card,2023,3,March,Q1,Sunday,38.68146214099217,842.6,0.0
ORD-10395,2023-03-27,Emma Pereira,Consumer,Canada,North America,Clothing & Accessories,Wool Blend Scarf,9,32.74,10,265.19,19.15,98.71,PayPal,2023,3,March,Q1,Monday,37.22236886760435,294.65555555555557,29.465555555555568
ORD-11318,2023-03-27,Thomas Chen,Consumer,Spain,Europe,Clothing & Accessories,Business Casual Blazer,3,135.29,10,365.28,9.08,153.26,Credit Card,2023,3,March,Q1,Monday,41.95685501533071,405.8666666666666,40.586666666666645
ORD-10252,2023-03-29,Carlos Anderson,Home Office,Saudi Arabia,Middle East & Africa,Clothing & Accessories,Polarized Sunglasses,6,30.52,0,183.12,21.14,70.42,Credit Card,2023,3,March,Q1,Wednesday,38.45565749235474,183.12,0.0
ORD-10450,2023-03-29,Ayumi Johnson,Consumer,Mexico,North America,Technology,Noise Cancelling Earbuds,4,113.34,15,385.36,8.19,127.82,PayPal,2023,3,March,Q1,Wednesday,33.16898484533942,453.36470588235295,68.00470588235294
ORD-11088,2023-03-29,Hans Santos,Consumer,Canada,North America,Office Supplies,Premium Notebook Set A5,5,11.27,5,53.53,12.0,16.17,Bank Transfer,2023,3,March,Q1,Wednesday,30.20736035867738,56.347368421052636,2.8173684210526346
ORD-11452,2023-03-29,Thomas Oliveira,Corporate,United States,North America,Office Supplies,Paper Clips Box 500pc,1,5.67,15,4.82,5.95,-3.68,Credit Card,2023,3,March,Q1,Wednesday,-76.34854771784232,5.670588235294118,0.8505882352941176
ORD-11478,2023-03-29,Oscar Taylor,Home Office,China,Asia Pacific,Technology,Portable External SSD 1TB,1,116.12,10,104.51,10.18,30.46,Credit Card,2023,3,March,Q1,Wednesday,29.14553631231461,116.12222222222222,11.612222222222215
ORD-11231,2023-03-30,Emma Brown,Consumer,Spain,Europe,Technology,Portable External SSD 1TB,1,85.63,5,81.35,8.86,25.39,Bank Transfer,2023,3,March,Q1,Thursday,31.21081745543946,85.63157894736842,4.2815789473684305
ORD-11479,2023-03-31,Susan White,Corporate,Japan,Asia Pacific,Furniture,Filing Cabinet 3-Drawer,1,199.74,20,159.79,9.67,30.28,Cash on Delivery,2023,3,March,Q1,Friday,18.949871706614935,199.73749999999998,39.94749999999999
ORD-10821,2023-04-01,Nadia Weber,Consumer,Italy,Europe,Technology,Smart LED Desk Lamp,2,34.22,0,68.44,9.22,21.58,PayPal,2023,4,April,Q2,Saturday,31.531268264172997,68.44,0.0
ORD-11766,2023-04-01,James Anderson,Corporate,United States,North America,Clothing & Accessories,Cotton Formal Shirt,3,37.69,30,79.15,7.34,15.28,PayPal,2023,4,April,Q2,Saturday,19.30511686670878,113.07142857142858,33.92142857142858
ORD-11000,2023-04-02,Olga Zhang,Corporate,South Africa,Middle East & Africa,Clothing & Accessories,Cotton Formal Shirt,1,42.86,5,40.72,12.14,7.15,Bank Transfer,2023,4,April,Q2,Sunday,17.558939096267192,42.863157894736844,2.143157894736845
ORD-11002,2023-04-02,Nadia Santos,Consumer,Argentina,South America,Technology,Tablet Stand Holder,4,24.85,15,84.49,15.38,14.44,PayPal,2023,4,April,Q2,Sunday,17.090779973961414,99.39999999999999,14.909999999999997
ORD-11631,2023-04-02,Lucas Kim,Consumer,Saudi Arabia,Middle East & Africa,Furniture,Standing Desk Converter,6,241.26,0,1447.56,14.56,564.46,Credit Card,2023,4,April,Q2,Sunday,38.993893171958334,1447.56,0.0
ORD-11784,2023-04-02,Hans Laurent,Consumer,South Africa,Middle East & Africa,Furniture,Floating Wall Shelves Set,1,67.62,0,67.62,11.63,15.42,Cash on Delivery,2023,4,April,Q2,Sunday,22.803904170363793,67.62,0.0
ORD-10578,2023-04-03,William Nilsson,Corporate,Spain,Europe,Furniture,Ergonomic Office Chair,1,268.98,0,268.98,8.56,99.03,Credit Card,2023,4,April,Q2,Monday,36.81686370733883,268.98,0.0
ORD-10306,2023-04-04,James Sharma,Corporate,Mexico,North America,Office Supplies,Ballpoint Pen Pack 12,3,9.65,5,27.5,10.62,3.85,PayPal,2023,4,April,Q2,Tuesday,14.000000000000002,28.947368421052634,1.4473684210526336
ORD-10532,2023-04-04,Ava Ferrari,Home Office,Colombia,South America,Technology,Noise Cancelling Earbuds,2,139.15,5,264.38,12.48,98.83,Cash on Delivery,2023,4,April,Q2,Tuesday,37.38179892578864,278.2947368421053,13.914736842105299
ORD-10903,2023-04-04,Priya Zhang,Corporate,Mexico,North America,Office Supplies,Desk Calendar 2025,2,15.49,10,27.88,6.07,7.87,PayPal,2023,4,April,Q2,Tuesday,28.228120516499285,30.977777777777774,3.0977777777777753
ORD-11253,2023-04-04,Richard Harris,Corporate,France,Europe,Technology,Tablet Stand Holder,6,25.63,15,130.71,17.72,28.41,Credit Card,2023,4,April,Q2,Tuesday,21.735138857011705,153.7764705882353,23.06647058823529
ORD-11610,2023-04-04,Richard Ali,Consumer,Mexico,North America,Office Supplies,Stapler Full-Size,1,13.0,5,12.35,5.81,0.69,Bank Transfer,2023,4,April,Q2,Tuesday,5.587044534412955,13.0,0.6500000000000004
ORD-10071,2023-04-05,Richard Müller,Consumer,United States,North America,Furniture,Ergonomic Office Chair,2,252.68,0,505.36,8.12,194.02,PayPal,2023,4,April,Q2,Wednesday,38.39243311698591,505.36,0.0
ORD-10207,2023-04-05,Diego Johansson,Consumer,Japan,Asia Pacific,Technology,Wireless Ergonomic Mouse,8,20.81,0,166.48,20.3,54.62,Cash on Delivery,2023,4,April,Q2,Wednesday,32.808745795290726,166.48,0.0
ORD-11995,2023-04-05,Jamal Ferrari,Consumer,India,Asia Pacific,Office Supplies,Binder Clips Assorted 48pc,2,12.65,15,21.5,12.32,-2.21,PayPal,2023,4,April,Q2,Wednesday,-10.279069767441861,25.294117647058822,3.7941176470588225
ORD-10176,2023-04-06,Li Pereira,Corporate,India,Asia Pacific,Clothing & Accessories,Canvas Messenger Bag,3,83.46,0,250.38,16.07,109.12,Credit Card,2023,4,April,Q2,Thursday,43.581755731288446,250.38,0.0
ORD-11066,2023-04-07,Olga Leroy,Home Office,Germany,Europe,Technology,Laptop Stand Adjustable,3,57.89,5,164.99,9.48,59.99,PayPal,2023,4,April,Q2,Friday,36.35977938056852,173.67368421052635,8.683684210526337
ORD-11988,2023-04-07,Michael Yamamoto,Corporate,Colombia,South America,Technology,Mechanical Gaming Keyboard,1,133.59,0,133.59,12.48,47.64,Credit Card,2023,4,April,Q2,Friday,35.66135189759713,133.59,0.0
ORD-10274,2023-04-09,Michael Ferrari,Home Office,Japan,Asia Pacific,Office Supplies,Binder Clips Assorted 48pc,1,9.89,5,9.4,10.9,-5.95,Credit Card,2023,4,April,Q2,Sunday,-63.297872340425535,9.894736842105264,0.49473684210526336
ORD-10840,2023-04-09,Priya Park,Consumer,Canada,North America,Office Supplies,Tape Dispenser Heavy Duty,6,17.86,5,101.8,11.87,41.71,Credit Card,2023,4,April,Q2,Sunday,40.97249508840864,107.15789473684211,5.357894736842113
ORD-11333,2023-04-09,Olga Hassan,Corporate,South Korea,Asia Pacific,Furniture,Desk Organizer Set,4,58.82,10,211.75,13.12,57.46,PayPal,2023,4,April,Q2,Sunday,27.1357733175915,235.27777777777777,23.52777777777777
ORD-11079,2023-04-10,Maria Schmidt,Consumer,South Korea,Asia Pacific,Technology,Laptop Stand Adjustable,3,63.4,20,152.16,12.26,35.29,Credit Card,2023,4,April,Q2,Monday,23.19269190325973,190.2,38.03999999999999
ORD-11868,2023-04-10,Maria Martinez,Consumer,Mexico,North America,Technology,Mechanical Gaming Keyboard,1,133.59,10,120.23,6.48,40.28,PayPal,2023,4,April,Q2,Monday,33.50245363054146,133.5888888888889,13.358888888888899
ORD-11664,2023-04-13,Hans Fischer,Corporate,Canada,North America,Furniture,Mesh Back Task Chair,2,244.78,10,440.6,9.82,137.04,PayPal,2023,4,April,Q2,Thursday,31.10304130730821,489.55555555555554,48.95555555555552
ORD-11912,2023-04-13,Lucas Chen,Consumer,Australia,Asia Pacific,Office Supplies,Whiteboard Markers Set 8,4,13.89,0,55.56,18.26,12.3,Credit Card,2023,4,April,Q2,Thursday,22.138228941684666,55.56,0.0
ORD-11921,2023-04-14,Priya Jones,Consumer,Saudi Arabia,Middle East & Africa,Office Supplies,Sticky Notes Multicolor 6-Pack,2,4.54,0,9.08,13.77,-8.78,PayPal,2023,4,April,Q2,Friday,-96.69603524229075,9.08,0.0
ORD-10551,2023-04-15,Sophie Thomas,Consumer,Nigeria,Middle East & Africa,Furniture,Standing Desk Converter,4,257.6,25,772.8,19.79,134.77,Bank Transfer,2023,4,April,Q2,Saturday,17.43918219461698,1030.3999999999999,257.5999999999999
ORD-10091,2023-04-16,Jessica Sato,Consumer,Australia,Asia Pacific,Clothing & Accessories,Travel Backpack 30L,1,55.0,5,52.25,9.81,14.94,PayPal,2023,4,April,Q2,Sunday,28.593301435406698,55.0,2.75
ORD-10434,2023-04-16,Giulia Brown,Corporate,South Korea,Asia Pacific,Office Supplies,Paper Clips Box 500pc,4,8.66,5,32.91,11.66,5.66,PayPal,2023,4,April,Q2,Sunday,17.198419933151023,34.642105263157895,1.732105263157898
ORD-11552,2023-04-16,Li Taylor,Consumer,Mexico,North America,Technology,Portable External SSD 1TB,2,94.43,10,169.97,6.86,59.24,PayPal,2023,4,April,Q2,Sunday,34.853209389892335,188.85555555555555,18.885555555555555
ORD-10330,2023-04-17,Ahmed Miller,Consumer,France,Europe,Technology,Wireless Bluetooth Headphones,6,209.9,5,1196.43,17.2,486.56,Credit Card,2023,4,April,Q2,Monday,40.66765293414575,1259.4,62.97000000000003
ORD-10769,2023-04-18,Barbara Thomas,Corporate,UAE,Middle East & Africa,Technology,Wireless Bluetooth Headphones,9,67.71,0,609.39,21.43,252.8,PayPal,2023,4,April,Q2,Tuesday,41.48410705787755,609.39,0.0
ORD-10427,2023-04-19,Clara Oliveira,Consumer,Canada,North America,Technology,Noise Cancelling Earbuds,2,171.32,15,291.24,9.46,93.33,Credit Card,2023,4,April,Q2,Wednesday,32.045735475896166,342.6352941176471,51.3952941176471
ORD-11810,2023-04-19,Carlos Wang,Corporate,United States,North America,Technology,Wireless Bluetooth Headphones,3,82.93,20,199.03,12.36,49.84,PayPal,2023,4,April,Q2,Wednesday,25.04145103753203,248.7875,49.75749999999999
ORD-11212,2023-04-20,Li White,Corporate,Japan,Asia Pacific,Technology,Webcam HD 1080p,4,57.09,15,194.11,11.38,57.13,Credit Card,2023,4,April,Q2,Thursday,29.431765493792177,228.36470588235295,34.25470588235294
ORD-10667,2023-04-21,Felix Miller,Consumer,South Korea,Asia Pacific,Clothing & Accessories,Canvas Messenger Bag,1,54.74,0,54.74,10.89,16.48,Credit Card,2023,4,April,Q2,Friday,30.105955425648517,54.74,0.0
ORD-11292,2023-04-21,Sakura Dubois,Consumer,Germany,Europe,Furniture,Filing Cabinet 3-Drawer,10,136.46,15,1159.91,17.75,323.4,Cash on Delivery,2023,4,April,Q2,Friday,27.881473562603993,1364.6000000000001,204.69000000000005
ORD-11731,2023-04-21,Barbara Suzuki,Consumer,Canada,North America,Furniture,Corner L-Shaped Desk,2,308.79,0,617.58,7.21,239.82,Credit Card,2023,4,April,Q2,Friday,38.83221606917322,617.58,0.0
ORD-11224,2023-04-22,Zara Patel,Corporate,South Africa,Middle East & Africa,Furniture,Bookshelf 5-Tier,3,180.81,20,433.94,18.2,90.28,PayPal,2023,4,April,Q2,Saturday,20.80471954648108,542.425,108.48499999999996
ORD-10468,2023-04-23,Wei Johansson,Corporate,India,Asia Pacific,Furniture,Desk Organizer Set,1,54.96,10,49.46,10.74,5.74,Credit Card,2023,4,April,Q2,Sunday,11.605337646583097,54.955555555555556,5.495555555555555
ORD-11700,2023-04-24,Sarah Robinson,Home Office,Germany,Europe,Furniture,Filing Cabinet 3-Drawer,1,137.26,10,123.53,8.47,32.7,PayPal,2023,4,April,Q2,Monday,26.47130251760706,137.25555555555556,13.725555555555559
ORD-10377,2023-04-25,Omar Williams,Corporate,Japan,Asia Pacific,Clothing & Accessories,Wool Blend Scarf,6,30.66,10,165.56,22.41,51.17,Cash on Delivery,2023,4,April,Q2,Tuesday,30.90722396714182,183.95555555555555,18.395555555555546
ORD-11553,2023-04-25,Karen Moreau,Consumer,China,Asia Pacific,Clothing & Accessories,Leather Belt Classic,1,46.16,5,43.85,11.08,9.69,Credit Card,2023,4,April,Q2,Tuesday,22.09806157354618,46.15789473684211,2.3078947368421083
ORD-11888,2023-04-25,Christopher Park,Consumer,Germany,Europe,Clothing & Accessories,Canvas Messenger Bag,4,45.58,5,173.2,12.2,69.84,Bank Transfer,2023,4,April,Q2,Tuesday,40.32332563510393,182.31578947368422,9.11578947368423
ORD-10102,2023-04-26,Kenji Jones,Consumer,India,Asia Pacific,Furniture,Standing Desk Converter,2,177.6,0,355.2,13.33,128.75,Credit Card,2023,4,April,Q2,Wednesday,36.24718468468468,355.2,0.0
ORD-11008,2023-04-26,Marco Taylor,Consumer,Mexico,North America,Furniture,Bookshelf 5-Tier,3,192.55,0,577.65,10.26,220.8,Credit Card,2023,4,April,Q2,Wednesday,38.223837964165156,577.65,0.0
ORD-11204,2023-04-29,Li Yamamoto,Consumer,China,Asia Pacific,Technology,Tablet Stand Holder,1,17.84,5,16.95,11.04,-3.9,Credit Card,2023,4,April,Q2,Saturday,-23.008849557522122,17.842105263157894,0.8921052631578945
ORD-10826,2023-04-30,Ava Fischer,Corporate,Australia,Asia Pacific,Office Supplies,Ballpoint Pen Pack 12,4,8.59,5,32.64,11.51,5.67,Credit Card,2023,4,April,Q2,Sunday,17.371323529411764,34.357894736842105,1.717894736842105
ORD-11363,2023-05-01,Mia Smith,Consumer,Canada,North America,Technology,Tablet Stand Holder,1,29.87,0,29.87,6.43,7.01,Bank Transfer,2023,5,May,Q2,Monday,23.468362905925677,29.87,0.0
ORD-10202,2023-05-02,Ivan Anderson,Corporate,China,Asia Pacific,Office Supplies,Tape Dispenser Heavy Duty,3,12.78,5,36.42,14.72,4.45,Credit Card,2023,5,May,Q2,Tuesday,12.218561230093355,38.33684210526316,1.9168421052631572
ORD-10462,2023-05-03,Raj Thomas,Consumer,Mexico,North America,Technology,Laptop Stand Adjustable,3,71.84,0,215.52,8.56,88.42,Cash on Delivery,2023,5,May,Q2,Wednesday,41.026354862657755,215.52,0.0
ORD-11586,2023-05-04,Jamal Schmidt,Home Office,South Korea,Asia Pacific,Office Supplies,Whiteboard Markers Set 8,2,6.24,20,9.98,13.23,-8.87,Credit Card,2023,5,May,Q2,Thursday,-88.87775551102203,12.475,2.494999999999999
ORD-10703,2023-05-05,Priya Chen,Home Office,Mexico,North America,Office Supplies,Sticky Notes Multicolor 6-Pack,2,12.15,10,21.87,9.48,1.46,Cash on Delivery,2023,5,May,Q2,Friday,6.675811614083218,24.3,2.4299999999999997
ORD-10828,2023-05-05,Kenji Romano,Consumer,China,Asia Pacific,Clothing & Accessories,Canvas Messenger Bag,1,88.39,15,75.13,11.2,19.73,PayPal,2023,5,May,Q2,Friday,26.26114734460269,88.38823529411765,13.258235294117654
ORD-10652,2023-05-06,Pierre Fischer,Consumer,Japan,Asia Pacific,Technology,Wireless Bluetooth Headphones,5,181.39,0,906.95,13.61,394.52,Bank Transfer,2023,5,May,Q2,Saturday,43.49964165610011,906.95,0.0
ORD-11385,2023-05-06,Ali Miller,Consumer,Mexico,North America,Office Supplies,Stapler Full-Size,1,16.13,15,13.71,6.12,0.33,Cash on Delivery,2023,5,May,Q2,Saturday,2.4070021881838075,16.129411764705885,2.4194117647058846
ORD-11895,2023-05-06,John Robinson,Consumer,Canada,North America,Technology,Laptop Stand Adjustable,2,44.17,5,83.92,6.3,29.03,Credit Card,2023,5,May,Q2,Saturday,34.59246901811249,88.33684210526316,4.416842105263157
ORD-10143,2023-05-08,Wei Sato,Corporate,Australia,Asia Pacific,Office Supplies,Tape Dispenser Heavy Duty,2,11.52,15,19.58,12.1,-2.89,Credit Card,2023,5,May,Q2,Monday,-14.759959141981616,23.03529411764706,3.4552941176470604
ORD-10853,2023-05-10,Amir Garcia,Corporate,France,Europe,Office Supplies,Tape Dispenser Heavy Duty,3,11.58,30,24.32,13.53,-4.84,Credit Card,2023,5,May,Q2,Wednesday,-19.901315789473685,34.74285714285715,10.422857142857147
ORD-10452,2023-05-11,Layla Santos,Corporate,Germany,Europe,Clothing & Accessories,Cotton Formal Shirt,3,25.71,15,65.56,8.88,18.12,Credit Card,2023,5,May,Q2,Thursday,27.638804148871266,77.12941176470589,11.56941176470589
ORD-11484,2023-05-11,Christopher Taylor,Consumer,Canada,North America,Technology,USB-C Hub Multiport Adapter,3,47.53,15,121.2,7.18,35.6,Bank Transfer,2023,5,May,Q2,Thursday,29.372937293729372,142.58823529411765,21.38823529411765
ORD-10623,2023-05-12,Chen Thompson,Consumer,Argentina,South America,Clothing & Accessories,Travel Backpack 30L,3,94.61,20,227.06,16.78,68.37,PayPal,2023,5,May,Q2,Friday,30.110983880912535,283.825,56.764999999999986
ORD-11458,2023-05-12,Barbara Sharma,Corporate,France,Europe,Furniture,Filing Cabinet 3-Drawer,2,248.9,20,398.24,8.23,91.33,Credit Card,2023,5,May,Q2,Friday,22.933406990759337,497.8,99.56
ORD-10609,2023-05-13,Diego Jackson,Corporate,South Korea,Asia Pacific,Technology,Smart LED Desk Lamp,4,62.57,10,225.25,14.99,72.61,PayPal,2023,5,May,Q2,Saturday,32.23529411764706,250.27777777777777,25.02777777777777
ORD-11288,2023-05-13,Ayumi Ahmed,Consumer,South Korea,Asia Pacific,Furniture,Folding Table Portable,15,100.94,5,1438.39,29.26,500.67,Credit Card,2023,5,May,Q2,Saturday,34.80766690535946,1514.0947368421055,75.70473684210538
ORD-10607,2023-05-14,Fatima Laurent,Home Office,Argentina,South America,Technology,USB-C Hub Multiport Adapter,1,55.77,5,52.98,11.25,11.06,PayPal,2023,5,May,Q2,Sunday,20.875802189505478,55.76842105263158,2.788421052631584
ORD-10105,2023-05-15,Olivia Kumar,Corporate,India,Asia Pacific,Furniture,Floating Wall Shelves Set,2,77.49,15,131.73,12.63,26.11,Cash on Delivery,2023,5,May,Q2,Monday,19.820845669171792,154.9764705882353,23.246470588235297
ORD-11298,2023-05-15,Raj Rossi,Consumer,Mexico,North America,Furniture,Bookshelf 5-Tier,4,65.92,5,250.5,13.46,78.83,Credit Card,2023,5,May,Q2,Monday,31.469061876247505,263.6842105263158,13.18421052631578
ORD-11682,2023-05-15,Patricia Dubois,Corporate,Mexico,North America,Furniture,Mesh Back Task Chair,1,121.55,25,91.16,6.6,11.63,PayPal,2023,5,May,Q2,Monday,12.757788503729708,121.54666666666667,30.38666666666667
ORD-10411,2023-05-16,Robert Jackson,Corporate,France,Europe,Clothing & Accessories,Canvas Messenger Bag,2,79.65,10,143.37,10.14,53.58,Credit Card,2023,5,May,Q2,Tuesday,37.3718351119481,159.3,15.930000000000007
ORD-11776,2023-05-16,Jennifer Costa,Consumer,Mexico,North America,Furniture,Standing Desk Converter,3,180.1,10,486.27,8.31,153.78,PayPal,2023,5,May,Q2,Tuesday,31.624406194089705,540.3,54.02999999999997
ORD-11788,2023-05-16,Ivan Li,Home Office,Brazil,South America,Furniture,Bookshelf 5-Tier,3,145.84,15,371.89,14.54,94.84,Credit Card,2023,5,May,Q2,Tuesday,25.50216461857001,437.5176470588235,65.62764705882353
ORD-11227,2023-05-17,Nadia Brown,Home Office,South Korea,Asia Pacific,Office Supplies,Paper Clips Box 500pc,9,3.16,10,25.6,18.23,-5.43,Cash on Delivery,2023,5,May,Q2,Wednesday,-21.2109375,28.444444444444446,2.844444444444445
ORD-10941,2023-05-18,Emma Johansson,Corporate,Canada,North America,Office Supplies,Stapler Full-Size,3,8.2,0,24.6,7.45,6.08,PayPal,2023,5,May,Q2,Thursday,24.715447154471544,24.6,0.0
ORD-11045,2023-05-18,Diego Schmidt,Corporate,South Africa,Middle East & Africa,Furniture,Filing Cabinet 3-Drawer,2,214.52,0,429.04,15.39,156.23,Credit Card,2023,5,May,Q2,Thursday,36.41385418608987,429.04,0.0
ORD-11149,2023-05-18,Clara Jackson,Consumer,Australia,Asia Pacific,Clothing & Accessories,Silk Tie Collection,8,43.71,15,297.23,21.92,100.47,PayPal,2023,5,May,Q2,Thursday,33.80210611311106,349.6823529411765,52.45235294117646
ORD-11329,2023-05-18,Jamal Clark,Consumer,South Korea,Asia Pacific,Furniture,Standing Desk Converter,2,119.77,25,179.66,10.37,25.57,Cash on Delivery,2023,5,May,Q2,Thursday,14.232439051541801,239.54666666666665,59.886666666666656
ORD-11394,2023-05-18,Pierre Fischer,Corporate,Saudi Arabia,Middle East & Africa,Furniture,Mesh Back Task Chair,1,217.82,25,163.37,12.46,20.22,Credit Card,2023,5,May,Q2,Thursday,12.376813368427495,217.82666666666668,54.45666666666668
ORD-11435,2023-05-18,Lucas Khan,Consumer,United States,North America,Furniture,Mesh Back Task Chair,2,295.24,0,590.48,9.07,227.12,PayPal,2023,5,May,Q2,Thursday,38.46362281533667,590.48,0.0
ORD-10336,2023-05-19,Chen Romano,Home Office,France,Europe,Furniture,Filing Cabinet 3-Drawer,1,195.08,5,185.33,9.41,58.87,PayPal,2023,5,May,Q2,Friday,31.76495980143527,195.08421052631581,9.754210526315802
ORD-11513,2023-05-20,Sophie Yamamoto,Consumer,United States,North America,Clothing & Accessories,Leather Wallet Minimalist,5,26.84,0,134.2,17.2,49.9,PayPal,2023,5,May,Q2,Saturday,37.18330849478391,134.2,0.0
ORD-11762,2023-05-22,Hans Johnson,Home Office,India,Asia Pacific,Technology,Tablet Stand Holder,5,15.48,10,69.66,19.74,7.35,PayPal,2023,5,May,Q2,Monday,10.551248923341946,77.39999999999999,7.739999999999995
ORD-10562,2023-05-23,Patricia Müller,Consumer,Mexico,North America,Technology,Webcam HD 1080p,5,54.1,5,256.97,11.43,96.77,Credit Card,2023,5,May,Q2,Tuesday,37.658092384325016,270.4947368421053,13.524736842105256
ORD-10710,2023-05-23,Ahmed Taylor,Home Office,China,Asia Pacific,Technology,Smart LED Desk Lamp,8,37.26,20,238.46,14.6,59.92,PayPal,2023,5,May,Q2,Tuesday,25.127904050993877,298.075,59.61499999999998
ORD-11740,2023-05-25,Zara Rodriguez,Consumer,Mexico,North America,Office Supplies,Tape Dispenser Heavy Duty,4,10.54,15,35.84,10.87,6.0,Bank Transfer,2023,5,May,Q2,Thursday,16.741071428571427,42.16470588235295,6.324705882352944
ORD-10422,2023-05-26,Clara Santos,Corporate,Mexico,North America,Office Supplies,Tape Dispenser Heavy Duty,3,15.84,5,45.14,7.96,15.8,Credit Card,2023,5,May,Q2,Friday,35.002215330084184,47.515789473684215,2.3757894736842147
ORD-11834,2023-05-29,Hanna Davis,Consumer,United Kingdom,Europe,Clothing & Accessories,Travel Backpack 30L,2,33.16,0,66.32,11.38,21.78,Credit Card,2023,5,May,Q2,Monday,32.84077201447528,66.32,0.0
ORD-10942,2023-05-30,Barbara Rossi,Home Office,China,Asia Pacific,Office Supplies,Binder Clips Assorted 48pc,3,14.0,15,35.7,16.47,0.33,Credit Card,2023,5,May,Q2,Tuesday,0.9243697478991597,42.00000000000001,6.300000000000004
ORD-10129,2023-06-01,Oscar Santos,Corporate,Canada,North America,Furniture,Floating Wall Shelves Set,7,54.12,15,322.01,17.46,77.25,Credit Card,2023,6,June,Q2,Thursday,23.989938200677,378.83529411764704,56.82529411764705
ORD-10722,2023-06-01,Patricia Chen,Home Office,United Kingdom,Europe,Furniture,Folding Table Portable,1,118.34,5,112.42,7.66,33.76,Credit Card,2023,6,June,Q2,Thursday,30.030243728873863,118.33684210526316,5.916842105263157
ORD-10845,2023-06-01,Ahmed Dubois,Consumer,Spain,Europe,Office Supplies,Whiteboard Markers Set 8,1,20.28,0,20.28,8.91,2.24,PayPal,2023,6,June,Q2,Thursday,11.045364891518739,20.28,0.0
ORD-10937,2023-06-01,Kenji Robinson,Consumer,Mexico,North America,Furniture,Mesh Back Task Chair,7,263.11,10,1657.59,16.54,535.99,PayPal,2023,6,June,Q2,Thursday,32.335499128252465,1841.7666666666664,184.1766666666665
ORD-11401,2023-06-01,Robert Sharma,Consumer,Australia,Asia Pacific,Furniture,Mesh Back Task Chair,1,271.69,20,217.35,10.66,43.68,Cash on Delivery,2023,6,June,Q2,Thursday,20.096618357487923,271.6875,54.337500000000006
ORD-10069,2023-06-03,Chen Smith,Corporate,Germany,Europe,Furniture,Monitor Riser Wood,4,43.62,15,148.31,15.81,27.81,Cash on Delivery,2023,6,June,Q2,Saturday,18.75126424381363,174.4823529411765,26.172352941176484
ORD-10025,2023-06-04,Kenji Leroy,Corporate,Japan,Asia Pacific,Clothing & Accessories,Leather Belt Classic,6,36.82,10,198.83,13.78,74.59,Credit Card,2023,6,June,Q2,Sunday,37.51445958859327,220.92222222222222,22.092222222222205
ORD-11268,2023-06-04,Richard Li,Consumer,Spain,Europe,Office Supplies,Sticky Notes Multicolor 6-Pack,1,10.08,15,8.57,8.15,-4.12,Credit Card,2023,6,June,Q2,Sunday,-48.07467911318553,10.082352941176472,1.5123529411764718
ORD-11962,2023-06-04,Karen Anderson,Consumer,Italy,Europe,Office Supplies,Highlighters Neon Pack 6,3,6.18,15,15.76,9.18,-1.76,Credit Card,2023,6,June,Q2,Sunday,-11.16751269035533,18.541176470588237,2.781176470588237
ORD-10979,2023-06-05,Zara Kim,Corporate,Mexico,North America,Technology,Laptop Stand Adjustable,8,64.14,15,436.15,22.64,131.29,Credit Card,2023,6,June,Q2,Monday,30.102029118422564,513.1176470588235,76.96764705882356
ORD-10816,2023-06-06,Jennifer Nilsson,Consumer,Japan,Asia Pacific,Technology,Wireless Ergonomic Mouse,1,29.03,5,27.58,10.81,0.8,Credit Card,2023,6,June,Q2,Tuesday,2.9006526468455403,29.03157894736842,1.4515789473684215
ORD-11468,2023-06-06,Christopher Harris,Consumer,Australia,Asia Pacific,Office Supplies,Ballpoint Pen Pack 12,1,6.69,0,6.69,10.56,-6.88,Cash on Delivery,2023,6,June,Q2,Tuesday,-102.84005979073243,6.69,0.0
ORD-11539,2023-06-06,Marco Martin,Consumer,Australia,Asia Pacific,Technology,Laptop Stand Adjustable,4,59.29,20,189.73,13.59,45.7,Cash on Delivery,2023,6,June,Q2,Tuesday,24.086860275127815,237.16249999999997,47.432499999999976
ORD-11609,2023-06-06,Emma Zhang,Corporate,Saudi Arabia,Middle East & Africa,Clothing & Accessories,Leather Wallet Minimalist,1,31.48,5,29.91,12.24,1.93,PayPal,2023,6,June,Q2,Tuesday,6.452691407556001,31.484210526315792,1.5742105263157917
ORD-11707,2023-06-06,David Smith,Corporate,France,Europe,Office Supplies,Stapler Full-Size,3,7.93,0,23.79,14.01,-0.93,PayPal,2023,6,June,Q2,Tuesday,-3.9092055485498114,23.79,0.0
ORD-10177,2023-06-07,Wei Romano,Consumer,Nigeria,Middle East & Africa,Technology,Tablet Stand Holder,6,24.62,5,140.33,24.76,34.32,Credit Card,2023,6,June,Q2,Wednesday,24.456637924891325,147.71578947368423,7.385789473684213
ORD-10817,2023-06-07,Zara Rodriguez,Corporate,United Kingdom,Europe,Technology,Noise Cancelling Earbuds,4,72.94,20,233.41,16.18,56.76,Cash on Delivery,2023,6,June,Q2,Wednesday,24.31772417634206,291.7625,58.35249999999999
ORD-11080,2023-06-07,Zara Ferrari,Consumer,United States,North America,Technology,Wireless Ergonomic Mouse,2,32.45,10,58.41,8.62,14.09,Credit Card,2023,6,June,Q2,Wednesday,24.122581749700394,64.89999999999999,6.489999999999995
ORD-10376,2023-06-08,Omar Garcia,Corporate,China,Asia Pacific,Office Supplies,Highlighters Neon Pack 6,6,5.73,15,29.22,18.91,-5.16,Cash on Delivery,2023,6,June,Q2,Thursday,-17.659137577002053,34.37647058823529,5.156470588235294
ORD-10726,2023-06-08,Hans Yamamoto,Consumer,South Korea,Asia Pacific,Clothing & Accessories,Leather Wallet Minimalist,4,38.87,5,147.71,14.04,55.93,Credit Card,2023,6,June,Q2,Thursday,37.864734953625344,155.4842105263158,7.774210526315784
ORD-11103,2023-06-08,Nadia Costa,Consumer,United States,North America,Office Supplies,Binder Clips Assorted 48pc,2,6.85,0,13.7,7.41,0.12,Credit Card,2023,6,June,Q2,Thursday,0.8759124087591241,13.7,0.0
ORD-10727,2023-06-09,Mia Sharma,Consumer,United States,North America,Furniture,Desk Organizer Set,2,16.26,5,30.89,6.26,5.12,PayPal,2023,6,June,Q2,Friday,16.574943347361607,32.515789473684215,1.6257894736842147
ORD-10772,2023-06-09,William Hassan,Corporate,Saudi Arabia,Middle East & Africa,Technology,Wireless Ergonomic Mouse,1,23.01,5,21.86,13.14,-3.94,Credit Card,2023,6,June,Q2,Friday,-18.023787740164686,23.010526315789473,1.1505263157894738
ORD-11060,2023-06-09,Ali Johansson,Home Office,Saudi Arabia,Middle East & Africa,Office Supplies,Premium Notebook Set A5,4,22.5,15,76.5,20.57,15.43,Cash on Delivery,2023,6,June,Q2,Friday,20.169934640522875,90.0,13.5
ORD-11322,2023-06-10,Amir Chen,Consumer,Canada,North America,Furniture,Ergonomic Office Chair,3,229.47,15,585.15,9.83,162.27,Credit Card,2023,6,June,Q2,Saturday,27.731350935657527,688.4117647058823,103.26176470588234
ORD-10146,2023-06-11,Ethan Park,Home Office,Canada,North America,Furniture,Corner L-Shaped Desk,5,336.47,0,1682.35,15.78,657.16,Credit Card,2023,6,June,Q2,Sunday,39.06202633221387,1682.35,0.0
ORD-11048,2023-06-11,Christopher Robinson,Consumer,Australia,Asia Pacific,Furniture,Bookshelf 5-Tier,2,122.54,0,245.08,11.78,86.25,Credit Card,2023,6,June,Q2,Sunday,35.19259017463685,245.08,0.0
ORD-11155,2023-06-11,Noah Khan,Home Office,United States,North America,Technology,Portable External SSD 1TB,5,88.03,15,374.13,16.63,115.42,Credit Card,2023,6,June,Q2,Sunday,30.850239221660917,440.1529411764706,66.02294117647062
ORD-11376,2023-06-11,Linda Smith,Consumer,United Kingdom,Europe,Furniture,Desk Organizer Set,4,24.66,0,98.64,16.03,23.43,Cash on Delivery,2023,6,June,Q2,Sunday,23.753041362530414,98.64,0.0
ORD-11535,2023-06-11,Isabella Jackson,Consumer,Italy,Europe,Technology,Webcam HD 1080p,3,60.58,10,163.57,9.75,53.86,Credit Card,2023,6,June,Q2,Sunday,32.92779849605674,181.74444444444444,18.174444444444447
ORD-10114,2023-06-12,Sarah Kim,Corporate,United Kingdom,Europe,Technology,Mechanical Gaming Keyboard,3,158.55,15,404.3,11.67,131.02,Credit Card,2023,6,June,Q2,Monday,32.40662874103389,475.64705882352945,71.34705882352944
ORD-11031,2023-06-12,James Suzuki,Corporate,United States,North America,Furniture,Floating Wall Shelves Set,6,43.48,15,221.75,13.94,51.28,Bank Transfer,2023,6,June,Q2,Monday,23.12514092446449,260.88235294117646,39.132352941176464
ORD-11133,2023-06-12,Wei Harris,Consumer,Japan,Asia Pacific,Technology,Laptop Stand Adjustable,15,33.12,0,496.8,38.18,185.38,Credit Card,2023,6,June,Q2,Monday,37.31481481481481,496.8,0.0
ORD-10349,2023-06-13,Thomas Li,Consumer,Mexico,North America,Technology,Smart LED Desk Lamp,1,30.15,15,25.63,6.6,2.45,Credit Card,2023,6,June,Q2,Tuesday,9.559110417479518,30.152941176470588,4.522941176470589
ORD-11733,2023-06-13,Michael Khan,Corporate,Mexico,North America,Office Supplies,Tape Dispenser Heavy Duty,3,18.83,10,50.84,10.96,14.46,Credit Card,2023,6,June,Q2,Tuesday,28.442171518489378,56.488888888888894,5.648888888888891
ORD-10358,2023-06-14,Isabella Ahmed,Consumer,India,Asia Pacific,Clothing & Accessories,Leather Belt Classic,5,17.24,0,86.2,16.2,26.9,Credit Card,2023,6,June,Q2,Wednesday,31.206496519721576,86.2,0.0
ORD-11932,2023-06-14,Felix Hassan,Home Office,Italy,Europe,Office Supplies,Paper Clips Box 500pc,1,6.68,15,5.68,8.22,-5.55,Credit Card,2023,6,June,Q2,Wednesday,-97.7112676056338,6.682352941176471,1.0023529411764711
ORD-10042,2023-06-17,Amir Thompson,Corporate,South Africa,Middle East & Africa,Furniture,Floating Wall Shelves Set,9,33.65,5,287.71,16.74,89.26,Cash on Delivery,2023,6,June,Q2,Saturday,31.024295297348026,302.85263157894735,15.142631578947373
ORD-10569,2023-06-17,Chen Miller,Consumer,Italy,Europe,Technology,Smart LED Desk Lamp,3,69.43,5,197.88,10.72,72.6,PayPal,2023,6,June,Q2,Saturday,36.68890236506974,208.29473684210527,10.41473684210527
ORD-11665,2023-06-18,Priya Jackson,Consumer,Italy,Europe,Furniture,Corner L-Shaped Desk,10,398.27,5,3783.56,20.31,1373.63,Cash on Delivery,2023,6,June,Q2,Sunday,36.3052257662096,3982.6947368421056,199.13473684210567
ORD-10876,2023-06-19,Karen Wang,Corporate,Saudi Arabia,Middle East & Africa,Furniture,Standing Desk Converter,4,114.01,0,456.04,13.78,168.64,PayPal,2023,6,June,Q2,Monday,36.97921234979387,456.04,0.0
ORD-11258,2023-06-19,Carlos Dubois,Consumer,Brazil,South America,Clothing & Accessories,Polarized Sunglasses,1,79.09,20,63.27,10.51,13.22,Credit Card,2023,6,June,Q2,Monday,20.89457878931563,79.0875,15.817500000000003
ORD-11375,2023-06-19,Raj Chen,Home Office,Japan,Asia Pacific,Office Supplies,Desk Calendar 2025,2,12.13,15,20.62,12.26,-2.56,Cash on Delivery,2023,6,June,Q2,Monday,-12.415130940834143,24.258823529411767,3.6388235294117663
ORD-10546,2023-06-20,Xiao Taylor,Corporate,UAE,Middle East & Africa,Furniture,Monitor Riser Wood,4,42.27,15,143.72,16.6,25.67,Bank Transfer,2023,6,June,Q2,Tuesday,17.861118842193154,169.08235294117648,25.362352941176482
ORD-10860,2023-06-21,Fatima Jackson,Home Office,Germany,Europe,Technology,Tablet Stand Holder,3,48.52,15,123.73,13.06,30.61,Credit Card,2023,6,June,Q2,Wednesday,24.739351814434656,145.56470588235294,21.834705882352935
ORD-11307,2023-06-22,William Clark,Corporate,Mexico,North America,Clothing & Accessories,Sports Water Bottle 750ml,4,27.6,10,99.36,13.33,30.83,PayPal,2023,6,June,Q2,Thursday,31.028582930756844,110.39999999999999,11.039999999999992
ORD-10182,2023-06-23,Emma Pereira,Consumer,Canada,North America,Office Supplies,Tape Dispenser Heavy Duty,11,23.39,10,231.56,14.23,101.55,Credit Card,2023,6,June,Q2,Friday,43.854724477457246,257.2888888888889,25.72888888888889
ORD-10674,2023-06-23,Ahmed Garcia,Corporate,UAE,Middle East & Africa,Clothing & Accessories,Sports Water Bottle 750ml,10,14.57,5,138.41,35.54,30.02,PayPal,2023,6,June,Q2,Friday,21.689184307492233,145.69473684210527,7.284736842105275
ORD-11336,2023-06-23,Ayumi Robinson,Corporate,Australia,Asia Pacific,Furniture,Mesh Back Task Chair,1,250.47,5,237.95,10.78,76.89,Bank Transfer,2023,6,June,Q2,Friday,32.31351124185753,250.47368421052633,12.52368421052634
ORD-10712,2023-06-24,Mary Johansson,Consumer,India,Asia Pacific,Technology,Wireless Ergonomic Mouse,7,57.98,15,344.98,16.8,104.96,PayPal,2023,6,June,Q2,Saturday,30.42495217114035,405.8588235294118,60.87882352941176
ORD-10788,2023-06-26,Michael Martin,Consumer,Saudi Arabia,Middle East & Africa,Office Supplies,Desk Calendar 2025,1,19.94,10,17.95,11.66,-2.68,Credit Card,2023,6,June,Q2,Monday,-14.930362116991644,19.944444444444443,1.9944444444444436
ORD-10212,2023-06-27,Karen Sato,Corporate,Germany,Europe,Clothing & Accessories,Leather Belt Classic,3,45.1,10,121.77,14.28,39.84,Credit Card,2023,6,June,Q2,Tuesday,32.717418083271745,135.29999999999998,13.529999999999987
ORD-11068,2023-06-27,Isabella Kumar,Corporate,Italy,Europe,Office Supplies,Desk Calendar 2025,2,10.66,10,19.19,11.01,-1.41,Cash on Delivery,2023,6,June,Q2,Tuesday,-7.3475768629494524,21.322222222222223,2.1322222222222216
ORD-11653,2023-06-27,Carlos Rodriguez,Consumer,UAE,Middle East & Africa,Clothing & Accessories,Silk Tie Collection,1,26.53,0,26.53,13.43,-0.16,Cash on Delivery,2023,6,June,Q2,Tuesday,-0.603090840557859,26.53,0.0
ORD-11771,2023-06-27,James Tanaka,Consumer,Saudi Arabia,Middle East & Africa,Furniture,Floating Wall Shelves Set,5,94.63,0,473.15,18.91,170.35,Credit Card,2023,6,June,Q2,Tuesday,36.00338159146148,473.15,0.0
ORD-10480,2023-06-28,Priya Thomas,Consumer,Italy,Europe,Clothing & Accessories,Polarized Sunglasses,2,30.06,10,54.11,11.77,12.28,Cash on Delivery,2023,6,June,Q2,Wednesday,22.69451118092774,60.12222222222222,6.012222222222221
ORD-10700,2023-06-28,Mia Harris,Corporate,Canada,North America,Clothing & Accessories,Leather Belt Classic,3,40.18,0,120.54,12.31,47.96,Cash on Delivery,2023,6,June,Q2,Wednesday,39.787622366019576,120.54,0.0
ORD-10661,2023-06-29,Olga Nilsson,Consumer,Canada,North America,Technology,Webcam HD 1080p,9,74.43,10,602.88,11.59,222.86,Credit Card,2023,6,June,Q2,Thursday,36.96589702760085,669.8666666666667,66.98666666666668
ORD-10747,2023-06-29,Olga Patel,Consumer,Japan,Asia Pacific,Clothing & Accessories,Cotton Formal Shirt,1,24.48,20,19.58,9.71,-2.37,Bank Transfer,2023,6,June,Q2,Thursday,-12.104187946884577,24.474999999999998,4.895
ORD-10432,2023-07-01,Priya Schmidt,Corporate,Spain,Europe,Technology,Laptop Stand Adjustable,3,62.62,10,169.07,12.18,53.57,Cash on Delivery,2023,7,July,Q3,Saturday,31.685100845803515,187.85555555555555,18.78555555555556
ORD-10483,2023-07-01,Noah Jones,Home Office,Australia,Asia Pacific,Technology,Portable External SSD 1TB,3,97.31,10,262.74,15.03,87.15,Credit Card,2023,7,July,Q3,Saturday,33.16967344142498,291.93333333333334,29.193333333333328
ORD-10792,2023-07-01,Oscar Schmidt,Consumer,Australia,Asia Pacific,Office Supplies,Stapler Full-Size,5,18.79,10,84.55,15.23,27.04,PayPal,2023,7,July,Q3,Saturday,31.98107628622117,93.94444444444444,9.394444444444446
ORD-11387,2023-07-01,Marco Harris,Consumer,UAE,Middle East & Africa,Furniture,Corner L-Shaped Desk,1,192.58,20,154.06,12.06,26.45,PayPal,2023,7,July,Q3,Saturday,17.168635596520833,192.575,38.514999999999986
ORD-11564,2023-07-01,Giulia Johnson,Corporate,Mexico,North America,Clothing & Accessories,Cotton Formal Shirt,3,48.59,15,123.9,9.9,41.12,Credit Card,2023,7,July,Q3,Saturday,33.188054882970135,145.76470588235296,21.86470588235295
ORD-10381,2023-07-03,Sophie Harris,Consumer,India,Asia Pacific,Technology,Smart LED Desk Lamp,2,46.18,5,87.74,12.38,24.56,Credit Card,2023,7,July,Q3,Monday,27.991793936630955,92.3578947368421,4.6178947368421035
ORD-11603,2023-07-03,Lucas Chen,Corporate,Saudi Arabia,Middle East & Africa,Furniture,Standing Desk Converter,7,309.68,20,1734.21,19.94,413.61,Credit Card,2023,7,July,Q3,Monday,23.850052761776254,2167.7625,433.5524999999998
ORD-11019,2023-07-04,Robert Smith,Home Office,South Africa,Middle East & Africa,Furniture,Desk Organizer Set,1,24.14,0,24.14,13.18,-3.52,Credit Card,2023,7,July,Q3,Tuesday,-14.581607290803644,24.14,0.0
ORD-10977,2023-07-05,Ingrid Khan,Home Office,Mexico,North America,Office Supplies,Whiteboard Markers Set 8,4,15.95,15,54.23,8.62,16.9,Cash on Delivery,2023,7,July,Q3,Wednesday,31.163562603724877,63.8,9.57
ORD-10008,2023-07-06,Lucas White,Home Office,Canada,North America,Office Supplies,Ballpoint Pen Pack 12,1,6.99,10,6.29,6.69,-3.55,Credit Card,2023,7,July,Q3,Thursday,-56.43879173290938,6.988888888888889,0.6988888888888889
ORD-11100,2023-07-06,Nadia Jackson,Corporate,United States,North America,Office Supplies,Stapler Full-Size,2,19.72,10,35.5,6.38,11.37,Bank Transfer,2023,7,July,Q3,Thursday,32.028169014084504,39.44444444444444,3.944444444444443
ORD-11464,2023-07-06,Chen Jones,Home Office,Japan,Asia Pacific,Furniture,Bookshelf 5-Tier,4,194.07,0,776.28,11.42,299.09,Credit Card,2023,7,July,Q3,Thursday,38.52862369248209,776.28,0.0
ORD-11562,2023-07-06,Susan Miller,Corporate,Mexico,North America,Technology,Smart LED Desk Lamp,2,52.02,15,88.43,7.14,24.07,PayPal,2023,7,July,Q3,Thursday,27.219269478683707,104.03529411764707,15.605294117647063
ORD-10083,2023-07-07,Priya Thomas,Home Office,Argentina,South America,Office Supplies,Stapler Full-Size,1,19.62,5,18.64,12.48,-2.67,Bank Transfer,2023,7,July,Q3,Friday,-14.324034334763947,19.621052631578948,0.9810526315789474
ORD-10112,2023-07-07,Ahmed Thompson,Consumer,Italy,Europe,Clothing & Accessories,Silk Tie Collection,7,43.03,20,240.97,16.31,74.05,Credit Card,2023,7,July,Q3,Friday,30.72996638585716,301.2125,60.24249999999998
ORD-11077,2023-07-08,Diego Kim,Home Office,Spain,Europe,Technology,Laptop Stand Adjustable,5,50.01,0,250.05,19.34,93.18,Credit Card,2023,7,July,Q3,Saturday,37.264547090581885,250.05,0.0
ORD-10003,2023-07-09,Priya Martinez,Consumer,Japan,Asia Pacific,Furniture,Desk Organizer Set,3,53.14,15,135.51,14.88,24.98,PayPal,2023,7,July,Q3,Sunday,18.434063906722752,159.4235294117647,23.9135294117647
ORD-10024,2023-07-09,Giulia Dubois,Consumer,Brazil,South America,Office Supplies,Paper Clips Box 500pc,2,3.31,0,6.62,14.92,-11.28,Credit Card,2023,7,July,Q3,Sunday,-170.39274924471297,6.62,0.0
ORD-10404,2023-07-10,Carlos Schmidt,Corporate,United Kingdom,Europe,Office Supplies,Whiteboard Markers Set 8,2,11.9,0,23.8,9.71,3.38,PayPal,2023,7,July,Q3,Monday,14.201680672268907,23.8,0.0
ORD-11154,2023-07-10,Oscar Johnson,Consumer,United States,North America,Clothing & Accessories,Sports Water Bottle 750ml,6,21.26,5,121.18,9.14,48.26,Credit Card,2023,7,July,Q3,Monday,39.82505363921439,127.55789473684212,6.377894736842109
ORD-11859,2023-07-10,Jennifer Garcia,Consumer,Canada,North America,Clothing & Accessories,Polarized Sunglasses,1,59.16,10,53.24,6.6,17.06,Credit Card,2023,7,July,Q3,Monday,32.04357625845229,59.15555555555556,5.915555555555557
ORD-10107,2023-07-11,Noah Santos,Consumer,South Korea,Asia Pacific,Office Supplies,Binder Clips Assorted 48pc,1,10.59,5,10.06,11.4,-6.11,Credit Card,2023,7,July,Q3,Tuesday,-60.73558648111332,10.589473684210528,0.5294736842105277
ORD-11182,2023-07-11,Elizabeth Harris,Corporate,Mexico,North America,Technology,Webcam HD 1080p,6,62.93,0,377.58,13.89,156.02,Bank Transfer,2023,7,July,Q3,Tuesday,41.321044546851006,377.58,0.0
ORD-11380,2023-07-12,Ali Jones,Consumer,Mexico,North America,Clothing & Accessories,Wool Blend Scarf,4,54.62,0,218.48,11.36,97.88,Credit Card,2023,7,July,Q3,Wednesday,44.80043939948737,218.48,0.0
ORD-10015,2023-07-13,Jamal Harris,Corporate,Saudi Arabia,Middle East & Africa,Technology,Smart LED Desk Lamp,2,42.71,20,68.34,12.22,9.14,PayPal,2023,7,July,Q3,Thursday,13.374304945858942,85.425,17.084999999999994
ORD-10545,2023-07-13,Elizabeth Williams,Corporate,Italy,Europe,Furniture,Folding Table Portable,2,113.15,10,203.67,11.07,56.82,Credit Card,2023,7,July,Q3,Thursday,27.898070408012966,226.29999999999998,22.629999999999995
ORD-10961,2023-07-13,Lucas Suzuki,Corporate,Brazil,South America,Technology,Wireless Ergonomic Mouse,1,61.5,15,52.27,10.75,7.7,Credit Card,2023,7,July,Q3,Thursday,14.731203367132197,61.49411764705883,9.224117647058826
ORD-10511,2023-07-14,Clara Nilsson,Consumer,Japan,Asia Pacific,Office Supplies,Paper Clips Box 500pc,5,3.47,5,16.48,13.6,-4.93,Bank Transfer,2023,7,July,Q3,Friday,-29.915048543689316,17.347368421052632,0.8673684210526318
ORD-11806,2023-07-14,Ali Harris,Consumer,Australia,Asia Pacific,Furniture,Ergonomic Office Chair,5,394.43,5,1873.54,12.1,678.15,Bank Transfer,2023,7,July,Q3,Friday,36.1961847625351,1972.1473684210528,98.6073684210528
ORD-10283,2023-07-15,Hans Singh,Home Office,Spain,Europe,Furniture,Filing Cabinet 3-Drawer,4,161.93,10,582.95,10.19,184.13,Bank Transfer,2023,7,July,Q3,Saturday,31.585899305257737,647.7222222222223,64.77222222222224
ORD-10625,2023-07-15,Olga Schmidt,Consumer,South Korea,Asia Pacific,Furniture,Ergonomic Office Chair,7,233.89,0,1637.23,21.29,633.6,Credit Card,2023,7,July,Q3,Saturday,38.69951075902592,1637.23,0.0
ORD-11098,2023-07-16,David Thompson,Consumer,Germany,Europe,Clothing & Accessories,Polarized Sunglasses,7,30.7,10,193.41,10.64,75.32,Credit Card,2023,7,July,Q3,Sunday,38.943177705392685,214.89999999999998,21.48999999999998
ORD-11395,2023-07-16,Priya Ali,Home Office,United Kingdom,Europe,Clothing & Accessories,Leather Belt Classic,5,21.72,0,108.6,10.04,44.26,PayPal,2023,7,July,Q3,Sunday,40.75506445672192,108.6,0.0
ORD-10090,2023-07-17,Jamal Jones,Consumer,Canada,North America,Office Supplies,Whiteboard Markers Set 8,3,18.99,10,51.27,9.87,15.76,Credit Card,2023,7,July,Q3,Monday,30.739223717573626,56.96666666666667,5.696666666666665
ORD-10904,2023-07-18,Thomas Thompson,Consumer,India,Asia Pacific,Technology,Wireless Bluetooth Headphones,1,190.35,10,171.31,10.96,55.66,PayPal,2023,7,July,Q3,Tuesday,32.49080614091413,190.34444444444443,19.034444444444432
ORD-10266,2023-07-19,Fatima Costa,Corporate,India,Asia Pacific,Furniture,Monitor Riser Wood,3,64.89,25,146.0,16.18,13.02,Cash on Delivery,2023,7,July,Q3,Wednesday,8.917808219178083,194.66666666666666,48.66666666666666
ORD-10424,2023-07-19,Diego Davis,Corporate,Spain,Europe,Clothing & Accessories,Leather Belt Classic,2,27.32,10,49.18,10.74,11.12,PayPal,2023,7,July,Q3,Wednesday,22.610817405449367,54.644444444444446,5.464444444444446
ORD-11061,2023-07-19,Omar Müller,Consumer,China,Asia Pacific,Technology,Mechanical Gaming Keyboard,10,133.95,10,1205.55,21.46,447.36,Credit Card,2023,7,July,Q3,Wednesday,37.108373771307704,1339.5,133.95000000000005
ORD-11808,2023-07-19,Mary Weber,Corporate,Canada,North America,Technology,Smart LED Desk Lamp,2,56.54,5,107.43,7.32,37.92,PayPal,2023,7,July,Q3,Wednesday,35.29740296006702,113.0842105263158,5.654210526315794
ORD-10326,2023-07-20,Amina Johansson,Corporate,Spain,Europe,Furniture,Monitor Riser Wood,1,51.24,20,40.99,8.07,2.18,Cash on Delivery,2023,7,July,Q3,Thursday,5.31837033422786,51.2375,10.247499999999995
ORD-11349,2023-07-20,Liam Clark,Consumer,Argentina,South America,Technology,Mechanical Gaming Keyboard,13,145.33,5,1794.83,36.04,719.68,Cash on Delivery,2023,7,July,Q3,Thursday,40.09739083924383,1889.2947368421053,94.46473684210537
ORD-10681,2023-07-22,Ethan Chen,Corporate,Canada,North America,Clothing & Accessories,Leather Belt Classic,5,27.72,5,131.67,15.56,46.81,PayPal,2023,7,July,Q3,Saturday,35.55099870889345,138.6,6.930000000000007
ORD-10996,2023-07-22,Clara Williams,Consumer,Argentina,South America,Clothing & Accessories,Cotton Formal Shirt,2,53.18,5,101.04,13.3,34.56,PayPal,2023,7,July,Q3,Saturday,34.204275534441805,106.35789473684211,5.317894736842106
ORD-11167,2023-07-22,Christopher Davis,Consumer,France,Europe,Technology,Noise Cancelling Earbuds,5,167.91,0,839.55,15.17,362.63,Cash on Delivery,2023,7,July,Q3,Saturday,43.19337740456197,839.55,0.0
ORD-11391,2023-07-22,James Taylor,Consumer,China,Asia Pacific,Office Supplies,Stapler Full-Size,1,16.43,5,15.61,11.32,-3.1,Bank Transfer,2023,7,July,Q3,Saturday,-19.859064702114033,16.431578947368422,0.8215789473684225
ORD-10949,2023-07-24,Chen Johnson,Consumer,Nigeria,Middle East & Africa,Furniture,Monitor Riser Wood,2,71.01,15,120.72,13.2,22.31,Cash on Delivery,2023,7,July,Q3,Monday,18.48078197481776,142.0235294117647,21.303529411764714
ORD-11494,2023-07-25,Fatima Smith,Corporate,Colombia,South America,Clothing & Accessories,Canvas Messenger Bag,1,41.08,0,41.08,11.71,8.83,Cash on Delivery,2023,7,July,Q3,Tuesday,21.49464459591042,41.08,0.0
ORD-10240,2023-07-26,Lucas Jones,Consumer,Argentina,South America,Furniture,Desk Organizer Set,1,21.14,20,16.91,12.08,-7.85,Cash on Delivery,2023,7,July,Q3,Wednesday,-46.42223536369012,21.1375,4.227499999999999
ORD-10945,2023-07-26,Karen Thomas,Corporate,United States,North America,Technology,Tablet Stand Holder,1,52.78,0,52.78,6.2,17.55,Credit Card,2023,7,July,Q3,Wednesday,33.251231527093594,52.78,0.0
ORD-11589,2023-07-27,Priya Nilsson,Consumer,UAE,Middle East & Africa,Office Supplies,Stapler Full-Size,1,13.41,10,12.07,12.56,-6.52,PayPal,2023,7,July,Q3,Thursday,-54.018227009113495,13.411111111111111,1.3411111111111111
ORD-11824,2023-07-27,Elizabeth Sato,Consumer,UAE,Middle East & Africa,Furniture,Floating Wall Shelves Set,4,75.9,0,303.6,14.96,106.48,PayPal,2023,7,July,Q3,Thursday,35.07246376811594,303.6,0.0
ORD-10045,2023-07-28,Sakura Jones,Corporate,Saudi Arabia,Middle East & Africa,Office Supplies,Paper Clips Box 500pc,3,8.95,0,26.85,18.4,-3.63,Bank Transfer,2023,7,July,Q3,Friday,-13.519553072625698,26.85,0.0
ORD-11229,2023-07-28,Xiao Smith,Consumer,Brazil,South America,Technology,USB-C Hub Multiport Adapter,1,20.02,15,17.02,10.98,-4.97,PayPal,2023,7,July,Q3,Friday,-29.20094007050529,20.023529411764706,3.0035294117647062
ORD-11934,2023-07-28,Robert Park,Consumer,United States,North America,Office Supplies,Desk Calendar 2025,1,10.76,10,9.68,6.28,-1.44,PayPal,2023,7,July,Q3,Friday,-14.87603305785124,10.755555555555555,1.075555555555555
ORD-10001,2023-07-29,Joseph Johnson,Corporate,United States,North America,Office Supplies,Tape Dispenser Heavy Duty,2,9.48,0,18.96,6.87,3.56,PayPal,2023,7,July,Q3,Saturday,18.776371308016877,18.96,0.0
ORD-11199,2023-07-29,Liam Wang,Consumer,China,Asia Pacific,Technology,Tablet Stand Holder,3,33.19,15,84.63,11.24,18.63,Credit Card,2023,7,July,Q3,Saturday,22.013470400567176,99.56470588235294,14.934705882352944
ORD-11680,2023-07-30,Olivia Sharma,Corporate,UAE,Middle East & Africa,Furniture,Monitor Riser Wood,3,73.54,15,187.53,13.35,41.81,Bank Transfer,2023,7,July,Q3,Sunday,22.295099450754545,220.6235294117647,33.093529411764706
ORD-10755,2023-07-31,William Martinez,Corporate,South Korea,Asia Pacific,Technology,Tablet Stand Holder,1,19.91,5,18.91,9.86,-1.9,Credit Card,2023,7,July,Q3,Monday,-10.047593865679534,19.905263157894737,0.9952631578947368
ORD-11247,2023-07-31,Felix Costa,Home Office,Saudi Arabia,Middle East & Africa,Furniture,Bookshelf 5-Tier,4,96.5,20,308.8,14.49,62.71,Bank Transfer,2023,7,July,Q3,Monday,20.307642487046632,386.0,77.19999999999999
ORD-10225,2023-08-01,Noah Smith,Corporate,France,Europe,Technology,Mechanical Gaming Keyboard,10,104.58,30,732.06,14.85,142.02,Credit Card,2023,8,August,Q3,Tuesday,19.400049176297028,1045.8,313.74
ORD-10281,2023-08-01,Thomas Chen,Corporate,Brazil,South America,Furniture,Folding Table Portable,3,83.44,10,225.29,15.17,59.93,Bank Transfer,2023,8,August,Q3,Tuesday,26.60126947489902,250.3222222222222,25.032222222222202
ORD-10980,2023-08-01,Olivia Moreau,Consumer,Canada,North America,Clothing & Accessories,Canvas Messenger Bag,10,64.87,5,616.26,14.5,277.41,Bank Transfer,2023,8,August,Q3,Tuesday,45.015091033005554,648.6947368421053,32.43473684210528
ORD-11339,2023-08-01,Noah Oliveira,Consumer,United Kingdom,Europe,Furniture,Mesh Back Task Chair,3,182.51,5,520.15,8.9,182.73,PayPal,2023,8,August,Q3,Tuesday,35.13025088916659,547.5263157894736,27.376315789473665
ORD-10459,2023-08-02,Noah Russo,Home Office,Japan,Asia Pacific,Office Supplies,Tape Dispenser Heavy Duty,5,10.99,5,52.2,12.66,14.81,Cash on Delivery,2023,8,August,Q3,Wednesday,28.371647509578544,54.94736842105264,2.7473684210526343
ORD-10885,2023-08-03,Amir Singh,Corporate,Mexico,North America,Office Supplies,Premium Notebook Set A5,3,10.7,5,30.49,11.92,4.13,Credit Card,2023,8,August,Q3,Thursday,13.545424729419484,32.09473684210526,1.6047368421052646
ORD-10680,2023-08-04,Mary Miller,Consumer,Argentina,South America,Office Supplies,Ballpoint Pen Pack 12,5,7.28,5,34.58,20.71,-2.51,PayPal,2023,8,August,Q3,Friday,-7.258530942741468,36.4,1.8200000000000003
ORD-11530,2023-08-04,Olivia Rossi,Consumer,Saudi Arabia,Middle East & Africa,Furniture,Folding Table Portable,2,44.23,10,79.61,13.7,12.83,PayPal,2023,8,August,Q3,Friday,16.116065820876774,88.45555555555555,8.84555555555555
ORD-11642,2023-08-04,Wei Li,Corporate,Mexico,North America,Technology,Wireless Bluetooth Headphones,2,151.07,25,226.6,7.84,52.58,Credit Card,2023,8,August,Q3,Friday,23.20388349514563,302.1333333333333,75.53333333333333
ORD-10228,2023-08-05,Sakura Rodriguez,Corporate,China,Asia Pacific,Technology,Wireless Ergonomic Mouse,1,35.7,10,32.13,11.04,1.46,PayPal,2023,8,August,Q3,Saturday,4.5440398381574845,35.7,3.5700000000000003
ORD-10254,2023-08-05,Christopher Rossi,Corporate,Japan,Asia Pacific,Office Supplies,Ballpoint Pen Pack 12,7,15.21,20,85.18,24.79,12.48,Credit Card,2023,8,August,Q3,Saturday,14.651326602488846,106.47500000000001,21.295
ORD-10418,2023-08-05,Michael Rodriguez,Consumer,Brazil,South America,Furniture,Standing Desk Converter,1,206.62,10,185.96,11.69,50.3,Bank Transfer,2023,8,August,Q3,Saturday,27.048827704882765,206.62222222222223,20.662222222222226
ORD-10842,2023-08-06,Hans Anderson,Consumer,Colombia,South America,Clothing & Accessories,Canvas Messenger Bag,1,34.17,15,29.04,12.01,-0.06,Credit Card,2023,8,August,Q3,Sunday,-0.2066115702479339,34.16470588235294,5.124705882352941
ORD-11769,2023-08-06,Liam Johansson,Corporate,South Africa,Middle East & Africa,Office Supplies,Desk Calendar 2025,5,9.43,5,44.79,22.42,1.15,Credit Card,2023,8,August,Q3,Sunday,2.5675373967403434,47.14736842105263,2.3573684210526338
ORD-11929,2023-08-06,James Schmidt,Consumer,India,Asia Pacific,Technology,Webcam HD 1080p,3,67.35,0,202.05,12.44,78.48,PayPal,2023,8,August,Q3,Sunday,38.84187082405345,202.05,0.0
ORD-11501,2023-08-07,Wei Yamamoto,Corporate,Spain,Europe,Clothing & Accessories,Canvas Messenger Bag,3,75.47,5,215.09,10.4,91.48,Bank Transfer,2023,8,August,Q3,Monday,42.531033520851736,226.4105263157895,11.320526315789493
ORD-10363,2023-08-08,Linda Brown,Consumer,Mexico,North America,Technology,Mechanical Gaming Keyboard,3,91.18,10,246.19,8.58,87.16,Cash on Delivery,2023,8,August,Q3,Tuesday,35.40355010357853,273.5444444444444,27.354444444444425
ORD-10496,2023-08-08,Jamal Ahmed,Corporate,Mexico,North America,Technology,Webcam HD 1080p,2,88.88,10,159.98,7.63,54.58,Bank Transfer,2023,8,August,Q3,Tuesday,34.11676459557445,177.75555555555553,17.775555555555542
ORD-11960,2023-08-08,Ahmed Singh,Home Office,United Kingdom,Europe,Furniture,Mesh Back Task Chair,3,120.89,20,290.14,14.12,58.42,PayPal,2023,8,August,Q3,Tuesday,20.135107189632592,362.67499999999995,72.53499999999997
ORD-10838,2023-08-09,Pierre Wang,Consumer,France,Europe,Clothing & Accessories,Business Casual Blazer,8,48.11,20,307.9,25.57,89.89,PayPal,2023,8,August,Q3,Wednesday,29.19454368301397,384.87499999999994,76.97499999999997
ORD-11909,2023-08-10,Ivan Davis,Corporate,Australia,Asia Pacific,Furniture,Folding Table Portable,5,79.11,10,356.0,16.05,102.62,Credit Card,2023,8,August,Q3,Thursday,28.825842696629216,395.55555555555554,39.55555555555554
ORD-10030,2023-08-11,Giulia Taylor,Corporate,Brazil,South America,Office Supplies,Whiteboard Markers Set 8,2,17.66,15,30.02,13.05,1.08,Credit Card,2023,8,August,Q3,Friday,3.597601598934044,35.31764705882353,5.297647058823532
ORD-11169,2023-08-11,Hanna Rossi,Consumer,Germany,Europe,Office Supplies,Binder Clips Assorted 48pc,5,7.76,10,34.92,15.79,1.67,PayPal,2023,8,August,Q3,Friday,4.782359679266896,38.800000000000004,3.8800000000000026
ORD-11178,2023-08-11,William Kim,Consumer,Canada,North America,Furniture,Bookshelf 5-Tier,3,97.26,10,262.6,10.56,76.97,Cash on Delivery,2023,8,August,Q3,Friday,29.310738766184308,291.77777777777777,29.17777777777775
ORD-10651,2023-08-12,Giulia Pereira,Consumer,South Korea,Asia Pacific,Clothing & Accessories,Leather Belt Classic,1,18.19,0,18.19,9.63,-0.54,Credit Card,2023,8,August,Q3,Saturday,-2.9686641011544803,18.19,0.0
ORD-10737,2023-08-12,Barbara Hassan,Consumer,Australia,Asia Pacific,Technology,Laptop Stand Adjustable,8,75.46,15,513.13,16.19,164.92,Credit Card,2023,8,August,Q3,Saturday,32.140003507882994,603.6823529411765,90.55235294117654
ORD-10952,2023-08-13,Karen Zhang,Home Office,India,Asia Pacific,Office Supplies,Premium Notebook Set A5,2,16.46,10,29.63,13.64,1.18,Credit Card,2023,8,August,Q3,Sunday,3.9824502193722577,32.92222222222222,3.292222222222218
ORD-11481,2023-08-13,Clara Clark,Home Office,Mexico,North America,Furniture,Monitor Riser Wood,1,55.59,5,52.81,6.11,13.35,Credit Card,2023,8,August,Q3,Sunday,25.27930316227987,55.58947368421053,2.7794736842105294
ORD-10852,2023-08-14,Oscar White,Corporate,United States,North America,Clothing & Accessories,Travel Backpack 30L,1,78.86,10,70.97,7.4,24.14,Credit Card,2023,8,August,Q3,Monday,34.01437226997323,78.85555555555555,7.885555555555555
ORD-11667,2023-08-14,John Brown,Consumer,Germany,Europe,Technology,Noise Cancelling Earbuds,1,89.29,5,84.83,9.18,26.54,PayPal,2023,8,August,Q3,Monday,31.286101614994692,89.29473684210527,4.4647368421052676
ORD-10277,2023-08-15,Amina Ali,Consumer,United States,North America,Clothing & Accessories,Leather Wallet Minimalist,1,22.46,5,21.34,6.95,3.16,Credit Card,2023,8,August,Q3,Tuesday,14.807872539831305,22.46315789473684,1.123157894736842
ORD-10356,2023-08-15,Oscar Thomas,Home Office,Canada,North America,Office Supplies,Stapler Full-Size,4,12.89,5,48.98,9.57,16.21,Credit Card,2023,8,August,Q3,Tuesday,33.095140873826054,51.5578947368421,2.5778947368421044
ORD-10367,2023-08-15,Karen Russo,Consumer,France,Europe,Technology,Laptop Stand Adjustable,9,27.41,0,246.69,12.06,98.95,Credit Card,2023,8,August,Q3,Tuesday,40.111070574405126,246.69,0.0
ORD-10558,2023-08-16,Susan Wang,Consumer,Argentina,South America,Clothing & Accessories,Travel Backpack 30L,6,78.77,0,472.62,19.75,216.56,PayPal,2023,8,August,Q3,Wednesday,45.82116711099827,472.62,0.0
ORD-11332,2023-08-16,Fatima Patel,Home Office,Mexico,North America,Clothing & Accessories,Business Casual Blazer,1,62.43,10,56.19,7.27,17.7,Credit Card,2023,8,August,Q3,Wednesday,31.50026695141484,62.43333333333333,6.243333333333332
ORD-11526,2023-08-16,Ethan Kim,Corporate,Colombia,South America,Clothing & Accessories,Business Casual Blazer,1,59.71,15,50.75,11.43,9.46,PayPal,2023,8,August,Q3,Wednesday,18.640394088669954,59.70588235294118,8.955882352941181
ORD-11846,2023-08-16,Jennifer Garcia,Consumer,Argentina,South America,Clothing & Accessories,Business Casual Blazer,2,148.55,10,267.39,14.84,104.0,Cash on Delivery,2023,8,August,Q3,Wednesday,38.89449867235125,297.09999999999997,29.70999999999998
ORD-10917,2023-08-17,Kenji Suzuki,Corporate,Canada,North America,Office Supplies,Whiteboard Markers Set 8,2,12.61,25,18.91,9.18,-1.62,Credit Card,2023,8,August,Q3,Thursday,-8.566895822316235,25.213333333333335,6.303333333333335
ORD-11070,2023-08-18,Wei Santos,Corporate,Canada,North America,Clothing & Accessories,Sports Water Bottle 750ml,1,8.92,0,8.92,7.37,-2.91,PayPal,2023,8,August,Q3,Friday,-32.62331838565022,8.92,0.0
ORD-11557,2023-08-18,Liam Pereira,Home Office,Australia,Asia Pacific,Clothing & Accessories,Cotton Formal Shirt,3,48.47,20,116.33,10.91,32.72,Bank Transfer,2023,8,August,Q3,Friday,28.126880426373248,145.4125,29.082499999999996
ORD-10783,2023-08-19,Ava Clark,Corporate,Nigeria,Middle East & Africa,Technology,Noise Cancelling Earbuds,1,156.51,30,109.56,13.21,10.27,PayPal,2023,8,August,Q3,Saturday,9.373859072654254,156.51428571428573,46.95428571428573
ORD-10954,2023-08-19,Mary Hassan,Home Office,United States,North America,Clothing & Accessories,Leather Wallet Minimalist,6,64.17,10,346.52,9.61,144.4,PayPal,2023,8,August,Q3,Saturday,41.67147639385894,385.0222222222222,38.5022222222222
ORD-11085,2023-08-19,Felix Smith,Consumer,United Kingdom,Europe,Furniture,Monitor Riser Wood,1,57.21,15,48.63,7.77,6.53,Cash on Delivery,2023,8,August,Q3,Saturday,13.427925149084926,57.21176470588236,8.581764705882357
ORD-11684,2023-08-19,Barbara Jones,Consumer,Mexico,North America,Office Supplies,Binder Clips Assorted 48pc,1,14.44,5,13.72,6.28,0.94,Credit Card,2023,8,August,Q3,Saturday,6.851311953352769,14.442105263157895,0.7221052631578946
ORD-10820,2023-08-22,Christopher Williams,Home Office,Australia,Asia Pacific,Technology,Wireless Bluetooth Headphones,3,100.41,5,286.17,16.29,104.2,Credit Card,2023,8,August,Q3,Tuesday,36.41192298284236,301.23157894736846,15.061578947368446
ORD-11293,2023-08-22,Priya Weber,Consumer,Saudi Arabia,Middle East & Africa,Office Supplies,Premium Notebook Set A5,2,8.3,5,15.77,15.44,-7.14,PayPal,2023,8,August,Q3,Tuesday,-45.275840202916925,16.6,0.8300000000000018
ORD-11529,2023-08-22,Patricia Jackson,Corporate,Italy,Europe,Office Supplies,Stapler Full-Size,12,10.19,10,110.05,25.93,29.09,Credit Card,2023,8,August,Q3,Tuesday,26.43343934575193,122.27777777777777,12.227777777777774
ORD-10009,2023-08-23,Xiao Laurent,Consumer,Japan,Asia Pacific,Office Supplies,Tape Dispenser Heavy Duty,5,20.76,5,98.61,14.44,37.46,Credit Card,2023,8,August,Q3,Wednesday,37.98803366798499,103.8,5.189999999999998
ORD-10301,2023-08-23,Jamal Leroy,Home Office,Brazil,South America,Office Supplies,Highlighters Neon Pack 6,4,6.4,20,20.48,13.95,-4.99,Credit Card,2023,8,August,Q3,Wednesday,-24.365234375,25.599999999999998,5.119999999999997
ORD-10738,2023-08-23,Liam Ali,Home Office,Italy,Europe,Technology,Wireless Bluetooth Headphones,9,156.74,0,1410.66,15.34,619.46,PayPal,2023,8,August,Q3,Wednesday,43.91277841577701,1410.66,0.0
ORD-11681,2023-08-23,Barbara Ali,Consumer,Brazil,South America,Furniture,Folding Table Portable,2,127.96,0,255.92,12.79,89.58,Credit Card,2023,8,August,Q3,Wednesday,35.00312597686777,255.92,0.0
ORD-11234,2023-08-24,Ivan Pereira,Home Office,Saudi Arabia,Middle East & Africa,Clothing & Accessories,Leather Belt Classic,14,36.74,5,488.64,27.48,203.98,PayPal,2023,8,August,Q3,Thursday,41.744433529796986,514.3578947368421,25.71789473684214
ORD-10023,2023-08-25,Omar Singh,Consumer,South Africa,Middle East & Africa,Clothing & Accessories,Sports Water Bottle 750ml,2,11.42,0,22.84,13.37,-1.95,PayPal,2023,8,August,Q3,Friday,-8.537653239929947,22.84,0.0
ORD-11515,2023-08-25,Ethan Rodriguez,Corporate,Italy,Europe,Clothing & Accessories,Wool Blend Scarf,4,37.02,10,133.27,9.44,49.79,Cash on Delivery,2023,8,August,Q3,Friday,37.36024611690553,148.07777777777778,14.807777777777773
ORD-11537,2023-08-25,Pierre Romano,Consumer,Canada,North America,Technology,Portable External SSD 1TB,9,82.15,10,665.42,21.38,237.4,Bank Transfer,2023,8,August,Q3,Friday,35.67671545790629,739.3555555555555,73.93555555555554
ORD-10550,2023-08-27,Omar Park,Consumer,United Kingdom,Europe,Technology,USB-C Hub Multiport Adapter,2,53.25,5,101.17,8.08,34.52,PayPal,2023,8,August,Q3,Sunday,34.120786794504305,106.49473684210527,5.324736842105267
ORD-10927,2023-08-27,Michael Khan,Corporate,Canada,North America,Furniture,Corner L-Shaped Desk,3,185.14,5,527.65,9.42,184.98,PayPal,2023,8,August,Q3,Sunday,35.05732966928836,555.421052631579,27.771052631578982
ORD-11657,2023-08-27,Richard Tanaka,Consumer,South Africa,Middle East & Africa,Clothing & Accessories,Silk Tie Collection,3,29.47,10,79.57,14.83,20.53,Credit Card,2023,8,August,Q3,Sunday,25.801181349754938,88.4111111111111,8.841111111111104
ORD-10201,2023-08-29,Ayumi Martin,Consumer,Nigeria,Middle East & Africa,Office Supplies,Sticky Notes Multicolor 6-Pack,5,6.31,10,28.39,22.11,-7.92,PayPal,2023,8,August,Q3,Tuesday,-27.897146882705176,31.544444444444444,3.1544444444444437
ORD-10457,2023-08-29,Omar Hassan,Consumer,China,Asia Pacific,Clothing & Accessories,Cotton Formal Shirt,6,50.95,25,229.28,18.09,58.34,PayPal,2023,8,August,Q3,Tuesday,25.444870900209356,305.70666666666665,76.42666666666665
ORD-10219,2023-08-30,Giulia Anderson,Consumer,India,Asia Pacific,Office Supplies,Premium Notebook Set A5,2,13.7,5,26.03,11.05,2.65,Cash on Delivery,2023,8,August,Q3,Wednesday,10.180560891279292,27.400000000000002,1.370000000000001
ORD-10571,2023-08-30,Chen Rodriguez,Home Office,Spain,Europe,Office Supplies,Highlighters Neon Pack 6,5,8.73,20,34.92,13.19,2.09,Cash on Delivery,2023,8,August,Q3,Wednesday,5.985108820160366,43.65,8.729999999999997
ORD-10688,2023-08-30,Mia Davis,Consumer,South Korea,Asia Pacific,Technology,Wireless Ergonomic Mouse,1,34.68,10,31.21,10.64,1.5,Credit Card,2023,8,August,Q3,Wednesday,4.806151874399231,34.67777777777778,3.4677777777777763
ORD-11628,2023-08-30,Isabella Taylor,Corporate,Mexico,North America,Clothing & Accessories,Silk Tie Collection,1,25.23,30,17.66,6.63,-1.58,PayPal,2023,8,August,Q3,Wednesday,-8.946772366930917,25.22857142857143,7.568571428571431
ORD-10153,2023-08-31,Mary Martin,Corporate,Japan,Asia Pacific,Furniture,Bookshelf 5-Tier,3,116.76,20,280.22,14.72,55.33,Credit Card,2023,8,August,Q3,Thursday,19.745200199842976,350.27500000000003,70.055
ORD-10320,2023-08-31,Priya Jackson,Consumer,Mexico,North America,Office Supplies,Binder Clips Assorted 48pc,4,13.92,5,52.9,10.83,17.01,Credit Card,2023,8,August,Q3,Thursday,32.15500945179585,55.68421052631579,2.784210526315789
ORD-11328,2023-08-31,Mary Chen,Home Office,Germany,Europe,Technology,Portable External SSD 1TB,5,76.29,5,362.38,19.14,133.44,PayPal,2023,8,August,Q3,Thursday,36.82322423974833,381.4526315789474,19.07263157894738
ORD-11379,2023-08-31,Omar Park,Corporate,Mexico,North America,Technology,Webcam HD 1080p,1,37.56,5,35.68,5.59,9.43,PayPal,2023,8,August,Q3,Thursday,26.429372197309416,37.55789473684211,1.8778947368421086
ORD-11780,2023-08-31,Clara Tanaka,Corporate,UAE,Middle East & Africa,Technology,Tablet Stand Holder,3,20.28,0,60.84,15.83,11.55,Credit Card,2023,8,August,Q3,Thursday,18.98422090729783,60.84,0.0
ORD-11483,2023-09-01,Clara Robinson,Home Office,France,Europe,Office Supplies,Desk Calendar 2025,4,9.05,0,36.2,10.13,9.78,Cash on Delivery,2023,9,September,Q3,Friday,27.016574585635354,36.2,0.0
ORD-11717,2023-09-02,Michael Ali,Consumer,Germany,Europe,Technology,Smart LED Desk Lamp,13,26.62,15,294.15,30.98,72.84,Credit Card,2023,9,September,Q3,Saturday,24.762876083630804,346.05882352941177,51.90882352941179
ORD-11161,2023-09-03,Yuki Zhang,Consumer,United States,North America,Clothing & Accessories,Silk Tie Collection,1,17.03,25,12.77,6.99,-2.74,Bank Transfer,2023,9,September,Q3,Sunday,-21.45653876272514,17.026666666666667,4.256666666666668
ORD-11422,2023-09-03,David Clark,Consumer,Germany,Europe,Furniture,Folding Table Portable,10,67.1,10,603.9,14.47,186.83,Cash on Delivery,2023,9,September,Q3,Sunday,30.93724126511012,671.0,67.10000000000002
ORD-11685,2023-09-03,John Laurent,Consumer,Mexico,North America,Furniture,Bookshelf 5-Tier,2,199.2,10,358.56,9.53,109.99,Credit Card,2023,9,September,Q3,Sunday,30.675479696564032,398.4,39.839999999999975
ORD-10341,2023-09-04,Ethan Yamamoto,Home Office,Australia,Asia Pacific,Office Supplies,Highlighters Neon Pack 6,1,7.16,10,6.44,10.26,-7.04,Credit Card,2023,9,September,Q3,Monday,-109.31677018633539,7.155555555555556,0.7155555555555555
ORD-10872,2023-09-04,Olga Leroy,Consumer,India,Asia Pacific,Office Supplies,Binder Clips Assorted 48pc,1,12.17,15,10.34,11.21,-6.35,Bank Transfer,2023,9,September,Q3,Monday,-61.41199226305609,12.16470588235294,1.8247058823529407
ORD-11441,2023-09-05,Noah Taylor,Consumer,United States,North America,Office Supplies,Whiteboard Markers Set 8,5,19.47,5,92.48,11.28,37.39,Cash on Delivery,2023,9,September,Q3,Tuesday,40.430363321799305,97.34736842105264,4.867368421052632
ORD-11906,2023-09-05,Amina Johansson,Consumer,United Kingdom,Europe,Clothing & Accessories,Sports Water Bottle 750ml,2,14.43,10,25.97,9.92,1.62,PayPal,2023,9,September,Q3,Tuesday,6.237966884867155,28.855555555555554,2.8855555555555554
ORD-10447,2023-09-06,Hans Smith,Consumer,Australia,Asia Pacific,Office Supplies,Whiteboard Markers Set 8,2,11.34,0,22.68,13.99,-1.52,PayPal,2023,9,September,Q3,Wednesday,-6.701940035273369,22.68,0.0
ORD-11532,2023-09-06,Yuki Rodriguez,Corporate,Mexico,North America,Technology,Mechanical Gaming Keyboard,1,152.34,5,144.72,7.22,53.71,Credit Card,2023,9,September,Q3,Wednesday,37.1130458817026,152.33684210526317,7.616842105263174
ORD-11533,2023-09-06,Jamal Clark,Consumer,South Africa,Middle East & Africa,Technology,Smart LED Desk Lamp,1,27.11,5,25.75,13.15,-2.31,Bank Transfer,2023,9,September,Q3,Wednesday,-8.970873786407767,27.10526315789474,1.3552631578947398
ORD-11601,2023-09-06,Sarah Jackson,Home Office,Brazil,South America,Furniture,Ergonomic Office Chair,2,426.27,10,767.29,12.53,243.24,Credit Card,2023,9,September,Q3,Wednesday,31.70118208239388,852.5444444444444,85.2544444444444
ORD-11867,2023-09-06,Thomas Santos,Consumer,United States,North America,Clothing & Accessories,Travel Backpack 30L,1,42.55,5,40.42,7.38,11.77,Credit Card,2023,9,September,Q3,Wednesday,29.11924789708065,42.54736842105264,2.127368421052637
ORD-11030,2023-09-07,Chen Patel,Home Office,Japan,Asia Pacific,Technology,USB-C Hub Multiport Adapter,5,28.98,0,144.9,12.42,52.78,Cash on Delivery,2023,9,September,Q3,Thursday,36.42512077294686,144.9,0.0
ORD-11191,2023-09-08,Maria Rodriguez,Consumer,United States,North America,Clothing & Accessories,Canvas Messenger Bag,1,79.27,10,71.34,6.56,25.15,Credit Card,2023,9,September,Q3,Friday,35.25371460611157,79.26666666666667,7.926666666666662
ORD-11520,2023-09-08,Olga Taylor,Consumer,United States,North America,Furniture,Monitor Riser Wood,6,47.47,0,284.82,11.93,102.0,Credit Card,2023,9,September,Q3,Friday,35.81209184748262,284.82,0.0
ORD-11840,2023-09-08,Omar Russo,Home Office,Australia,Asia Pacific,Office Supplies,Paper Clips Box 500pc,4,4.19,0,16.76,13.27,-4.05,Credit Card,2023,9,September,Q3,Friday,-24.164677804295938,16.76,0.0
ORD-10500,2023-09-09,Sakura Ali,Consumer,Nigeria,Middle East & Africa,Technology,Smart LED Desk Lamp,2,61.26,10,110.27,14.33,28.55,Credit Card,2023,9,September,Q3,Saturday,25.890994830869683,122.52222222222221,12.252222222222215
ORD-11461,2023-09-09,Marco Sato,Consumer,Mexico,North America,Office Supplies,Binder Clips Assorted 48pc,2,13.62,15,23.15,7.75,3.14,PayPal,2023,9,September,Q3,Saturday,13.563714902807778,27.235294117647058,4.085294117647059
ORD-10713,2023-09-10,Sophie Brown,Corporate,Mexico,North America,Technology,Wireless Bluetooth Headphones,2,66.08,10,118.94,9.35,36.9,Credit Card,2023,9,September,Q3,Sunday,31.02404573734656,132.15555555555554,13.21555555555554
ORD-10908,2023-09-10,Diego Harris,Consumer,Italy,Europe,Technology,Mechanical Gaming Keyboard,1,77.47,0,77.47,9.23,25.63,Bank Transfer,2023,9,September,Q3,Sunday,33.08377436427004,77.47,0.0
ORD-11544,2023-09-10,Noah Moreau,Corporate,Italy,Europe,Furniture,Filing Cabinet 3-Drawer,10,83.62,20,668.96,31.2,136.04,Cash on Delivery,2023,9,September,Q3,Sunday,20.336044008610376,836.2,167.24
ORD-10399,2023-09-11,Chen Garcia,Consumer,China,Asia Pacific,Technology,Wireless Ergonomic Mouse,1,51.7,10,46.53,10.95,7.14,Cash on Delivery,2023,9,September,Q3,Monday,15.344938749194068,51.7,5.170000000000002
ORD-10576,2023-09-11,Fatima Wang,Consumer,India,Asia Pacific,Office Supplies,Ballpoint Pen Pack 12,4,7.5,10,27.0,11.42,2.08,PayPal,2023,9,September,Q3,Monday,7.703703703703704,30.0,3.0
ORD-11991,2023-09-11,Hanna Santos,Home Office,South Korea,Asia Pacific,Technology,Portable External SSD 1TB,1,149.93,10,134.94,9.79,42.69,Credit Card,2023,9,September,Q3,Monday,31.636282792352155,149.93333333333334,14.99333333333334
ORD-11518,2023-09-13,Ingrid Weber,Corporate,United States,North America,Furniture,Mesh Back Task Chair,5,107.46,15,456.7,9.9,124.42,PayPal,2023,9,September,Q3,Wednesday,27.24326691482374,537.2941176470588,80.5941176470588
ORD-11795,2023-09-14,Ali Johnson,Corporate,Mexico,North America,Furniture,Monitor Riser Wood,14,61.54,30,603.09,33.58,52.57,Credit Card,2023,9,September,Q3,Thursday,8.716775274005538,861.5571428571429,258.4671428571429
ORD-11323,2023-09-15,Hanna Khan,Consumer,Colombia,South America,Technology,Tablet Stand Holder,2,25.4,0,50.8,12.94,9.92,Credit Card,2023,9,September,Q3,Friday,19.52755905511811,50.8,0.0
ORD-10752,2023-09-16,Liam Laurent,Consumer,Mexico,North America,Furniture,Folding Table Portable,6,110.59,10,597.19,11.12,187.95,PayPal,2023,9,September,Q3,Saturday,31.47239571995512,663.5444444444445,66.35444444444443
ORD-11390,2023-09-16,Elizabeth Martin,Consumer,United Kingdom,Europe,Technology,Wireless Ergonomic Mouse,5,25.73,15,109.35,11.76,26.83,Bank Transfer,2023,9,September,Q3,Saturday,24.53589391860997,128.64705882352942,19.297058823529426
ORD-11884,2023-09-16,Joseph Martinez,Home Office,Canada,North America,Office Supplies,Binder Clips Assorted 48pc,1,12.82,20,10.26,6.98,-2.49,Bank Transfer,2023,9,September,Q3,Saturday,-24.269005847953217,12.825,2.5649999999999995
ORD-11239,2023-09-17,Ali Johansson,Corporate,United States,North America,Clothing & Accessories,Business Casual Blazer,5,133.6,25,501.0,14.42,152.58,Credit Card,2023,9,September,Q3,Sunday,30.455089820359284,668.0,167.0
ORD-11890,2023-09-17,Michael Li,Corporate,Canada,North America,Furniture,Monitor Riser Wood,7,67.53,5,449.07,22.4,143.04,Credit Card,2023,9,September,Q3,Sunday,31.852495156657092,472.70526315789476,23.63526315789477
ORD-11911,2023-09-18,Lucas Thomas,Corporate,China,Asia Pacific,Clothing & Accessories,Travel Backpack 30L,2,36.08,30,50.51,12.81,1.62,PayPal,2023,9,September,Q3,Monday,3.207285686002772,72.15714285714286,21.64714285714286
ORD-10321,2023-09-19,Ahmed Sharma,Home Office,United States,North America,Office Supplies,Desk Calendar 2025,3,7.89,15,20.12,7.38,2.09,Credit Card,2023,9,September,Q3,Tuesday,10.387673956262425,23.67058823529412,3.550588235294118
ORD-10600,2023-09-19,Kenji Taylor,Consumer,Japan,Asia Pacific,Furniture,Mesh Back Task Chair,4,197.76,5,751.49,15.67,261.2,PayPal,2023,9,September,Q3,Tuesday,34.75761487178804,791.042105263158,39.552105263157955
ORD-10955,2023-09-20,James Clark,Consumer,South Africa,Middle East & Africa,Furniture,Floating Wall Shelves Set,4,55.59,10,200.12,16.82,49.88,Bank Transfer,2023,9,September,Q3,Wednesday,24.925044973016192,222.35555555555555,22.23555555555555
ORD-10891,2023-09-21,Xiao Wang,Consumer,Argentina,South America,Furniture,Bookshelf 5-Tier,2,115.98,0,231.96,13.7,79.08,Cash on Delivery,2023,9,September,Q3,Thursday,34.09208484221417,231.96,0.0
ORD-10920,2023-09-21,Layla Fischer,Corporate,China,Asia Pacific,Technology,Portable External SSD 1TB,2,137.32,5,260.91,13.4,96.46,PayPal,2023,9,September,Q3,Thursday,36.9706028898854,274.64210526315793,13.732105263157905
ORD-10984,2023-09-21,Sarah Khan,Home Office,Brazil,South America,Technology,Noise Cancelling Earbuds,3,153.34,0,460.02,16.46,190.55,Credit Card,2023,9,September,Q3,Thursday,41.42211208208339,460.02,0.0
ORD-10128,2023-09-23,Lucas Leroy,Corporate,Spain,Europe,Office Supplies,Ballpoint Pen Pack 12,2,5.85,15,9.94,9.91,-5.24,PayPal,2023,9,September,Q3,Saturday,-52.716297786720325,11.694117647058823,1.7541176470588233
ORD-10298,2023-09-24,Jessica Tanaka,Consumer,Canada,North America,Technology,Portable External SSD 1TB,3,60.51,20,145.22,6.74,38.64,Cash on Delivery,2023,9,September,Q3,Sunday,26.60790524721113,181.52499999999998,36.30499999999998
ORD-10442,2023-09-24,Jessica Wang,Home Office,Mexico,North America,Furniture,Folding Table Portable,1,112.29,0,112.29,5.87,39.05,Credit Card,2023,9,September,Q3,Sunday,34.77602636031703,112.29,0.0
ORD-10231,2023-09-25,Sarah Davis,Consumer,Saudi Arabia,Middle East & Africa,Technology,Smart LED Desk Lamp,4,43.61,10,157.0,17.66,43.4,Credit Card,2023,9,September,Q3,Monday,27.643312101910826,174.44444444444443,17.44444444444443
ORD-11813,2023-09-25,Sarah Thompson,Consumer,Brazil,South America,Technology,USB-C Hub Multiport Adapter,2,22.12,10,39.82,11.38,4.11,PayPal,2023,9,September,Q3,Monday,10.321446509291814,44.24444444444445,4.424444444444447
ORD-10063,2023-09-26,Isabella Patel,Consumer,Canada,North America,Clothing & Accessories,Leather Wallet Minimalist,3,59.04,0,177.12,10.28,78.28,Bank Transfer,2023,9,September,Q3,Tuesday,44.19602529358627,177.12,0.0
ORD-10343,2023-09-26,Lucas Oliveira,Consumer,Spain,Europe,Clothing & Accessories,Silk Tie Collection,4,42.94,15,146.0,13.44,46.68,Cash on Delivery,2023,9,September,Q3,Tuesday,31.972602739726025,171.76470588235296,25.764705882352956
ORD-10554,2023-09-26,Olivia Ferrari,Home Office,Australia,Asia Pacific,Clothing & Accessories,Polarized Sunglasses,6,77.51,10,418.55,20.82,165.2,Bank Transfer,2023,9,September,Q3,Tuesday,39.469597419663124,465.05555555555554,46.50555555555553
ORD-11643,2023-09-26,Xiao Ferrari,Home Office,France,Europe,Technology,Laptop Stand Adjustable,1,52.59,15,44.7,8.76,7.02,PayPal,2023,9,September,Q3,Tuesday,15.704697986577179,52.58823529411765,7.888235294117649
ORD-10085,2023-09-27,Marco Nilsson,Consumer,Japan,Asia Pacific,Technology,Mechanical Gaming Keyboard,1,126.55,0,126.55,9.75,47.2,PayPal,2023,9,September,Q3,Wednesday,37.297510865270645,126.55,0.0
ORD-10210,2023-09-28,Mary Smith,Corporate,Nigeria,Middle East & Africa,Furniture,Filing Cabinet 3-Drawer,5,145.12,0,725.6,16.63,273.61,Cash on Delivery,2023,9,September,Q3,Thursday,37.70810363836824,725.6,0.0
ORD-11745,2023-09-28,John Patel,Consumer,Japan,Asia Pacific,Clothing & Accessories,Canvas Messenger Bag,4,26.2,5,99.56,17.25,29.91,Credit Card,2023,9,September,Q3,Thursday,30.04218561671354,104.80000000000001,5.240000000000009
ORD-10574,2023-09-29,Ayumi Ali,Corporate,Spain,Europe,Office Supplies,Tape Dispenser Heavy Duty,5,18.82,15,79.98,10.99,26.65,Bank Transfer,2023,9,September,Q3,Friday,33.320830207551886,94.09411764705884,14.114117647058833
ORD-10881,2023-09-29,Sophie Clark,Home Office,China,Asia Pacific,Furniture,Mesh Back Task Chair,1,238.24,0,238.24,10.13,85.17,Credit Card,2023,9,September,Q3,Friday,35.749664204163864,238.24,0.0
ORD-10926,2023-09-29,Priya Garcia,Corporate,Japan,Asia Pacific,Furniture,Ergonomic Office Chair,1,222.71,15,189.3,10.45,45.22,Credit Card,2023,9,September,Q3,Friday,23.888008452192285,222.7058823529412,33.40588235294118
ORD-11699,2023-09-29,Emma Martinez,Home Office,Nigeria,Middle East & Africa,Technology,Tablet Stand Holder,4,36.61,15,124.47,16.07,27.86,Credit Card,2023,9,September,Q3,Friday,22.382903510886155,146.43529411764706,21.965294117647062
ORD-10635,2023-09-30,Fatima Martin,Home Office,Australia,Asia Pacific,Furniture,Desk Organizer Set,4,59.01,0,236.04,11.14,83.28,Cash on Delivery,2023,9,September,Q3,Saturday,35.28215556685308,236.04,0.0
ORD-10137,2023-10-02,Jamal Robinson,Corporate,Nigeria,Middle East & Africa,Clothing & Accessories,Wool Blend Scarf,2,49.37,10,88.87,14.28,25.22,Credit Card,2023,10,October,Q4,Monday,28.378530437718013,98.74444444444444,9.874444444444435
ORD-10196,2023-10-02,Carlos Santos,Corporate,UAE,Middle East & Africa,Furniture,Filing Cabinet 3-Drawer,1,131.91,15,112.12,12.52,20.45,PayPal,2023,10,October,Q4,Monday,18.23938637174456,131.90588235294118,19.785882352941172
ORD-11561,2023-10-02,Omar Li,Corporate,Colombia,South America,Technology,Webcam HD 1080p,2,79.63,10,143.33,11.45,44.29,Credit Card,2023,10,October,Q4,Monday,30.900718621363282,159.25555555555556,15.925555555555547
ORD-10421,2023-10-03,Noah Johansson,Home Office,Italy,Europe,Furniture,Corner L-Shaped Desk,2,399.1,5,758.29,10.3,269.07,PayPal,2023,10,October,Q4,Tuesday,35.483785886666055,798.2,39.91000000000008
ORD-11651,2023-10-03,Hanna Yamamoto,Consumer,Japan,Asia Pacific,Furniture,Ergonomic Office Chair,6,241.8,5,1378.26,22.07,485.71,Cash on Delivery,2023,10,October,Q4,Tuesday,35.240810877483206,1450.8,72.53999999999996
ORD-10380,2023-10-04,William Yamamoto,Corporate,China,Asia Pacific,Furniture,Filing Cabinet 3-Drawer,4,162.94,5,619.17,15.93,212.18,Bank Transfer,2023,10,October,Q4,Wednesday,34.26845615905164,651.7578947368421,32.587894736842145
ORD-11181,2023-10-04,Joseph Leroy,Consumer,Colombia,South America,Technology,USB-C Hub Multiport Adapter,1,44.26,0,44.26,12.32,7.6,PayPal,2023,10,October,Q4,Wednesday,17.171260732037958,44.26,0.0
ORD-11321,2023-10-04,Giulia Khan,Home Office,United States,North America,Office Supplies,Desk Calendar 2025,4,6.82,5,25.92,9.89,3.75,PayPal,2023,10,October,Q4,Wednesday,14.467592592592593,27.284210526315793,1.3642105263157909
ORD-11763,2023-10-04,Diego Pereira,Home Office,Nigeria,Middle East & Africa,Clothing & Accessories,Wool Blend Scarf,3,59.55,0,178.65,14.68,74.65,PayPal,2023,10,October,Q4,Wednesday,41.78561432969494,178.65,0.0
ORD-10203,2023-10-05,Raj Oliveira,Corporate,Brazil,South America,Clothing & Accessories,Polarized Sunglasses,13,74.96,20,779.58,19.8,272.54,Cash on Delivery,2023,10,October,Q4,Thursday,34.95985017573565,974.475,194.89499999999998
ORD-10398,2023-10-05,Ayumi Garcia,Corporate,Mexico,North America,Furniture,Desk Organizer Set,1,35.29,10,31.76,6.93,3.66,Credit Card,2023,10,October,Q4,Thursday,11.523929471032746,35.28888888888889,3.52888888888889
ORD-10997,2023-10-05,Felix Kim,Corporate,Canada,North America,Furniture,Filing Cabinet 3-Drawer,4,129.8,10,467.28,10.02,145.74,PayPal,2023,10,October,Q4,Thursday,31.18900873138162,519.1999999999999,51.91999999999996
ORD-11396,2023-10-05,Zara Moreau,Consumer,Brazil,South America,Office Supplies,Desk Calendar 2025,1,6.83,0,6.83,12.47,-8.71,PayPal,2023,10,October,Q4,Thursday,-127.52562225475843,6.83,0.0
ORD-11837,2023-10-05,Richard Romano,Corporate,Brazil,South America,Furniture,Corner L-Shaped Desk,1,340.77,30,238.54,11.54,22.54,Bank Transfer,2023,10,October,Q4,Thursday,9.449148989687265,340.7714285714286,102.23142857142861
ORD-10525,2023-10-06,Patricia Kim,Consumer,Australia,Asia Pacific,Technology,Mechanical Gaming Keyboard,2,131.68,0,263.36,10.63,107.88,PayPal,2023,10,October,Q4,Friday,40.96294046172539,263.36,0.0
ORD-11453,2023-10-07,Patricia Martinez,Home Office,UAE,Middle East & Africa,Office Supplies,Sticky Notes Multicolor 6-Pack,3,12.07,15,30.78,17.69,-3.2,PayPal,2023,10,October,Q4,Saturday,-10.396361273554257,36.21176470588235,5.431764705882351
ORD-10489,2023-10-08,Richard Moreau,Corporate,UAE,Middle East & Africa,Furniture,Desk Organizer Set,2,50.05,25,75.07,12.65,2.36,Credit Card,2023,10,October,Q4,Sunday,3.1437325163181034,100.09333333333332,25.023333333333326
ORD-10750,2023-10-08,Hanna Kumar,Consumer,Argentina,South America,Office Supplies,Tape Dispenser Heavy Duty,3,21.94,5,62.53,17.25,15.66,Cash on Delivery,2023,10,October,Q4,Sunday,25.043978890132735,65.82105263157895,3.2910526315789497
ORD-10844,2023-10-08,Jessica Müller,Home Office,United Kingdom,Europe,Clothing & Accessories,Cotton Formal Shirt,5,68.42,10,307.89,11.72,125.12,Credit Card,2023,10,October,Q4,Sunday,40.63789015557504,342.09999999999997,34.20999999999998
ORD-11226,2023-10-08,Sarah Li,Consumer,Saudi Arabia,Middle East & Africa,Furniture,Floating Wall Shelves Set,5,85.91,5,408.07,19.75,130.59,PayPal,2023,10,October,Q4,Sunday,32.00186242556424,429.5473684210526,21.47736842105263
ORD-11512,2023-10-08,Ingrid Moreau,Consumer,United States,North America,Technology,Webcam HD 1080p,1,43.09,15,36.63,7.3,5.63,Credit Card,2023,10,October,Q4,Sunday,15.369915369915368,43.09411764705883,6.464117647058828
ORD-10606,2023-10-09,Robert Taylor,Home Office,Brazil,South America,Furniture,Standing Desk Converter,1,184.6,5,175.37,11.24,53.37,Credit Card,2023,10,October,Q4,Monday,30.432799224496776,184.60000000000002,9.230000000000018
ORD-11091,2023-10-09,Layla Oliveira,Home Office,Italy,Europe,Furniture,Standing Desk Converter,11,272.86,10,2701.31,26.06,874.37,Credit Card,2023,10,October,Q4,Monday,32.36836942076252,3001.4555555555553,300.14555555555535
ORD-10561,2023-10-10,Sophie Martinez,Corporate,Germany,Europe,Clothing & Accessories,Polarized Sunglasses,7,74.92,25,393.33,17.73,113.38,PayPal,2023,10,October,Q4,Tuesday,28.825668014135715,524.4399999999999,131.10999999999996
ORD-11357,2023-10-10,Liam Davis,Consumer,United Kingdom,Europe,Furniture,Mesh Back Task Chair,5,216.45,0,1082.25,16.23,416.67,Bank Transfer,2023,10,October,Q4,Tuesday,38.5003465003465,1082.25,0.0
ORD-11358,2023-10-10,Christopher Thompson,Consumer,Australia,Asia Pacific,Furniture,Bookshelf 5-Tier,3,82.78,5,235.92,13.57,73.35,Credit Card,2023,10,October,Q4,Tuesday,31.0910478128179,248.33684210526314,12.416842105263157
ORD-11575,2023-10-10,Olga Müller,Consumer,United States,North America,Technology,Wireless Bluetooth Headphones,4,211.07,5,802.07,7.73,329.99,PayPal,2023,10,October,Q4,Tuesday,41.142294313463914,844.2842105263159,42.21421052631581
ORD-11946,2023-10-10,James Harris,Corporate,Canada,North America,Furniture,Desk Organizer Set,1,19.95,0,19.95,6.89,1.09,Credit Card,2023,10,October,Q4,Tuesday,5.4636591478696745,19.95,0.0
ORD-10791,2023-10-11,Maria Tanaka,Corporate,UAE,Middle East & Africa,Furniture,Desk Organizer Set,4,37.67,10,135.61,15.83,29.37,PayPal,2023,10,October,Q4,Wednesday,21.657694860261042,150.67777777777778,15.067777777777764
ORD-11272,2023-10-11,Isabella Li,Consumer,France,Europe,Office Supplies,Tape Dispenser Heavy Duty,3,24.08,0,72.24,8.67,31.06,PayPal,2023,10,October,Q4,Wednesday,42.99557032115172,72.24,0.0
ORD-11885,2023-10-11,Kenji Romano,Corporate,Canada,North America,Technology,Tablet Stand Holder,2,19.41,15,33.0,7.48,4.17,Credit Card,2023,10,October,Q4,Wednesday,12.636363636363637,38.82352941176471,5.82352941176471
ORD-11093,2023-10-13,Oscar Thompson,Consumer,Germany,Europe,Clothing & Accessories,Canvas Messenger Bag,4,37.35,10,134.46,13.42,46.34,Credit Card,2023,10,October,Q4,Friday,34.46378105012643,149.4,14.939999999999998
ORD-10455,2023-10-14,Amir Park,Consumer,UAE,Middle East & Africa,Office Supplies,Stapler Full-Size,2,18.53,15,31.5,15.09,-0.27,PayPal,2023,10,October,Q4,Saturday,-0.8571428571428572,37.05882352941177,5.558823529411768
ORD-10568,2023-10-14,Ethan Clark,Consumer,South Korea,Asia Pacific,Office Supplies,Tape Dispenser Heavy Duty,1,20.54,5,19.51,9.89,0.38,Bank Transfer,2023,10,October,Q4,Saturday,1.9477191184008198,20.536842105263162,1.0268421052631602
ORD-11137,2023-10-15,Barbara Weber,Home Office,United Kingdom,Europe,Technology,Tablet Stand Holder,2,34.81,0,69.62,8.72,22.61,Credit Card,2023,10,October,Q4,Sunday,32.47629991381786,69.62,0.0
ORD-10417,2023-10-17,Susan Jackson,Corporate,France,Europe,Clothing & Accessories,Canvas Messenger Bag,1,62.32,5,59.2,9.28,18.76,PayPal,2023,10,October,Q4,Tuesday,31.689189189189193,62.31578947368422,3.1157894736842167
ORD-11216,2023-10-17,Maria Costa,Corporate,South Africa,Middle East & Africa,Office Supplies,Binder Clips Assorted 48pc,3,9.45,25,21.26,14.95,-6.45,PayPal,2023,10,October,Q4,Tuesday,-30.338664158043272,28.346666666666668,7.086666666666666
ORD-11974,2023-10-17,Joseph Chen,Corporate,Italy,Europe,Clothing & Accessories,Silk Tie Collection,2,34.22,0,68.44,9.61,24.61,Bank Transfer,2023,10,October,Q4,Tuesday,35.95850379894798,68.44,0.0
ORD-11062,2023-10-18,Robert Clark,Corporate,South Africa,Middle East & Africa,Technology,Mechanical Gaming Keyboard,4,65.64,25,196.92,19.34,33.17,Cash on Delivery,2023,10,October,Q4,Wednesday,16.84440381880967,262.56,65.64000000000001
ORD-11417,2023-10-18,Jessica Weber,Home Office,Saudi Arabia,Middle East & Africa,Clothing & Accessories,Cotton Formal Shirt,3,38.42,0,115.26,18.1,39.53,Credit Card,2023,10,October,Q4,Wednesday,34.29637341662329,115.26,0.0
ORD-11812,2023-10-18,Liam Jones,Consumer,South Korea,Asia Pacific,Technology,Smart LED Desk Lamp,1,46.22,15,39.29,10.54,3.33,Credit Card,2023,10,October,Q4,Wednesday,8.47543904301349,46.22352941176471,6.9335294117647095
ORD-10007,2023-10-20,Li Sharma,Consumer,Nigeria,Middle East & Africa,Technology,Mechanical Gaming Keyboard,3,146.85,10,396.49,15.07,139.12,PayPal,2023,10,October,Q4,Friday,35.08789628994426,440.5444444444444,44.054444444444414
ORD-10211,2023-10-20,Sarah Tanaka,Corporate,China,Asia Pacific,Technology,Tablet Stand Holder,4,15.34,10,55.22,16.78,4.69,PayPal,2023,10,October,Q4,Friday,8.493299529156104,61.355555555555554,6.135555555555555
ORD-11210,2023-10-20,Susan Weber,Corporate,Spain,Europe,Office Supplies,Tape Dispenser Heavy Duty,2,22.13,25,33.2,8.46,4.82,Credit Card,2023,10,October,Q4,Friday,14.518072289156624,44.26666666666667,11.06666666666667
ORD-11245,2023-10-20,Nadia Tanaka,Corporate,Italy,Europe,Technology,Noise Cancelling Earbuds,5,68.15,20,272.6,12.18,73.01,Credit Card,2023,10,October,Q4,Friday,26.78283198826119,340.75,68.14999999999998
ORD-11460,2023-10-20,Sakura Rodriguez,Corporate,United States,North America,Furniture,Folding Table Portable,1,129.24,20,103.39,5.96,19.89,Credit Card,2023,10,October,Q4,Friday,19.237837315020794,129.23749999999998,25.847499999999982
ORD-11809,2023-10-20,Michael Sato,Corporate,Japan,Asia Pacific,Clothing & Accessories,Travel Backpack 30L,1,82.52,20,66.02,9.64,15.12,Cash on Delivery,2023,10,October,Q4,Friday,22.902150863374736,82.52499999999999,16.504999999999995
ORD-10499,2023-10-21,Felix Müller,Corporate,Japan,Asia Pacific,Furniture,Folding Table Portable,5,127.98,20,511.92,13.19,114.79,Credit Card,2023,10,October,Q4,Saturday,22.423425535239883,639.9,127.97999999999996
ORD-10579,2023-10-22,Barbara Davis,Home Office,France,Europe,Technology,Laptop Stand Adjustable,9,33.48,10,271.19,12.56,92.9,Cash on Delivery,2023,10,October,Q4,Sunday,34.256425384416836,301.3222222222222,30.132222222222197
ORD-11652,2023-10-22,Lucas Suzuki,Consumer,Canada,North America,Office Supplies,Premium Notebook Set A5,1,20.53,0,20.53,6.24,5.05,Credit Card,2023,10,October,Q4,Sunday,24.59814905017048,20.53,0.0
ORD-11261,2023-10-23,Nadia Tanaka,Corporate,Argentina,South America,Furniture,Filing Cabinet 3-Drawer,7,151.92,15,903.92,23.57,242.29,Credit Card,2023,10,October,Q4,Monday,26.804363217983894,1063.4352941176471,159.51529411764716
ORD-11550,2023-10-23,Linda Russo,Consumer,Japan,Asia Pacific,Technology,Portable External SSD 1TB,3,108.96,10,294.19,14.91,99.5,PayPal,2023,10,October,Q4,Monday,33.82167986675278,326.8777777777778,32.6877777777778
ORD-11798,2023-10-23,Thomas Rodriguez,Corporate,Argentina,South America,Office Supplies,Binder Clips Assorted 48pc,7,11.09,10,69.87,22.14,12.8,Credit Card,2023,10,October,Q4,Monday,18.3197366537856,77.63333333333334,7.763333333333335
ORD-10347,2023-10-24,Ayumi Garcia,Consumer,Mexico,North America,Clothing & Accessories,Wool Blend Scarf,4,33.98,5,129.12,14.26,46.9,Credit Card,2023,10,October,Q4,Tuesday,36.322800495662946,135.9157894736842,6.795789473684209
ORD-10429,2023-10-24,Karen Robinson,Home Office,China,Asia Pacific,Technology,Wireless Ergonomic Mouse,11,52.9,0,581.9,17.52,244.33,Bank Transfer,2023,10,October,Q4,Tuesday,41.9883141433236,581.9,0.0
ORD-10461,2023-10-24,Elizabeth Fischer,Corporate,Canada,North America,Technology,Tablet Stand Holder,2,33.2,0,66.4,8.88,21.0,PayPal,2023,10,October,Q4,Tuesday,31.626506024096386,66.4,0.0
ORD-11069,2023-10-25,Fatima Williams,Consumer,Colombia,South America,Office Supplies,Tape Dispenser Heavy Duty,5,18.76,15,79.73,18.24,19.28,Cash on Delivery,2023,10,October,Q4,Wednesday,24.18161294368494,93.80000000000001,14.070000000000007
ORD-10382,2023-10-26,Layla Anderson,Home Office,Australia,Asia Pacific,Furniture,Filing Cabinet 3-Drawer,2,113.95,15,193.72,13.41,43.57,Credit Card,2023,10,October,Q4,Thursday,22.49122444765641,227.90588235294118,34.18588235294118
ORD-10530,2023-10-26,Ali Li,Corporate,Italy,Europe,Technology,Portable External SSD 1TB,2,81.19,5,154.26,10.33,54.62,PayPal,2023,10,October,Q4,Thursday,35.40775314404252,162.37894736842105,8.118947368421061
ORD-10316,2023-10-27,Fatima Kim,Corporate,Germany,Europe,Office Supplies,Highlighters Neon Pack 6,1,13.39,15,11.38,7.96,-2.61,Credit Card,2023,10,October,Q4,Friday,-22.934973637961335,13.388235294117647,2.0082352941176467
ORD-10717,2023-10-28,Elizabeth Johansson,Consumer,Brazil,South America,Furniture,Mesh Back Task Chair,5,183.81,25,689.29,20.65,117.21,Credit Card,2023,10,October,Q4,Saturday,17.00445385831798,919.0533333333333,229.76333333333332
ORD-11406,2023-10-28,Sarah Suzuki,Home Office,Canada,North America,Technology,Smart LED Desk Lamp,8,58.27,10,419.54,24.05,139.1,PayPal,2023,10,October,Q4,Saturday,33.15536063307432,466.15555555555557,46.615555555555545
ORD-10478,2023-10-29,Jamal Robinson,Home Office,South Korea,Asia Pacific,Office Supplies,Highlighters Neon Pack 6,1,7.39,5,7.02,9.58,-5.89,PayPal,2023,10,October,Q4,Sunday,-83.9031339031339,7.389473684210526,0.3694736842105266
ORD-10696,2023-11-01,Susan Chen,Corporate,China,Asia Pacific,Technology,USB-C Hub Multiport Adapter,2,38.06,5,72.31,10.58,19.86,Credit Card,2023,11,November,Q4,Wednesday,27.46508090167335,76.11578947368422,3.8057894736842144
ORD-11295,2023-11-01,Kenji Martin,Home Office,Nigeria,Middle East & Africa,Technology,Tablet Stand Holder,1,17.56,0,17.56,13.21,-5.31,Credit Card,2023,11,November,Q4,Wednesday,-30.239179954441912,17.56,0.0
ORD-11300,2023-11-01,Zara Miller,Consumer,United Kingdom,Europe,Technology,Portable External SSD 1TB,3,145.73,10,393.47,9.99,143.03,Bank Transfer,2023,11,November,Q4,Wednesday,36.350928914529696,437.1888888888889,43.7188888888889
ORD-10054,2023-11-02,Diego Jones,Corporate,China,Asia Pacific,Clothing & Accessories,Canvas Messenger Bag,1,30.54,10,27.49,10.33,1.89,PayPal,2023,11,November,Q4,Thursday,6.875227355401964,30.54444444444444,3.0544444444444423
ORD-10528,2023-11-02,Fatima Brown,Consumer,France,Europe,Technology,Webcam HD 1080p,3,40.21,0,120.63,11.66,42.62,Bank Transfer,2023,11,November,Q4,Thursday,35.3311779822598,120.63,0.0
ORD-11038,2023-11-02,Hanna Johnson,Home Office,Australia,Asia Pacific,Furniture,Ergonomic Office Chair,6,302.03,20,1449.74,13.81,348.62,Cash on Delivery,2023,11,November,Q4,Thursday,24.04707050919475,1812.175,362.43499999999995
ORD-11728,2023-11-02,Ahmed Pereira,Consumer,India,Asia Pacific,Technology,Tablet Stand Holder,2,34.8,5,66.12,10.05,17.79,Cash on Delivery,2023,11,November,Q4,Thursday,26.90562613430127,69.60000000000001,3.480000000000004
ORD-11949,2023-11-02,Fatima Yamamoto,Consumer,South Africa,Middle East & Africa,Office Supplies,Binder Clips Assorted 48pc,6,14.97,5,85.33,22.3,22.61,PayPal,2023,11,November,Q4,Thursday,26.497128794093523,89.82105263157895,4.4910526315789525
ORD-10811,2023-11-03,Joseph Romano,Consumer,Argentina,South America,Technology,Webcam HD 1080p,1,83.28,0,83.28,12.13,25.35,Credit Card,2023,11,November,Q4,Friday,30.43948126801153,83.28,0.0
ORD-11576,2023-11-03,Sarah Sharma,Consumer,France,Europe,Technology,Noise Cancelling Earbuds,7,95.46,5,634.81,20.14,247.15,Cash on Delivery,2023,11,November,Q4,Friday,38.932909059403606,668.2210526315789,33.41105263157897
ORD-10514,2023-11-05,Linda Laurent,Consumer,Germany,Europe,Office Supplies,Paper Clips Box 500pc,2,8.91,15,15.15,11.64,-4.51,PayPal,2023,11,November,Q4,Sunday,-29.768976897689768,17.823529411764707,2.673529411764706
ORD-10757,2023-11-06,Ahmed Taylor,Consumer,Colombia,South America,Clothing & Accessories,Leather Wallet Minimalist,3,64.75,0,194.25,14.63,82.5,Credit Card,2023,11,November,Q4,Monday,42.471042471042466,194.25,0.0
ORD-11470,2023-11-06,Diego Robinson,Corporate,China,Asia Pacific,Furniture,Folding Table Portable,4,127.45,15,433.33,12.43,115.02,Credit Card,2023,11,November,Q4,Monday,26.543281102162325,509.8,76.47000000000003
ORD-10801,2023-11-07,Ethan Wang,Corporate,Germany,Europe,Furniture,Folding Table Portable,4,70.54,15,239.84,11.23,59.31,Bank Transfer,2023,11,November,Q4,Tuesday,24.72898599066044,282.16470588235296,42.32470588235296
ORD-11903,2023-11-07,Wei Smith,Home Office,Japan,Asia Pacific,Office Supplies,Whiteboard Markers Set 8,7,9.27,5,61.65,19.21,13.24,Credit Card,2023,11,November,Q4,Tuesday,21.476074614760744,64.89473684210526,3.2447368421052616
ORD-10043,2023-11-09,Jennifer Kim,Consumer,United States,North America,Technology,Wireless Ergonomic Mouse,3,53.47,0,160.41,10.7,61.48,Bank Transfer,2023,11,November,Q4,Thursday,38.326787606757684,160.41,0.0
ORD-11109,2023-11-09,Jessica Park,Consumer,China,Asia Pacific,Furniture,Bookshelf 5-Tier,1,94.39,15,80.23,11.03,12.57,PayPal,2023,11,November,Q4,Thursday,15.667456063816527,94.38823529411765,14.158235294117645
ORD-10753,2023-11-10,Emma Jackson,Consumer,United States,North America,Technology,Noise Cancelling Earbuds,1,187.3,5,177.94,6.98,67.94,Credit Card,2023,11,November,Q4,Friday,38.18140946386423,187.30526315789476,9.36526315789476
ORD-10180,2023-11-12,Zara Nilsson,Consumer,Canada,North America,Furniture,Bookshelf 5-Tier,2,163.55,0,327.1,6.02,124.82,Credit Card,2023,11,November,Q4,Sunday,38.159584225007634,327.1,0.0
ORD-11761,2023-11-12,Oscar Thomas,Consumer,India,Asia Pacific,Clothing & Accessories,Sports Water Bottle 750ml,1,22.15,0,22.15,10.89,0.18,Bank Transfer,2023,11,November,Q4,Sunday,0.8126410835214447,22.15,0.0
ORD-10375,2023-11-13,Priya Leroy,Corporate,South Korea,Asia Pacific,Technology,Wireless Ergonomic Mouse,1,37.78,10,34.0,10.66,2.56,Credit Card,2023,11,November,Q4,Monday,7.529411764705883,37.77777777777778,3.7777777777777786
ORD-10795,2023-11-13,Christopher Leroy,Corporate,Germany,Europe,Furniture,Monitor Riser Wood,8,64.55,20,413.12,20.98,82.3,Credit Card,2023,11,November,Q4,Monday,19.921572424477148,516.4,103.27999999999997
ORD-10362,2023-11-14,Jennifer Romano,Corporate,Spain,Europe,Furniture,Standing Desk Converter,3,162.18,15,413.56,10.53,111.11,Cash on Delivery,2023,11,November,Q4,Tuesday,26.866718251281558,486.54117647058825,72.98117647058825
ORD-10350,2023-11-15,Felix Laurent,Corporate,Canada,North America,Technology,Smart LED Desk Lamp,1,40.47,5,38.45,6.75,9.44,Credit Card,2023,11,November,Q4,Wednesday,24.551365409622882,40.47368421052632,2.0236842105263193
ORD-12000,2023-11-15,Raj Anderson,Consumer,Argentina,South America,Office Supplies,Premium Notebook Set A5,2,10.67,15,18.14,14.02,-5.48,Credit Card,2023,11,November,Q4,Wednesday,-30.209481808158767,21.341176470588238,3.201176470588237
ORD-10559,2023-11-18,Fatima Patel,Consumer,Canada,North America,Office Supplies,Highlighters Neon Pack 6,3,11.62,15,29.63,7.43,6.51,Credit Card,2023,11,November,Q4,Saturday,21.970975362807966,34.858823529411765,5.228823529411766
ORD-10725,2023-11-18,Giulia Rossi,Corporate,Australia,Asia Pacific,Technology,Laptop Stand Adjustable,11,53.68,0,590.48,19.16,246.56,PayPal,2023,11,November,Q4,Saturday,41.75585963961523,590.48,0.0
ORD-11713,2023-11-19,Kenji Moreau,Corporate,Canada,North America,Office Supplies,Whiteboard Markers Set 8,7,7.45,5,49.54,14.62,11.45,PayPal,2023,11,November,Q4,Sunday,23.112636253532497,52.14736842105263,2.6073684210526338
ORD-10932,2023-11-20,Karen Khan,Consumer,China,Asia Pacific,Office Supplies,Desk Calendar 2025,3,10.56,5,30.1,14.07,1.77,PayPal,2023,11,November,Q4,Monday,5.880398671096345,31.68421052631579,1.5842105263157897
ORD-11566,2023-11-20,Olga Thompson,Consumer,Colombia,South America,Technology,Tablet Stand Holder,2,53.62,0,107.24,11.75,36.51,Bank Transfer,2023,11,November,Q4,Monday,34.04513241327863,107.24,0.0
ORD-10360,2023-11-21,Wei Fischer,Consumer,Argentina,South America,Office Supplies,Premium Notebook Set A5,3,20.66,0,61.98,14.39,19.7,Credit Card,2023,11,November,Q4,Tuesday,31.784446595676023,61.98,0.0
ORD-11833,2023-11-21,Ali Romano,Corporate,Japan,Asia Pacific,Office Supplies,Desk Calendar 2025,1,18.51,10,16.66,11.16,-2.83,PayPal,2023,11,November,Q4,Tuesday,-16.986794717887154,18.51111111111111,1.8511111111111092
ORD-11177,2023-11-22,Omar Costa,Corporate,United States,North America,Furniture,Ergonomic Office Chair,1,209.98,5,199.48,7.19,66.3,PayPal,2023,11,November,Q4,Wednesday,33.23641467816322,209.97894736842105,10.498947368421057
ORD-10978,2023-11-23,Diego Hassan,Consumer,France,Europe,Clothing & Accessories,Wool Blend Scarf,1,15.72,5,14.93,8.51,-1.44,PayPal,2023,11,November,Q4,Thursday,-9.645010046885465,15.715789473684211,0.7857894736842113
ORD-10041,2023-11-25,Xiao Rodriguez,Home Office,Italy,Europe,Technology,Wireless Ergonomic Mouse,2,29.09,5,55.27,9.82,13.45,Credit Card,2023,11,November,Q4,Saturday,24.33508232314094,58.178947368421056,2.908947368421053
ORD-10365,2023-11-25,Ethan Khan,Corporate,Mexico,North America,Technology,USB-C Hub Multiport Adapter,6,40.22,10,217.19,13.45,71.01,Bank Transfer,2023,11,November,Q4,Saturday,32.69487545467103,241.32222222222222,24.132222222222225
ORD-10524,2023-11-25,Oscar Costa,Consumer,United Kingdom,Europe,Office Supplies,Tape Dispenser Heavy Duty,2,9.13,10,16.43,10.19,-1.98,Credit Card,2023,11,November,Q4,Saturday,-12.051125989044431,18.255555555555556,1.8255555555555567
ORD-11789,2023-11-25,Jessica Hassan,Corporate,Italy,Europe,Office Supplies,Desk Calendar 2025,1,15.28,10,13.75,9.42,-2.55,Bank Transfer,2023,11,November,Q4,Saturday,-18.545454545454547,15.277777777777777,1.5277777777777768
ORD-10992,2023-11-26,Linda Kumar,Consumer,Mexico,North America,Furniture,Folding Table Portable,6,90.7,20,435.36,10.26,98.58,PayPal,2023,11,November,Q4,Sunday,22.64332965821389,544.1999999999999,108.83999999999992
ORD-11555,2023-11-26,Isabella Harris,Consumer,Colombia,South America,Technology,Wireless Ergonomic Mouse,5,24.47,0,122.35,17.01,38.05,Credit Card,2023,11,November,Q4,Sunday,31.09930527176134,122.35,0.0
ORD-11793,2023-11-27,Joseph Suzuki,Consumer,United States,North America,Clothing & Accessories,Cotton Formal Shirt,1,45.68,10,41.11,5.64,12.63,Bank Transfer,2023,11,November,Q4,Monday,30.722451958161034,45.67777777777778,4.567777777777778
ORD-11111,2023-11-28,Xiao Harris,Consumer,China,Asia Pacific,Office Supplies,Premium Notebook Set A5,2,9.14,0,18.28,11.84,-1.79,Bank Transfer,2023,11,November,Q4,Tuesday,-9.792122538293215,18.28,0.0
ORD-11488,2023-11-28,Pierre Leroy,Corporate,Colombia,South America,Clothing & Accessories,Travel Backpack 30L,5,43.67,15,185.6,13.12,63.3,PayPal,2023,11,November,Q4,Tuesday,34.105603448275865,218.35294117647058,32.752941176470586
ORD-11497,2023-11-29,Sarah Khan,Consumer,Spain,Europe,Furniture,Filing Cabinet 3-Drawer,4,182.4,10,656.64,9.07,209.81,PayPal,2023,11,November,Q4,Wednesday,31.952058966861603,729.6,72.96000000000004
ORD-11687,2023-11-29,Zara Nilsson,Corporate,India,Asia Pacific,Office Supplies,Whiteboard Markers Set 8,3,9.44,10,25.49,16.13,-3.38,Credit Card,2023,11,November,Q4,Wednesday,-13.26010200078462,28.32222222222222,2.832222222222221
ORD-11505,2023-11-30,Susan Leroy,Consumer,Brazil,South America,Office Supplies,Premium Notebook Set A5,1,8.8,10,7.92,11.94,-7.98,Bank Transfer,2023,11,November,Q4,Thursday,-100.75757575757575,8.799999999999999,0.879999999999999
ORD-10487,2023-12-01,Christopher Khan,Consumer,India,Asia Pacific,Technology,Webcam HD 1080p,8,55.17,5,419.29,17.64,158.9,PayPal,2023,12,December,Q4,Friday,37.89739798230342,441.3578947368421,22.067894736842106
ORD-10677,2023-12-01,Ivan Jones,Corporate,Mexico,North America,Furniture,Standing Desk Converter,4,336.19,25,1008.57,8.15,193.56,Credit Card,2023,12,December,Q4,Friday,19.191528599898867,1344.76,336.18999999999994
ORD-10044,2023-12-02,Fatima Ferrari,Corporate,Japan,Asia Pacific,Clothing & Accessories,Cotton Formal Shirt,8,48.93,10,352.3,27.53,129.05,Credit Card,2023,12,December,Q4,Saturday,36.63071246097076,391.44444444444446,39.144444444444446
ORD-11910,2023-12-02,Amir Laurent,Home Office,Canada,North America,Furniture,Bookshelf 5-Tier,6,191.06,20,917.09,19.84,209.43,Credit Card,2023,12,December,Q4,Saturday,22.836362843341437,1146.3625,229.27249999999992
ORD-10288,2023-12-03,Zara Leroy,Corporate,Japan,Asia Pacific,Furniture,Mesh Back Task Chair,4,112.46,5,427.35,18.44,139.01,Credit Card,2023,12,December,Q4,Sunday,32.52837252837252,449.8421052631579,22.492105263157896
ORD-11423,2023-12-03,Felix Laurent,Home Office,Australia,Asia Pacific,Clothing & Accessories,Silk Tie Collection,2,16.62,5,31.58,12.84,2.12,PayPal,2023,12,December,Q4,Sunday,6.713109563014568,33.242105263157896,1.6621052631578976
ORD-11442,2023-12-03,Chen Nilsson,Home Office,United Kingdom,Europe,Furniture,Monitor Riser Wood,4,42.01,5,159.64,12.21,46.61,PayPal,2023,12,December,Q4,Sunday,29.19694312202456,168.04210526315788,8.402105263157893
ORD-11827,2023-12-03,Emma Sharma,Consumer,Mexico,North America,Furniture,Monitor Riser Wood,2,43.95,20,70.32,6.77,10.81,Credit Card,2023,12,December,Q4,Sunday,15.372582480091015,87.89999999999999,17.58
ORD-11863,2023-12-03,Isabella Rossi,Home Office,Canada,North America,Furniture,Ergonomic Office Chair,5,233.71,0,1168.55,8.94,458.48,Bank Transfer,2023,12,December,Q4,Sunday,39.23494929613624,1168.55,0.0
ORD-11904,2023-12-04,Hans Martin,Consumer,Japan,Asia Pacific,Furniture,Floating Wall Shelves Set,2,55.94,0,111.88,10.95,33.8,Bank Transfer,2023,12,December,Q4,Monday,30.21094029317125,111.88,0.0
ORD-11346,2023-12-05,Jennifer Santos,Consumer,United States,North America,Furniture,Corner L-Shaped Desk,1,263.21,20,210.57,6.52,46.12,PayPal,2023,12,December,Q4,Tuesday,21.902455240537588,263.2125,52.642499999999984
ORD-11661,2023-12-05,Nadia Rossi,Consumer,Japan,Asia Pacific,Furniture,Monitor Riser Wood,2,67.5,0,135.0,13.37,40.63,Credit Card,2023,12,December,Q4,Tuesday,30.0962962962963,135.0,0.0
ORD-11944,2023-12-05,John Ferrari,Consumer,Canada,North America,Office Supplies,Premium Notebook Set A5,1,8.87,0,8.87,7.47,-2.59,PayPal,2023,12,December,Q4,Tuesday,-29.19954904171364,8.87,0.0
ORD-10109,2023-12-06,Thomas Ferrari,Consumer,Mexico,North America,Office Supplies,Premium Notebook Set A5,4,14.98,0,59.92,10.55,22.41,Credit Card,2023,12,December,Q4,Wednesday,37.39986648865153,59.92,0.0
ORD-11117,2023-12-06,Amina Jones,Consumer,Mexico,North America,Technology,Laptop Stand Adjustable,4,33.03,0,132.12,7.2,52.25,Credit Card,2023,12,December,Q4,Wednesday,39.54738116863457,132.12,0.0
ORD-11316,2023-12-06,Richard Yamamoto,Consumer,UAE,Middle East & Africa,Furniture,Monitor Riser Wood,3,66.28,0,198.84,16.2,63.34,PayPal,2023,12,December,Q4,Wednesday,31.854757594045463,198.84,0.0
ORD-11770,2023-12-06,Lucas Li,Corporate,India,Asia Pacific,Furniture,Corner L-Shaped Desk,3,216.54,0,649.62,16.39,243.46,Credit Card,2023,12,December,Q4,Wednesday,37.4772944182753,649.62,0.0
ORD-10189,2023-12-07,William Miller,Corporate,India,Asia Pacific,Office Supplies,Premium Notebook Set A5,4,17.57,15,59.74,18.73,9.38,Credit Card,2023,12,December,Q4,Thursday,15.701372614663542,70.28235294117647,10.542352941176468
ORD-10779,2023-12-07,Wei Hassan,Corporate,India,Asia Pacific,Clothing & Accessories,Travel Backpack 30L,2,68.14,25,102.21,10.95,23.12,Credit Card,2023,12,December,Q4,Thursday,22.620095881029258,136.28,34.07000000000001
ORD-11597,2023-12-07,Olivia Laurent,Consumer,Canada,North America,Office Supplies,Highlighters Neon Pack 6,1,9.23,0,9.23,6.44,-1.36,Bank Transfer,2023,12,December,Q4,Thursday,-14.734561213434452,9.23,0.0
ORD-11641,2023-12-07,Raj Khan,Home Office,United States,North America,Office Supplies,Ballpoint Pen Pack 12,1,9.6,5,9.12,5.52,-0.72,Credit Card,2023,12,December,Q4,Thursday,-7.894736842105264,9.6,0.4800000000000004
ORD-11708,2023-12-07,Ava Garcia,Consumer,Mexico,North America,Clothing & Accessories,Travel Backpack 30L,2,57.77,5,109.76,9.89,42.1,Credit Card,2023,12,December,Q4,Thursday,38.356413994169095,115.53684210526316,5.776842105263157
ORD-11825,2023-12-07,Wei Fischer,Consumer,Mexico,North America,Office Supplies,Premium Notebook Set A5,2,24.03,10,43.25,9.26,12.36,Cash on Delivery,2023,12,December,Q4,Thursday,28.578034682080922,48.05555555555556,4.805555555555557
ORD-11891,2023-12-07,Ayumi Kumar,Corporate,Mexico,North America,Clothing & Accessories,Sports Water Bottle 750ml,3,21.32,15,54.37,7.01,15.38,Credit Card,2023,12,December,Q4,Thursday,28.28765863527681,63.96470588235294,9.59470588235294
ORD-10220,2023-12-08,Elizabeth Weber,Consumer,Italy,Europe,Furniture,Monitor Riser Wood,7,67.53,10,425.44,12.11,129.7,Bank Transfer,2023,12,December,Q4,Friday,30.48608499435878,472.7111111111111,47.27111111111111
ORD-11953,2023-12-08,Liam Costa,Consumer,Colombia,South America,Office Supplies,Paper Clips Box 500pc,1,9.18,5,8.72,11.53,-6.94,PayPal,2023,12,December,Q4,Friday,-79.58715596330275,9.178947368421055,0.4589473684210539
ORD-10183,2023-12-09,Sarah Thompson,Consumer,United Kingdom,Europe,Furniture,Mesh Back Task Chair,5,152.95,5,726.51,18.94,248.72,Bank Transfer,2023,12,December,Q4,Saturday,34.23490385541837,764.7473684210527,38.23736842105268
ORD-10488,2023-12-09,Elizabeth Dubois,Consumer,Japan,Asia Pacific,Furniture,Desk Organizer Set,4,52.21,5,198.4,16.48,56.62,PayPal,2023,12,December,Q4,Saturday,28.5383064516129,208.84210526315792,10.442105263157913
ORD-11110,2023-12-09,Robert Dubois,Corporate,United States,North America,Technology,USB-C Hub Multiport Adapter,1,58.09,15,49.38,6.23,11.2,Bank Transfer,2023,12,December,Q4,Saturday,22.68124746861077,58.09411764705883,8.714117647058828
ORD-11393,2023-12-09,Liam Rossi,Corporate,Australia,Asia Pacific,Office Supplies,Ballpoint Pen Pack 12,3,9.96,15,25.4,15.0,-3.05,Bank Transfer,2023,12,December,Q4,Saturday,-12.007874015748031,29.88235294117647,4.482352941176472
ORD-10632,2023-12-10,David White,Home Office,Mexico,North America,Office Supplies,Premium Notebook Set A5,1,15.07,5,14.32,6.62,0.92,Credit Card,2023,12,December,Q4,Sunday,6.424581005586592,15.073684210526316,0.7536842105263162
ORD-11262,2023-12-10,Oscar Martinez,Corporate,Mexico,North America,Clothing & Accessories,Canvas Messenger Bag,10,38.59,10,347.31,26.11,128.25,Credit Card,2023,12,December,Q4,Sunday,36.92666493910339,385.9,38.589999999999975
ORD-10199,2023-12-11,Hans Robinson,Consumer,Canada,North America,Office Supplies,Stapler Full-Size,5,16.65,5,79.09,8.63,33.0,Credit Card,2023,12,December,Q4,Monday,41.72461752433936,83.25263157894737,4.162631578947369
ORD-10454,2023-12-11,Carlos Ali,Consumer,Canada,North America,Office Supplies,Tape Dispenser Heavy Duty,1,10.81,10,9.73,5.77,-0.9,Bank Transfer,2023,12,December,Q4,Monday,-9.249743062692703,10.811111111111112,1.0811111111111114
ORD-10658,2023-12-11,Isabella Johansson,Consumer,Nigeria,Middle East & Africa,Clothing & Accessories,Cotton Formal Shirt,3,44.11,0,132.33,13.52,52.65,Cash on Delivery,2023,12,December,Q4,Monday,39.786896395375194,132.33,0.0
ORD-11649,2023-12-11,Ava Li,Corporate,Argentina,South America,Office Supplies,Paper Clips Box 500pc,3,6.13,5,17.47,16.06,-6.87,Cash on Delivery,2023,12,December,Q4,Monday,-39.32455638236978,18.389473684210525,0.9194736842105264
ORD-11811,2023-12-11,Noah Chen,Consumer,Germany,Europe,Technology,Laptop Stand Adjustable,5,30.27,0,151.35,13.59,54.52,Credit Card,2023,12,December,Q4,Monday,36.02246448629006,151.35,0.0
ORD-11847,2023-12-11,Giulia Williams,Corporate,United Kingdom,Europe,Clothing & Accessories,Polarized Sunglasses,3,43.37,15,110.59,14.43,31.11,Bank Transfer,2023,12,December,Q4,Monday,28.130934080839133,130.1058823529412,19.51588235294119
ORD-11936,2023-12-11,Wei Santos,Consumer,Australia,Asia Pacific,Clothing & Accessories,Business Casual Blazer,3,126.07,0,378.21,16.14,172.96,Bank Transfer,2023,12,December,Q4,Monday,45.73120753020809,378.21,0.0
ORD-11986,2023-12-11,Sophie Miller,Home Office,United States,North America,Office Supplies,Whiteboard Markers Set 8,2,19.32,0,38.64,9.47,11.78,PayPal,2023,12,December,Q4,Monday,30.48654244306418,38.64,0.0
ORD-11964,2023-12-13,Linda Martin,Consumer,United States,North America,Furniture,Floating Wall Shelves Set,3,47.08,10,127.12,11.82,30.56,Bank Transfer,2023,12,December,Q4,Wednesday,24.040276903713025,141.24444444444444,14.124444444444435
ORD-11968,2023-12-13,Karen Smith,Consumer,Spain,Europe,Furniture,Filing Cabinet 3-Drawer,5,109.55,10,492.98,16.35,147.98,Credit Card,2023,12,December,Q4,Wednesday,30.017444926771873,547.7555555555556,54.77555555555557
ORD-10508,2023-12-14,William Chen,Consumer,France,Europe,Technology,Webcam HD 1080p,4,32.24,5,122.51,13.12,38.46,PayPal,2023,12,December,Q4,Thursday,31.393355644437186,128.95789473684212,6.447894736842116
ORD-11337,2023-12-14,Diego Anderson,Consumer,Nigeria,Middle East & Africa,Clothing & Accessories,Leather Wallet Minimalist,1,32.68,5,31.05,13.1,1.61,Credit Card,2023,12,December,Q4,Thursday,5.185185185185185,32.684210526315795,1.634210526315794
ORD-11463,2023-12-16,Ingrid Zhang,Corporate,Australia,Asia Pacific,Technology,Mechanical Gaming Keyboard,8,85.21,15,579.43,13.75,190.76,PayPal,2023,12,December,Q4,Saturday,32.92200956112041,681.6823529411764,102.25235294117647
ORD-11449,2023-12-17,Giulia Johnson,Corporate,South Korea,Asia Pacific,Technology,Wireless Bluetooth Headphones,3,166.63,0,499.89,14.84,210.11,Bank Transfer,2023,12,December,Q4,Sunday,42.03124687431235,499.89,0.0
ORD-10474,2023-12-18,Kenji Schmidt,Consumer,Canada,North America,Office Supplies,Sticky Notes Multicolor 6-Pack,10,9.33,15,79.3,10.95,26.36,Credit Card,2023,12,December,Q4,Monday,33.24085750315259,93.29411764705883,13.994117647058829
ORD-10495,2023-12-18,Mary Laurent,Consumer,Canada,North America,Clothing & Accessories,Sports Water Bottle 750ml,5,8.1,20,32.4,16.7,-4.55,Cash on Delivery,2023,12,December,Q4,Monday,-14.04320987654321,40.49999999999999,8.099999999999994
ORD-11233,2023-12-18,Maria Miller,Corporate,Canada,North America,Office Supplies,Whiteboard Markers Set 8,3,17.75,15,45.26,10.14,11.16,Credit Card,2023,12,December,Q4,Monday,24.657534246575345,53.24705882352941,7.987058823529409
ORD-11248,2023-12-18,Amina Taylor,Home Office,Germany,Europe,Furniture,Folding Table Portable,4,59.95,5,227.81,13.86,70.07,PayPal,2023,12,December,Q4,Monday,30.758087880251082,239.8,11.990000000000009
ORD-11998,2023-12-18,Zara Smith,Corporate,United States,North America,Office Supplies,Paper Clips Box 500pc,4,3.66,20,11.71,13.72,-8.6,Credit Card,2023,12,December,Q4,Monday,-73.44150298889836,14.637500000000001,2.9275
ORD-10126,2023-12-20,Diego Thomas,Consumer,Nigeria,Middle East & Africa,Clothing & Accessories,Leather Wallet Minimalist,6,64.86,20,311.33,25.84,90.91,PayPal,2023,12,December,Q4,Wednesday,29.200526772235246,389.16249999999997,77.83249999999998
ORD-11345,2023-12-20,Isabella Johnson,Consumer,Saudi Arabia,Middle East & Africa,Furniture,Floating Wall Shelves Set,4,94.69,10,340.88,14.7,98.92,Credit Card,2023,12,December,Q4,Wednesday,29.019009622154424,378.75555555555553,37.875555555555536
ORD-11967,2023-12-20,Elizabeth Harris,Home Office,Australia,Asia Pacific,Technology,Webcam HD 1080p,1,36.01,5,34.21,9.7,4.7,Credit Card,2023,12,December,Q4,Wednesday,13.73867290266004,36.01052631578948,1.800526315789476
ORD-10197,2023-12-21,Sarah Rossi,Consumer,Mexico,North America,Office Supplies,Highlighters Neon Pack 6,1,6.89,15,5.86,6.74,-3.98,Cash on Delivery,2023,12,December,Q4,Thursday,-67.91808873720136,6.894117647058824,1.0341176470588236
ORD-11579,2023-12-21,Felix Davis,Home Office,Mexico,North America,Technology,Portable External SSD 1TB,1,98.38,0,98.38,6.62,37.65,PayPal,2023,12,December,Q4,Thursday,38.2699735718642,98.38,0.0
ORD-10237,2023-12-22,Hans Rossi,Home Office,India,Asia Pacific,Technology,Tablet Stand Holder,5,27.72,5,131.67,17.42,38.02,Bank Transfer,2023,12,December,Q4,Friday,28.875218348902564,138.6,6.930000000000007
ORD-10587,2023-12-22,James Ferrari,Consumer,Colombia,South America,Furniture,Corner L-Shaped Desk,3,371.61,15,947.61,15.39,263.32,Credit Card,2023,12,December,Q4,Friday,27.78780299912411,1114.8352941176472,167.2252941176472
ORD-10724,2023-12-22,Joseph Martinez,Consumer,South Korea,Asia Pacific,Furniture,Ergonomic Office Chair,2,288.74,20,461.98,11.82,103.67,Bank Transfer,2023,12,December,Q4,Friday,22.440365383782847,577.475,115.495
ORD-10127,2023-12-23,David Leroy,Corporate,Saudi Arabia,Middle East & Africa,Office Supplies,Tape Dispenser Heavy Duty,12,11.81,15,120.46,22.68,34.01,PayPal,2023,12,December,Q4,Saturday,28.23343848580442,141.71764705882353,21.257647058823537
ORD-10230,2023-12-23,Ava Yamamoto,Corporate,India,Asia Pacific,Technology,Smart LED Desk Lamp,3,67.73,10,182.87,11.07,60.05,Credit Card,2023,12,December,Q4,Saturday,32.8375348608301,203.1888888888889,20.318888888888893
ORD-10318,2023-12-23,Priya Costa,Corporate,South Korea,Asia Pacific,Furniture,Mesh Back Task Chair,4,166.71,20,533.47,15.13,118.24,Credit Card,2023,12,December,Q4,Saturday,22.164320392899317,666.8375,133.36749999999995
ORD-10827,2023-12-24,Priya Martin,Home Office,Mexico,North America,Technology,Tablet Stand Holder,1,41.24,10,37.12,5.87,8.57,PayPal,2023,12,December,Q4,Sunday,23.087284482758623,41.24444444444444,4.124444444444443
ORD-11663,2023-12-24,Olivia Patel,Home Office,France,Europe,Technology,Portable External SSD 1TB,5,81.1,10,364.95,17.85,124.07,Credit Card,2023,12,December,Q4,Sunday,33.99643786820113,405.5,40.55000000000001
ORD-10149,2023-12-25,Barbara Sharma,Corporate,United Kingdom,Europe,Furniture,Bookshelf 5-Tier,1,190.75,20,152.6,9.08,29.07,Credit Card,2023,12,December,Q4,Monday,19.049803407601573,190.74999999999997,38.14999999999998
ORD-11020,2023-12-25,Liam Romano,Home Office,France,Europe,Technology,Laptop Stand Adjustable,1,69.13,15,58.76,7.83,12.91,Credit Card,2023,12,December,Q4,Monday,21.970728386657594,69.12941176470588,10.36941176470588
ORD-10218,2023-12-26,Olga Davis,Consumer,India,Asia Pacific,Technology,USB-C Hub Multiport Adapter,1,51.57,20,41.26,10.55,2.35,Bank Transfer,2023,12,December,Q4,Tuesday,5.6955889481337865,51.574999999999996,10.314999999999998
ORD-10409,2023-12-26,Noah Ali,Consumer,Japan,Asia Pacific,Technology,Webcam HD 1080p,3,85.34,5,243.22,10.71,91.7,Credit Card,2023,12,December,Q4,Tuesday,37.70249157141682,256.021052631579,12.801052631578983
ORD-10439,2023-12-26,Ayumi Tanaka,Corporate,Colombia,South America,Office Supplies,Binder Clips Assorted 48pc,4,11.72,5,44.54,14.16,9.28,Bank Transfer,2023,12,December,Q4,Tuesday,20.835204310731925,46.88421052631579,2.3442105263157913
ORD-10591,2023-12-26,Isabella Anderson,Corporate,South Korea,Asia Pacific,Technology,USB-C Hub Multiport Adapter,1,53.57,25,40.18,11.21,-0.49,Cash on Delivery,2023,12,December,Q4,Tuesday,-1.2195121951219512,53.57333333333333,13.39333333333333
ORD-10825,2023-12-26,Raj Singh,Consumer,South Korea,Asia Pacific,Office Supplies,Paper Clips Box 500pc,2,8.93,0,17.86,10.04,-0.22,Credit Card,2023,12,December,Q4,Tuesday,-1.2318029115341547,17.86,0.0
ORD-11187,2023-12-26,Ali Weber,Corporate,China,Asia Pacific,Clothing & Accessories,Canvas Messenger Bag,5,57.59,5,273.55,16.19,113.38,PayPal,2023,12,December,Q4,Tuesday,41.447632973862184,287.94736842105266,14.397368421052647
ORD-11830,2023-12-26,John Miller,Home Office,Canada,North America,Technology,Tablet Stand Holder,3,25.88,15,65.99,6.99,16.3,Credit Card,2023,12,December,Q4,Tuesday,24.700712229125628,77.63529411764705,11.645294117647055
ORD-11418,2023-12-27,Ahmed Jackson,Consumer,Argentina,South America,Furniture,Floating Wall Shelves Set,2,85.83,15,145.91,13.6,29.31,PayPal,2023,12,December,Q4,Wednesday,20.08772531012268,171.65882352941176,25.748823529411766
ORD-11457,2023-12-27,Hanna Dubois,Corporate,Australia,Asia Pacific,Furniture,Bookshelf 5-Tier,2,139.67,15,237.44,13.84,56.0,Credit Card,2023,12,December,Q4,Wednesday,23.58490566037736,279.34117647058827,41.90117647058827
ORD-11996,2023-12-27,Priya Li,Consumer,Colombia,South America,Office Supplies,Highlighters Neon Pack 6,5,8.83,0,44.15,19.01,5.27,Bank Transfer,2023,12,December,Q4,Wednesday,11.936579841449603,44.15,0.0
ORD-11147,2023-12-28,Priya Johansson,Consumer,India,Asia Pacific,Furniture,Filing Cabinet 3-Drawer,1,172.7,0,172.7,11.33,57.75,Bank Transfer,2023,12,December,Q4,Thursday,33.439490445859875,172.7,0.0
ORD-11437,2023-12-31,Sarah Johnson,Consumer,Germany,Europe,Furniture,Bookshelf 5-Tier,1,162.05,5,153.95,9.38,47.34,PayPal,2023,12,December,Q4,Sunday,30.75024358557974,162.05263157894737,8.102631578947381
ORD-10010,2024-01-01,James Li,Home Office,Mexico,North America,Technology,Portable External SSD 1TB,3,135.75,0,407.25,8.74,174.52,Credit Card,2024,1,January,Q1,Monday,42.853284223449975,407.25,0.0
ORD-11510,2024-01-01,Olga Pereira,Consumer,Italy,Europe,Clothing & Accessories,Cotton Formal Shirt,2,50.45,0,100.9,10.54,39.91,PayPal,2024,1,January,Q1,Monday,39.55401387512388,100.9,0.0
ORD-10052,2024-01-03,Ali Miller,Home Office,Canada,North America,Office Supplies,Desk Calendar 2025,11,9.84,10,97.42,25.84,22.87,Credit Card,2024,1,January,Q1,Wednesday,23.47567234654075,108.24444444444444,10.824444444444438
ORD-10430,2024-01-04,Chen Johansson,Corporate,Colombia,South America,Furniture,Corner L-Shaped Desk,1,246.96,10,222.26,10.51,63.57,PayPal,2024,1,January,Q1,Thursday,28.60163772158733,246.95555555555555,24.695555555555558
ORD-11467,2024-01-04,Jamal Patel,Consumer,United Kingdom,Europe,Office Supplies,Stapler Full-Size,2,17.17,5,32.62,10.14,7.03,Bank Transfer,2024,1,January,Q1,Thursday,21.55119558553035,34.33684210526316,1.7168421052631615
ORD-11720,2024-01-04,Diego Nilsson,Consumer,Italy,Europe,Office Supplies,Stapler Full-Size,1,11.89,0,11.89,7.53,-0.99,Bank Transfer,2024,1,January,Q1,Thursday,-8.32632464255677,11.89,0.0
ORD-10673,2024-01-06,Jessica Kim,Corporate,Brazil,South America,Office Supplies,Premium Notebook Set A5,5,17.43,0,87.15,13.79,34.14,Credit Card,2024,1,January,Q1,Saturday,39.17383820998278,87.15,0.0
ORD-10709,2024-01-07,Olga Ahmed,Consumer,Italy,Europe,Clothing & Accessories,Leather Belt Classic,3,22.55,10,60.89,12.39,14.67,Credit Card,2024,1,January,Q1,Sunday,24.092626046969944,67.65555555555555,6.765555555555551
ORD-10323,2024-01-08,Hans Costa,Consumer,Mexico,North America,Furniture,Bookshelf 5-Tier,2,161.39,5,306.64,8.36,104.61,Credit Card,2024,1,January,Q1,Monday,34.11492303678581,322.77894736842103,16.138947368421043
ORD-10650,2024-01-08,Carlos Ahmed,Consumer,Canada,North America,Technology,Tablet Stand Holder,1,47.57,0,47.57,5.87,15.54,Bank Transfer,2024,1,January,Q1,Monday,32.66764767710742,47.57,0.0
ORD-10718,2024-01-08,Ivan Li,Consumer,United States,North America,Furniture,Corner L-Shaped Desk,4,259.86,5,987.47,13.35,350.46,Credit Card,2024,1,January,Q1,Monday,35.490698451598526,1039.442105263158,51.97210526315803
ORD-10962,2024-01-09,Ayumi Suzuki,Corporate,Colombia,South America,Clothing & Accessories,Sports Water Bottle 750ml,6,12.29,5,70.05,13.2,19.98,Bank Transfer,2024,1,January,Q1,Tuesday,28.522483940042832,73.73684210526316,3.6868421052631675
ORD-11993,2024-01-09,Hanna Taylor,Home Office,Mexico,North America,Furniture,Ergonomic Office Chair,3,192.53,0,577.59,10.09,220.95,Credit Card,2024,1,January,Q1,Tuesday,38.25377863190152,577.59,0.0
ORD-10925,2024-01-10,Linda Müller,Corporate,Canada,North America,Office Supplies,Sticky Notes Multicolor 6-Pack,4,6.51,5,24.74,14.84,-1.82,Credit Card,2024,1,January,Q1,Wednesday,-7.3565076798706555,26.042105263157893,1.3021052631578947
ORD-11362,2024-01-10,Priya Smith,Consumer,Spain,Europe,Technology,Wireless Ergonomic Mouse,1,32.02,5,30.42,8.28,4.53,Cash on Delivery,2024,1,January,Q1,Wednesday,14.891518737672586,32.021052631578954,1.601052631578952
ORD-11372,2024-01-10,William Ahmed,Home Office,Mexico,North America,Technology,Wireless Bluetooth Headphones,2,155.87,15,264.98,6.43,87.09,PayPal,2024,1,January,Q1,Wednesday,32.866631443882554,311.74117647058824,46.761176470588225
ORD-11551,2024-01-11,Nadia Martin,Home Office,China,Asia Pacific,Technology,Wireless Ergonomic Mouse,5,62.1,0,310.5,11.64,128.08,Bank Transfer,2024,1,January,Q1,Thursday,41.24959742351047,310.5,0.0
ORD-10476,2024-01-13,Jennifer Khan,Corporate,France,Europe,Office Supplies,Whiteboard Markers Set 8,1,21.65,10,19.48,9.45,0.29,PayPal,2024,1,January,Q1,Saturday,1.4887063655030799,21.644444444444446,2.1644444444444453
ORD-11431,2024-01-13,Karen Wang,Home Office,Colombia,South America,Clothing & Accessories,Polarized Sunglasses,1,21.54,15,18.31,12.49,-4.95,Credit Card,2024,1,January,Q1,Saturday,-27.034407427635177,21.541176470588233,3.2311764705882347
ORD-11861,2024-01-13,Maria Khan,Home Office,South Africa,Middle East & Africa,Technology,Portable External SSD 1TB,2,75.67,0,151.34,12.13,55.97,Credit Card,2024,1,January,Q1,Saturday,36.982952292850534,151.34,0.0
ORD-11992,2024-01-13,Olivia Miller,Consumer,Mexico,North America,Clothing & Accessories,Cotton Formal Shirt,6,51.47,20,247.06,17.98,74.67,Bank Transfer,2024,1,January,Q1,Saturday,30.22342750748806,308.825,61.764999999999986
ORD-10152,2024-01-14,Ivan Dubois,Consumer,United Kingdom,Europe,Furniture,Filing Cabinet 3-Drawer,2,81.16,5,154.2,9.07,47.74,Credit Card,2024,1,January,Q1,Sunday,30.959792477302205,162.31578947368422,8.11578947368423
ORD-10672,2024-01-14,Thomas Miller,Consumer,South Korea,Asia Pacific,Office Supplies,Binder Clips Assorted 48pc,3,11.12,15,28.36,13.43,-0.08,PayPal,2024,1,January,Q1,Sunday,-0.2820874471086037,33.36470588235294,5.004705882352944
ORD-10880,2024-01-16,Barbara Davis,Home Office,United States,North America,Office Supplies,Premium Notebook Set A5,5,21.03,0,105.15,11.25,46.58,Credit Card,2024,1,January,Q1,Tuesday,44.29862101759391,105.15,0.0
ORD-11107,2024-01-16,Ayumi Martinez,Consumer,South Africa,Middle East & Africa,Furniture,Floating Wall Shelves Set,7,34.67,10,218.42,22.52,50.29,Bank Transfer,2024,1,January,Q1,Tuesday,23.02444831059427,242.68888888888887,24.26888888888888
ORD-11424,2024-01-17,Felix Taylor,Home Office,Mexico,North America,Office Supplies,Highlighters Neon Pack 6,2,11.84,10,21.31,9.87,0.78,Credit Card,2024,1,January,Q1,Wednesday,3.6602534021586113,23.677777777777777,2.3677777777777784
ORD-11592,2024-01-17,Mia Clark,Consumer,Japan,Asia Pacific,Technology,Smart LED Desk Lamp,4,27.55,20,88.16,14.39,13.16,Bank Transfer,2024,1,January,Q1,Wednesday,14.927404718693285,110.19999999999999,22.039999999999992
ORD-10695,2024-01-18,William Kim,Consumer,South Korea,Asia Pacific,Office Supplies,Paper Clips Box 500pc,1,9.96,15,8.47,9.9,-5.91,Bank Transfer,2024,1,January,Q1,Thursday,-69.77567886658795,9.964705882352941,1.4947058823529407
ORD-10116,2024-01-19,Ivan Smith,Corporate,Canada,North America,Technology,Webcam HD 1080p,3,34.06,10,91.96,12.43,23.33,PayPal,2024,1,January,Q1,Friday,25.36972596781209,102.17777777777776,10.21777777777777
ORD-10775,2024-01-19,Susan Zhang,Consumer,Canada,North America,Furniture,Floating Wall Shelves Set,2,61.68,20,98.69,6.34,18.33,PayPal,2024,1,January,Q1,Friday,18.573310365791873,123.3625,24.6725
ORD-11033,2024-01-19,Yuki Chen,Consumer,China,Asia Pacific,Office Supplies,Sticky Notes Multicolor 6-Pack,4,5.79,10,20.84,15.81,-5.39,PayPal,2024,1,January,Q1,Friday,-25.863723608445294,23.155555555555555,2.315555555555555
ORD-10866,2024-01-20,Jamal Jones,Home Office,Mexico,North America,Technology,Wireless Ergonomic Mouse,1,36.55,5,34.72,5.81,8.81,Credit Card,2024,1,January,Q1,Saturday,25.37442396313364,36.54736842105263,1.8273684210526326
ORD-11159,2024-01-20,James Kumar,Corporate,Mexico,North America,Technology,Smart LED Desk Lamp,4,35.55,5,135.09,11.22,45.66,Credit Card,2024,1,January,Q1,Saturday,33.79968909615811,142.20000000000002,7.110000000000014
ORD-10471,2024-01-21,Zara Müller,Corporate,Japan,Asia Pacific,Furniture,Standing Desk Converter,1,197.67,25,148.25,9.65,20.0,Credit Card,2024,1,January,Q1,Sunday,13.490725126475548,197.66666666666666,49.41666666666666
ORD-10549,2024-01-21,Thomas Rodriguez,Consumer,United States,North America,Technology,USB-C Hub Multiport Adapter,2,49.24,10,88.63,9.16,25.31,Credit Card,2024,1,January,Q1,Sunday,28.556922035428183,98.47777777777777,9.847777777777779
ORD-11273,2024-01-21,Richard Rodriguez,Corporate,United Kingdom,Europe,Clothing & Accessories,Canvas Messenger Bag,3,74.46,20,178.7,12.62,54.39,PayPal,2024,1,January,Q1,Sunday,30.436485730274203,223.37499999999997,44.67499999999998
ORD-10067,2024-01-22,Noah Leroy,Corporate,France,Europe,Technology,Smart LED Desk Lamp,5,36.68,0,183.4,16.95,65.58,Bank Transfer,2024,1,January,Q1,Monday,35.75790621592148,183.4,0.0
ORD-10498,2024-01-22,Kenji White,Corporate,Canada,North America,Clothing & Accessories,Leather Wallet Minimalist,2,61.95,0,123.9,8.7,53.25,PayPal,2024,1,January,Q1,Monday,42.97820823244552,123.9,0.0
ORD-10265,2024-01-24,Nadia Zhang,Consumer,South Korea,Asia Pacific,Office Supplies,Tape Dispenser Heavy Duty,3,18.85,20,45.24,12.65,7.14,Credit Card,2024,1,January,Q1,Wednesday,15.782493368700266,56.55,11.309999999999995
ORD-10662,2024-01-24,Liam Tanaka,Corporate,United States,North America,Clothing & Accessories,Wool Blend Scarf,5,49.71,25,186.41,8.76,53.37,PayPal,2024,1,January,Q1,Wednesday,28.630438281208086,248.54666666666665,62.136666666666656
ORD-11015,2024-01-27,Clara Rodriguez,Corporate,United States,North America,Clothing & Accessories,Travel Backpack 30L,3,59.07,20,141.77,11.25,41.92,Credit Card,2024,1,January,Q1,Saturday,29.569020244057278,177.2125,35.442499999999995
ORD-11782,2024-01-27,Oscar Pereira,Corporate,China,Asia Pacific,Office Supplies,Premium Notebook Set A5,2,21.61,15,36.74,13.06,4.23,Bank Transfer,2024,1,January,Q1,Saturday,11.51333696243876,43.22352941176471,6.483529411764707
ORD-10032,2024-01-28,Oscar Khan,Consumer,United States,North America,Clothing & Accessories,Leather Belt Classic,2,39.62,5,75.28,6.0,29.66,Credit Card,2024,1,January,Q1,Sunday,39.39957492029755,79.2421052631579,3.962105263157895
ORD-10004,2024-01-29,Amir Garcia,Corporate,South Africa,Middle East & Africa,Technology,Mechanical Gaming Keyboard,12,150.5,20,1444.8,37.8,413.7,Credit Card,2024,1,January,Q1,Monday,28.63372093023256,1805.9999999999998,361.1999999999998
ORD-10051,2024-01-30,Chen Thompson,Consumer,Mexico,North America,Office Supplies,Desk Calendar 2025,5,8.68,0,43.4,13.4,10.47,Bank Transfer,2024,1,January,Q1,Tuesday,24.124423963133644,43.4,0.0
ORD-10878,2024-01-31,Clara Sato,Home Office,Japan,Asia Pacific,Furniture,Monitor Riser Wood,2,29.62,5,56.28,10.79,9.95,PayPal,2024,1,January,Q1,Wednesday,17.67945984363895,59.242105263157896,2.962105263157895
ORD-11208,2024-01-31,Thomas Suzuki,Corporate,United States,North America,Technology,Mechanical Gaming Keyboard,2,96.97,15,164.85,9.27,48.91,Bank Transfer,2024,1,January,Q1,Wednesday,29.669396420988775,193.94117647058823,29.091176470588238
ORD-11547,2024-01-31,Mary Russo,Home Office,Argentina,South America,Office Supplies,Binder Clips Assorted 48pc,1,15.66,0,15.66,10.77,-2.16,Credit Card,2024,1,January,Q1,Wednesday,-13.793103448275861,15.66,0.0
ORD-10100,2024-02-02,Fatima Jones,Corporate,Mexico,North America,Furniture,Bookshelf 5-Tier,1,93.08,5,88.43,6.7,25.88,Bank Transfer,2024,2,February,Q1,Friday,29.266086169851857,93.0842105263158,4.654210526315794
ORD-10110,2024-02-02,Ayumi White,Corporate,Italy,Europe,Clothing & Accessories,Leather Wallet Minimalist,2,38.08,10,68.54,10.11,20.35,Cash on Delivery,2024,2,February,Q1,Friday,29.69069156696819,76.15555555555557,7.615555555555559
ORD-10928,2024-02-03,Olga Pereira,Home Office,Australia,Asia Pacific,Office Supplies,Highlighters Neon Pack 6,1,13.92,5,13.22,10.04,-3.08,PayPal,2024,2,February,Q1,Saturday,-23.29803328290469,13.915789473684212,0.6957894736842114
ORD-11928,2024-02-03,Kenji Dubois,Home Office,Spain,Europe,Furniture,Mesh Back Task Chair,2,297.8,0,595.6,11.67,226.57,PayPal,2024,2,February,Q1,Saturday,38.040631296171924,595.6,0.0
ORD-10440,2024-02-04,Marco Sharma,Corporate,Germany,Europe,Office Supplies,Desk Calendar 2025,1,10.39,0,10.39,7.64,-1.93,PayPal,2024,2,February,Q1,Sunday,-18.57555341674687,10.39,0.0
ORD-11047,2024-02-04,Yuki Ferrari,Corporate,United States,North America,Furniture,Filing Cabinet 3-Drawer,2,214.42,20,343.07,6.04,79.73,Credit Card,2024,2,February,Q1,Sunday,23.240155070393797,428.8375,85.76749999999998
ORD-11456,2024-02-04,Ahmed Singh,Corporate,United States,North America,Technology,Portable External SSD 1TB,4,96.59,0,386.36,8.86,165.0,PayPal,2024,2,February,Q1,Sunday,42.706284294440415,386.36,0.0
ORD-10297,2024-02-07,Hans Patel,Corporate,South Korea,Asia Pacific,Clothing & Accessories,Canvas Messenger Bag,12,54.17,0,650.04,38.1,286.92,Bank Transfer,2024,2,February,Q1,Wednesday,44.138822226324535,650.04,0.0
ORD-11139,2024-02-07,Priya Laurent,Consumer,Spain,Europe,Clothing & Accessories,Business Casual Blazer,4,90.04,5,342.15,13.31,148.76,Bank Transfer,2024,2,February,Q1,Wednesday,43.47800672219787,360.1578947368421,18.007894736842104
ORD-11704,2024-02-07,Clara Miller,Consumer,Italy,Europe,Technology,Webcam HD 1080p,2,33.73,15,57.34,11.05,9.19,Credit Card,2024,2,February,Q1,Wednesday,16.027206138821064,67.45882352941177,10.11882352941177
ORD-10031,2024-02-08,Yuki Martin,Consumer,Spain,Europe,Technology,Webcam HD 1080p,4,67.39,0,269.56,16.2,105.1,PayPal,2024,2,February,Q1,Thursday,38.98946431221249,269.56,0.0
ORD-10923,2024-02-08,Hans Martinez,Consumer,Japan,Asia Pacific,Furniture,Ergonomic Office Chair,6,443.99,15,2264.35,18.29,647.7,Credit Card,2024,2,February,Q1,Thursday,28.604235210987706,2663.9411764705883,399.5911764705884
ORD-10958,2024-02-10,John Zhang,Home Office,United Kingdom,Europe,Technology,Wireless Bluetooth Headphones,1,216.25,5,205.44,7.52,78.98,PayPal,2024,2,February,Q1,Saturday,38.44431464174455,216.2526315789474,10.81263157894739
ORD-11599,2024-02-10,Nadia Martin,Consumer,South Korea,Asia Pacific,Clothing & Accessories,Business Casual Blazer,2,89.21,15,151.66,13.6,48.85,Credit Card,2024,2,February,Q1,Saturday,32.210207042067786,178.42352941176472,26.763529411764722
ORD-11625,2024-02-11,Jennifer Ali,Corporate,Argentina,South America,Furniture,Corner L-Shaped Desk,8,180.57,10,1300.1,17.58,415.78,Credit Card,2024,2,February,Q1,Sunday,31.98061687562495,1444.5555555555554,144.45555555555552
ORD-11705,2024-02-11,Jennifer Martinez,Corporate,UAE,Middle East & Africa,Technology,Wireless Ergonomic Mouse,2,22.02,5,41.84,13.18,4.44,Cash on Delivery,2024,2,February,Q1,Sunday,10.611854684512428,44.0421052631579,2.202105263157897
ORD-10346,2024-02-12,Marco Hassan,Consumer,Mexico,North America,Office Supplies,Tape Dispenser Heavy Duty,5,10.97,5,52.11,14.23,13.2,PayPal,2024,2,February,Q1,Monday,25.331030512377662,54.85263157894737,2.7426315789473676
ORD-10338,2024-02-13,Maria Zhang,Corporate,Argentina,South America,Technology,Portable External SSD 1TB,1,78.61,5,74.68,11.74,19.7,Credit Card,2024,2,February,Q1,Tuesday,26.379217996786288,78.61052631578949,3.9305263157894785
ORD-10935,2024-02-13,Patricia Khan,Consumer,Spain,Europe,Office Supplies,Highlighters Neon Pack 6,1,12.56,0,12.56,8.15,-1.24,PayPal,2024,2,February,Q1,Tuesday,-9.872611464968152,12.56,0.0
ORD-11263,2024-02-14,Susan Zhang,Consumer,Saudi Arabia,Middle East & Africa,Clothing & Accessories,Business Casual Blazer,4,108.96,0,435.84,18.91,199.01,Cash on Delivery,2024,2,February,Q1,Wednesday,45.66125183553598,435.84,0.0
ORD-11724,2024-02-14,Lucas Rodriguez,Consumer,United States,North America,Furniture,Desk Organizer Set,4,40.58,5,154.2,13.86,42.95,PayPal,2024,2,February,Q1,Wednesday,27.85343709468224,162.31578947368422,8.11578947368423
ORD-11580,2024-02-15,Chen Garcia,Consumer,China,Asia Pacific,Technology,Smart LED Desk Lamp,1,28.43,0,28.43,11.31,1.48,Cash on Delivery,2024,2,February,Q1,Thursday,5.205768554344003,28.43,0.0
ORD-10292,2024-02-16,Omar Costa,Corporate,Saudi Arabia,Middle East & Africa,Office Supplies,Whiteboard Markers Set 8,1,20.74,15,17.63,13.45,-5.15,Credit Card,2024,2,February,Q1,Friday,-29.2115711854793,20.741176470588236,3.111176470588237
ORD-11565,2024-02-17,Omar Williams,Consumer,South Korea,Asia Pacific,Clothing & Accessories,Leather Belt Classic,5,48.34,25,181.28,14.29,46.14,Credit Card,2024,2,February,Q1,Saturday,25.452338923212707,241.70666666666668,60.42666666666668
ORD-10413,2024-02-18,Li Laurent,Consumer,United States,North America,Furniture,Ergonomic Office Chair,7,429.66,0,3007.62,13.26,1189.79,PayPal,2024,2,February,Q1,Sunday,39.559186333379884,3007.62,0.0
ORD-10503,2024-02-18,Elizabeth Singh,Corporate,Australia,Asia Pacific,Furniture,Floating Wall Shelves Set,2,48.32,20,77.31,12.19,7.14,Cash on Delivery,2024,2,February,Q1,Sunday,9.235545207605742,96.6375,19.3275
ORD-10510,2024-02-18,Olivia Anderson,Corporate,Italy,Europe,Clothing & Accessories,Cotton Formal Shirt,3,62.02,5,176.76,8.79,74.94,Cash on Delivery,2024,2,February,Q1,Sunday,42.39646978954515,186.06315789473683,9.303157894736842
ORD-10165,2024-02-21,Hanna Leroy,Corporate,France,Europe,Technology,Wireless Ergonomic Mouse,1,62.36,15,53.01,7.88,10.83,Credit Card,2024,2,February,Q1,Wednesday,20.43010752688172,62.36470588235294,9.354705882352945
ORD-10529,2024-02-21,Chen Santos,Corporate,Mexico,North America,Clothing & Accessories,Canvas Messenger Bag,3,43.72,0,131.16,11.64,53.94,PayPal,2024,2,February,Q1,Wednesday,41.12534309240622,131.16,0.0
ORD-10819,2024-02-21,Oscar Wang,Home Office,United Kingdom,Europe,Clothing & Accessories,Sports Water Bottle 750ml,5,13.07,0,65.35,13.22,19.45,Bank Transfer,2024,2,February,Q1,Wednesday,29.7628156082632,65.35,0.0
ORD-11638,2024-02-21,Maria Ferrari,Corporate,United States,North America,Furniture,Standing Desk Converter,1,246.49,10,221.84,6.91,67.04,Credit Card,2024,2,February,Q1,Wednesday,30.21997836278399,246.48888888888888,24.648888888888877
ORD-11671,2024-02-23,Jennifer Tanaka,Consumer,Canada,North America,Clothing & Accessories,Sports Water Bottle 750ml,7,23.26,5,154.68,15.24,58.03,Credit Card,2024,2,February,Q1,Friday,37.51616239979312,162.82105263157897,8.141052631578958
ORD-10156,2024-02-25,Karen Anderson,Consumer,United Kingdom,Europe,Furniture,Floating Wall Shelves Set,1,61.18,0,61.18,8.33,16.14,PayPal,2024,2,February,Q1,Sunday,26.38117031709709,61.18,0.0
ORD-10708,2024-02-27,Susan Li,Corporate,France,Europe,Technology,Portable External SSD 1TB,4,78.35,20,250.72,12.16,66.19,PayPal,2024,2,February,Q1,Tuesday,26.399968091895342,313.4,62.67999999999998
ORD-11059,2024-02-27,Patricia Clark,Consumer,South Africa,Middle East & Africa,Office Supplies,Whiteboard Markers Set 8,2,13.33,15,22.66,15.68,-5.02,PayPal,2024,2,February,Q1,Tuesday,-22.153574580759045,26.658823529411766,3.9988235294117658
ORD-11676,2024-02-27,Giulia Anderson,Consumer,United States,North America,Office Supplies,Sticky Notes Multicolor 6-Pack,1,14.7,15,12.49,7.42,-1.54,Credit Card,2024,2,February,Q1,Tuesday,-12.329863891112891,14.694117647058825,2.2041176470588244
ORD-11280,2024-03-02,John Robinson,Corporate,France,Europe,Office Supplies,Highlighters Neon Pack 6,4,10.51,5,39.94,13.17,7.85,Credit Card,2024,3,March,Q1,Saturday,19.654481722583874,42.04210526315789,2.1021052631578954
ORD-10947,2024-03-03,Kenji Davis,Home Office,Italy,Europe,Furniture,Mesh Back Task Chair,5,131.71,10,592.7,10.75,186.82,Cash on Delivery,2024,3,March,Q1,Sunday,31.520161970642818,658.5555555555555,65.8555555555555
ORD-10869,2024-03-04,Priya Nilsson,Corporate,Australia,Asia Pacific,Office Supplies,Sticky Notes Multicolor 6-Pack,5,5.0,0,25.0,13.15,0.6,Cash on Delivery,2024,3,March,Q1,Monday,2.4,25.0,0.0
ORD-10005,2024-03-05,Chen Patel,Home Office,Canada,North America,Office Supplies,Ballpoint Pen Pack 12,1,12.92,10,11.63,5.83,-0.01,Credit Card,2024,3,March,Q1,Tuesday,-0.08598452278589853,12.922222222222222,1.2922222222222217
ORD-10951,2024-03-05,Sarah Chen,Consumer,Mexico,North America,Office Supplies,Whiteboard Markers Set 8,6,15.88,5,90.52,10.1,37.54,PayPal,2024,3,March,Q1,Tuesday,41.471498011489174,95.28421052631579,4.764210526315793
ORD-11594,2024-03-05,Michael Garcia,Consumer,United States,North America,Clothing & Accessories,Cotton Formal Shirt,5,32.04,5,152.19,8.49,63.6,Bank Transfer,2024,3,March,Q1,Tuesday,41.78986792824759,160.20000000000002,8.01000000000002
ORD-11835,2024-03-05,Noah Clark,Corporate,UAE,Middle East & Africa,Technology,Wireless Bluetooth Headphones,3,187.55,15,478.25,15.41,153.38,Cash on Delivery,2024,3,March,Q1,Tuesday,32.07109252483011,562.6470588235294,84.39705882352939
ORD-10706,2024-03-06,Priya Rodriguez,Consumer,China,Asia Pacific,Technology,Webcam HD 1080p,11,67.96,5,710.18,35.32,263.7,Cash on Delivery,2024,3,March,Q1,Wednesday,37.13143146807852,747.5578947368421,37.37789473684211
ORD-11277,2024-03-06,Sakura Smith,Corporate,Brazil,South America,Furniture,Folding Table Portable,1,127.07,0,127.07,10.8,40.03,Credit Card,2024,3,March,Q1,Wednesday,31.5023215550484,127.07,0.0
ORD-10437,2024-03-07,Nadia Harris,Corporate,China,Asia Pacific,Clothing & Accessories,Business Casual Blazer,5,110.65,0,553.25,13.18,263.44,Credit Card,2024,3,March,Q1,Thursday,47.6168097605061,553.25,0.0
ORD-10841,2024-03-07,Carlos Martinez,Consumer,Colombia,South America,Technology,Tablet Stand Holder,2,27.57,0,55.14,12.15,12.66,PayPal,2024,3,March,Q1,Thursday,22.95973884657236,55.14,0.0
ORD-10883,2024-03-07,Fatima Williams,Home Office,China,Asia Pacific,Furniture,Monitor Riser Wood,4,36.41,10,131.08,17.64,26.06,Bank Transfer,2024,3,March,Q1,Thursday,19.880988709185228,145.64444444444445,14.564444444444433
ORD-10273,2024-03-08,Clara Johnson,Consumer,China,Asia Pacific,Office Supplies,Desk Calendar 2025,4,7.72,15,26.25,14.0,-1.65,PayPal,2024,3,March,Q1,Friday,-6.285714285714285,30.88235294117647,4.632352941176471
ORD-10893,2024-03-08,Elizabeth Sharma,Consumer,United Kingdom,Europe,Technology,Smart LED Desk Lamp,2,57.7,0,115.4,9.55,42.38,Bank Transfer,2024,3,March,Q1,Friday,36.72443674176776,115.4,0.0
ORD-11361,2024-03-08,Olivia Sato,Consumer,United States,North America,Technology,Wireless Ergonomic Mouse,3,69.59,20,167.02,10.17,42.03,Cash on Delivery,2024,3,March,Q1,Friday,25.16465094000718,208.775,41.754999999999995
ORD-10309,2024-03-09,William Clark,Consumer,India,Asia Pacific,Office Supplies,Tape Dispenser Heavy Duty,1,10.42,10,9.38,10.01,-5.32,Credit Card,2024,3,March,Q1,Saturday,-56.71641791044776,10.422222222222222,1.0422222222222217
ORD-10531,2024-03-10,William Smith,Consumer,Nigeria,Middle East & Africa,Office Supplies,Stapler Full-Size,1,10.33,0,10.33,12.17,-6.49,Credit Card,2024,3,March,Q1,Sunday,-62.82671829622459,10.33,0.0
ORD-10537,2024-03-10,Maria Costa,Consumer,France,Europe,Clothing & Accessories,Sports Water Bottle 750ml,1,24.87,20,19.9,7.99,-0.53,PayPal,2024,3,March,Q1,Sunday,-2.663316582914573,24.874999999999996,4.974999999999998
ORD-11284,2024-03-10,Emma Moreau,Consumer,Germany,Europe,Technology,Laptop Stand Adjustable,5,73.85,0,369.25,19.4,146.76,Cash on Delivery,2024,3,March,Q1,Sunday,39.74542992552471,369.25,0.0
ORD-11143,2024-03-13,Layla Park,Corporate,Mexico,North America,Office Supplies,Ballpoint Pen Pack 12,8,16.12,10,116.06,20.61,37.42,Credit Card,2024,3,March,Q1,Wednesday,32.24194382216095,128.95555555555555,12.895555555555546
ORD-11742,2024-03-13,James Wang,Home Office,China,Asia Pacific,Technology,Smart LED Desk Lamp,4,74.64,0,298.56,12.03,122.32,PayPal,2024,3,March,Q1,Wednesday,40.969989281886384,298.56,0.0
ORD-11961,2024-03-13,Nadia Johansson,Home Office,Nigeria,Middle East & Africa,Furniture,Mesh Back Task Chair,4,119.66,10,430.78,18.85,124.75,PayPal,2024,3,March,Q1,Wednesday,28.95909745113515,478.6444444444444,47.864444444444416
ORD-11956,2024-03-16,Hanna Müller,Consumer,Saudi Arabia,Middle East & Africa,Technology,Noise Cancelling Earbuds,3,187.16,0,561.48,15.51,237.16,Cash on Delivery,2024,3,March,Q1,Saturday,42.23837002208449,561.48,0.0
ORD-10573,2024-03-17,Hanna Brown,Home Office,France,Europe,Office Supplies,Premium Notebook Set A5,2,10.08,15,17.14,9.67,-1.6,PayPal,2024,3,March,Q1,Sunday,-9.334889148191365,20.164705882352944,3.0247058823529436
ORD-11179,2024-03-17,Noah Müller,Consumer,Colombia,South America,Furniture,Folding Table Portable,2,115.3,5,219.07,13.43,67.28,Cash on Delivery,2024,3,March,Q1,Sunday,30.71164467978272,230.6,11.530000000000001
ORD-11997,2024-03-17,Barbara Sato,Consumer,United States,North America,Furniture,Mesh Back Task Chair,3,185.09,0,555.27,9.37,212.74,Credit Card,2024,3,March,Q1,Sunday,38.312892826913036,555.27,0.0
ORD-10084,2024-03-18,Wei Jones,Home Office,South Korea,Asia Pacific,Technology,USB-C Hub Multiport Adapter,3,55.49,5,158.15,16.4,50.19,Cash on Delivery,2024,3,March,Q1,Monday,31.735693961429018,166.47368421052633,8.323684210526324
ORD-11941,2024-03-18,Ivan Patel,Consumer,Italy,Europe,Furniture,Monitor Riser Wood,1,53.47,0,53.47,8.83,12.56,PayPal,2024,3,March,Q1,Monday,23.489807368617917,53.47,0.0
ORD-11174,2024-03-19,Fatima Singh,Corporate,Australia,Asia Pacific,Clothing & Accessories,Cotton Formal Shirt,3,24.44,25,54.99,12.17,6.16,PayPal,2024,3,March,Q1,Tuesday,11.202036733951628,73.32000000000001,18.330000000000005
ORD-11802,2024-03-19,Giulia Nilsson,Consumer,Japan,Asia Pacific,Clothing & Accessories,Sports Water Bottle 750ml,11,15.11,10,149.59,21.86,44.63,Credit Card,2024,3,March,Q1,Tuesday,29.8348820108296,166.2111111111111,16.621111111111105
ORD-11979,2024-03-19,Nadia Romano,Corporate,United Kingdom,Europe,Office Supplies,Sticky Notes Multicolor 6-Pack,2,4.03,5,7.66,10.73,-6.7,Cash on Delivery,2024,3,March,Q1,Tuesday,-87.46736292428199,8.063157894736843,0.40315789473684305
ORD-10425,2024-03-21,Amir Khan,Consumer,Japan,Asia Pacific,Clothing & Accessories,Business Casual Blazer,4,123.28,5,468.46,13.33,208.57,PayPal,2024,3,March,Q1,Thursday,44.52247790633139,493.11578947368423,24.65578947368425
ORD-10040,2024-03-27,Ava Clark,Corporate,Nigeria,Middle East & Africa,Technology,Wireless Ergonomic Mouse,2,21.45,15,36.46,13.62,-0.76,Credit Card,2024,3,March,Q1,Wednesday,-2.084476138233681,42.89411764705883,6.434117647058827
ORD-10705,2024-03-27,Chen Dubois,Corporate,France,Europe,Technology,Laptop Stand Adjustable,1,34.41,5,32.69,7.58,6.18,Credit Card,2024,3,March,Q1,Wednesday,18.90486387274396,34.410526315789475,1.7205263157894777
ORD-11101,2024-03-27,Hans Harris,Consumer,United States,North America,Technology,Portable External SSD 1TB,6,99.17,15,505.77,13.35,165.16,Credit Card,2024,3,March,Q1,Wednesday,32.65515945983352,595.0235294117647,89.2535294117647
ORD-11914,2024-03-27,Xiao Ali,Corporate,Saudi Arabia,Middle East & Africa,Furniture,Filing Cabinet 3-Drawer,7,140.89,15,838.3,16.01,230.55,PayPal,2024,3,March,Q1,Wednesday,27.50208755815341,986.2352941176471,147.93529411764712
ORD-10154,2024-03-28,Jessica Patel,Home Office,Mexico,North America,Technology,USB-C Hub Multiport Adapter,12,40.47,5,461.36,27.85,166.41,Cash on Delivery,2024,3,March,Q1,Thursday,36.069446852783074,485.64210526315793,24.282105263157916
ORD-11326,2024-03-28,Patricia Rossi,Consumer,Argentina,South America,Furniture,Folding Table Portable,1,42.6,15,36.21,11.24,-0.59,Bank Transfer,2024,3,March,Q1,Thursday,-1.6293841480254072,42.6,6.390000000000001
ORD-10379,2024-03-30,Felix Müller,Corporate,Japan,Asia Pacific,Office Supplies,Desk Calendar 2025,1,7.85,10,7.06,9.6,-6.07,Credit Card,2024,3,March,Q1,Saturday,-85.9773371104816,7.844444444444444,0.7844444444444445
ORD-10754,2024-03-30,Chen Patel,Corporate,Germany,Europe,Furniture,Filing Cabinet 3-Drawer,6,203.47,10,1098.74,13.13,353.12,Credit Card,2024,3,March,Q1,Saturday,32.13863152338133,1220.8222222222223,122.0822222222223
ORD-10394,2024-03-31,Oscar Kim,Home Office,Argentina,South America,Clothing & Accessories,Silk Tie Collection,8,14.51,20,92.86,27.87,6.95,PayPal,2024,3,March,Q1,Sunday,7.484385095843205,116.07499999999999,23.21499999999999
ORD-10464,2024-03-31,Ivan Zhang,Home Office,Canada,North America,Office Supplies,Desk Calendar 2025,7,18.79,5,124.95,9.12,56.64,Cash on Delivery,2024,3,March,Q1,Sunday,45.33013205282113,131.5263157894737,6.576315789473696
ORD-11428,2024-03-31,Mary Weber,Consumer,France,Europe,Office Supplies,Tape Dispenser Heavy Duty,1,18.75,0,18.75,9.22,1.09,PayPal,2024,3,March,Q1,Sunday,5.8133333333333335,18.75,0.0
ORD-11969,2024-03-31,Nadia Laurent,Consumer,Australia,Asia Pacific,Technology,Noise Cancelling Earbuds,4,130.45,0,521.8,18.51,216.3,PayPal,2024,3,March,Q1,Sunday,41.452663855883486,521.8,0.0
ORD-11981,2024-04-01,Fatima Fischer,Home Office,Spain,Europe,Technology,Wireless Bluetooth Headphones,1,231.11,10,208.0,8.87,72.02,PayPal,2024,4,April,Q2,Monday,34.625,231.11111111111111,23.111111111111114
ORD-10660,2024-04-03,Sarah Moreau,Corporate,France,Europe,Clothing & Accessories,Travel Backpack 30L,2,35.17,25,52.76,10.97,6.62,Bank Transfer,2024,4,April,Q2,Wednesday,12.547384382107657,70.34666666666666,17.586666666666666
ORD-10768,2024-04-03,Jessica Costa,Consumer,Japan,Asia Pacific,Technology,Wireless Bluetooth Headphones,13,73.44,15,811.51,34.33,252.08,Credit Card,2024,4,April,Q2,Wednesday,31.06307993740065,954.7176470588236,143.20764705882357
ORD-11299,2024-04-03,Isabella Yamamoto,Corporate,Italy,Europe,Office Supplies,Sticky Notes Multicolor 6-Pack,2,9.1,0,18.2,9.66,0.35,PayPal,2024,4,April,Q2,Wednesday,1.9230769230769231,18.2,0.0
ORD-10295,2024-04-04,Ayumi Miller,Corporate,South Korea,Asia Pacific,Office Supplies,Tape Dispenser Heavy Duty,3,14.61,15,37.26,14.68,2.86,PayPal,2024,4,April,Q2,Thursday,7.675791733762748,43.83529411764706,6.575294117647061
ORD-10832,2024-04-04,Karen Tanaka,Corporate,Japan,Asia Pacific,Office Supplies,Stapler Full-Size,5,15.19,10,68.36,12.71,21.47,Cash on Delivery,2024,4,April,Q2,Thursday,31.407255705090698,75.95555555555555,7.595555555555549
ORD-11250,2024-04-04,Emma Kim,Consumer,India,Asia Pacific,Technology,Portable External SSD 1TB,1,116.53,10,104.88,10.52,30.27,PayPal,2024,4,April,Q2,Thursday,28.86155606407323,116.53333333333333,11.653333333333336
ORD-11581,2024-04-04,Mia Smith,Consumer,France,Europe,Clothing & Accessories,Canvas Messenger Bag,5,45.28,25,169.8,12.55,44.05,Credit Card,2024,4,April,Q2,Thursday,25.942285041224967,226.4,56.599999999999994
ORD-10064,2024-04-05,Ahmed Clark,Corporate,Japan,Asia Pacific,Clothing & Accessories,Cotton Formal Shirt,1,43.07,20,34.46,10.5,2.43,Bank Transfer,2024,4,April,Q2,Friday,7.051654091700523,43.074999999999996,8.614999999999995
ORD-10665,2024-04-05,Noah Martinez,Home Office,Mexico,North America,Office Supplies,Premium Notebook Set A5,5,23.69,15,100.68,14.77,32.61,Credit Card,2024,4,April,Q2,Friday,32.38974970202622,118.44705882352942,17.76705882352941
ORD-10687,2024-04-05,Jennifer Ferrari,Consumer,Mexico,North America,Technology,Webcam HD 1080p,3,80.36,20,192.86,9.04,51.23,Credit Card,2024,4,April,Q2,Friday,26.563310173182614,241.07500000000002,48.215
ORD-10806,2024-04-06,Sakura Thomas,Consumer,France,Europe,Technology,USB-C Hub Multiport Adapter,3,39.53,15,100.8,9.02,26.56,Credit Card,2024,4,April,Q2,Saturday,26.34920634920635,118.58823529411765,17.788235294117655
ORD-10813,2024-04-06,Raj Li,Consumer,Mexico,North America,Office Supplies,Binder Clips Assorted 48pc,5,10.25,15,43.56,9.78,10.72,Cash on Delivery,2024,4,April,Q2,Saturday,24.609733700642792,51.247058823529414,7.687058823529412
ORD-10956,2024-04-06,Sakura Rodriguez,Consumer,United States,North America,Office Supplies,Ballpoint Pen Pack 12,2,14.32,10,25.78,7.0,5.89,Credit Card,2024,4,April,Q2,Saturday,22.84716834755624,28.644444444444446,2.8644444444444446
ORD-11558,2024-04-06,Chen Martin,Consumer,Germany,Europe,Office Supplies,Paper Clips Box 500pc,8,9.0,0,72.0,16.77,22.83,Credit Card,2024,4,April,Q2,Saturday,31.708333333333332,72.0,0.0
ORD-10078,2024-04-07,Olivia Nilsson,Consumer,Brazil,South America,Clothing & Accessories,Polarized Sunglasses,5,77.97,5,370.36,20.41,155.03,Credit Card,2024,4,April,Q2,Sunday,41.859272059617666,389.8526315789474,19.492631578947396
ORD-11634,2024-04-07,Olivia Robinson,Consumer,Japan,Asia Pacific,Clothing & Accessories,Travel Backpack 30L,3,70.34,10,189.92,14.67,69.74,Credit Card,2024,4,April,Q2,Sunday,36.72072451558551,211.0222222222222,21.102222222222224
ORD-10092,2024-04-08,Susan Hassan,Home Office,France,Europe,Clothing & Accessories,Sports Water Bottle 750ml,6,29.44,10,158.98,17.71,52.95,Credit Card,2024,4,April,Q2,Monday,33.306076236004536,176.64444444444442,17.664444444444428
ORD-10964,2024-04-08,Richard Kumar,Consumer,South Korea,Asia Pacific,Clothing & Accessories,Leather Belt Classic,9,36.63,5,313.19,17.14,131.21,Credit Card,2024,4,April,Q2,Monday,41.89469651010569,329.67368421052635,16.48368421052635
ORD-11344,2024-04-08,Amir Wang,Consumer,United States,North America,Office Supplies,Desk Calendar 2025,1,13.3,15,11.3,5.8,-0.48,Credit Card,2024,4,April,Q2,Monday,-4.2477876106194685,13.294117647058824,1.9941176470588236
ORD-10991,2024-04-09,Marco Weber,Consumer,United States,North America,Furniture,Standing Desk Converter,5,184.93,5,878.42,7.7,315.93,PayPal,2024,4,April,Q2,Tuesday,35.96571116322488,924.6526315789474,46.23263157894746
ORD-11785,2024-04-09,Michael Sharma,Home Office,United States,North America,Clothing & Accessories,Wool Blend Scarf,1,53.29,10,47.96,6.39,14.93,Credit Card,2024,4,April,Q2,Tuesday,31.130108423686405,53.28888888888889,5.328888888888891
ORD-10250,2024-04-10,Richard Garcia,Corporate,Nigeria,Middle East & Africa,Office Supplies,Binder Clips Assorted 48pc,2,14.0,10,25.2,15.47,-2.87,PayPal,2024,4,April,Q2,Wednesday,-11.38888888888889,28.0,2.8000000000000007
ORD-11053,2024-04-10,Wei Müller,Consumer,India,Asia Pacific,Technology,Noise Cancelling Earbuds,4,43.88,10,157.97,14.83,46.6,Credit Card,2024,4,April,Q2,Wednesday,29.499272013673483,175.5222222222222,17.552222222222213
ORD-11489,2024-04-10,Olga Anderson,Home Office,China,Asia Pacific,Technology,Noise Cancelling Earbuds,1,198.87,15,169.04,10.72,48.94,Credit Card,2024,4,April,Q2,Wednesday,28.951727401798387,198.87058823529412,29.83058823529413
ORD-11767,2024-04-10,Robert Schmidt,Consumer,United Kingdom,Europe,Technology,Wireless Ergonomic Mouse,3,53.25,5,151.76,11.26,52.64,PayPal,2024,4,April,Q2,Wednesday,34.686346863468636,159.74736842105264,7.9873684210526505
ORD-10305,2024-04-11,Michael Taylor,Corporate,South Korea,Asia Pacific,Clothing & Accessories,Polarized Sunglasses,4,42.06,10,151.42,11.14,56.16,PayPal,2024,4,April,Q2,Thursday,37.08889182406551,168.24444444444444,16.824444444444453
ORD-11106,2024-04-13,Sakura Oliveira,Consumer,United Kingdom,Europe,Technology,USB-C Hub Multiport Adapter,4,24.16,0,96.64,9.63,33.86,Cash on Delivery,2024,4,April,Q2,Saturday,35.037251655629134,96.64,0.0
ORD-10006,2024-04-14,Hans Kumar,Consumer,Japan,Asia Pacific,Clothing & Accessories,Wool Blend Scarf,1,33.05,20,26.44,10.63,-0.71,Bank Transfer,2024,4,April,Q2,Sunday,-2.6853252647503782,33.05,6.609999999999996
ORD-11141,2024-04-14,Hans Müller,Consumer,UAE,Middle East & Africa,Office Supplies,Stapler Full-Size,2,10.3,5,19.57,12.16,-1.86,Cash on Delivery,2024,4,April,Q2,Sunday,-9.504343382728667,20.6,1.0300000000000011
ORD-11434,2024-04-14,Clara Singh,Consumer,Australia,Asia Pacific,Office Supplies,Highlighters Neon Pack 6,2,10.57,5,20.08,11.11,-0.54,PayPal,2024,4,April,Q2,Sunday,-2.6892430278884465,21.136842105263156,1.0568421052631578
ORD-10463,2024-04-15,Ahmed Johansson,Corporate,Brazil,South America,Technology,Noise Cancelling Earbuds,14,118.27,10,1490.2,40.44,539.08,Credit Card,2024,4,April,Q2,Monday,36.17501006576298,1655.7777777777778,165.57777777777778
ORD-11290,2024-04-15,Wei Johnson,Home Office,Australia,Asia Pacific,Technology,Smart LED Desk Lamp,9,38.81,5,331.83,21.13,118.59,Credit Card,2024,4,April,Q2,Monday,35.73817918813851,349.29473684210524,17.464736842105253
ORD-10075,2024-04-16,Michael Ferrari,Corporate,South Africa,Middle East & Africa,Office Supplies,Whiteboard Markers Set 8,1,9.5,5,9.03,13.01,-8.26,Bank Transfer,2024,4,April,Q2,Tuesday,-91.47286821705427,9.505263157894737,0.4752631578947373
ORD-10460,2024-04-16,Kenji Romano,Corporate,France,Europe,Office Supplies,Whiteboard Markers Set 8,1,9.64,10,8.68,7.9,-3.56,Cash on Delivery,2024,4,April,Q2,Tuesday,-41.013824884792626,9.644444444444444,0.9644444444444442
ORD-11887,2024-04-16,Zara Chen,Corporate,Germany,Europe,Office Supplies,Tape Dispenser Heavy Duty,2,10.28,10,18.5,11.36,-2.11,Cash on Delivery,2024,4,April,Q2,Tuesday,-11.405405405405403,20.555555555555554,2.0555555555555536
ORD-10171,2024-04-18,Michael Kim,Consumer,Mexico,North America,Technology,USB-C Hub Multiport Adapter,3,20.41,5,58.17,10.21,14.28,PayPal,2024,4,April,Q2,Thursday,24.548736462093864,61.231578947368426,3.0615789473684245
ORD-10354,2024-04-18,Amina Clark,Consumer,France,Europe,Office Supplies,Tape Dispenser Heavy Duty,2,14.35,10,25.83,9.58,3.33,Credit Card,2024,4,April,Q2,Thursday,12.891986062717772,28.699999999999996,2.8699999999999974
ORD-11171,2024-04-18,Robert Chen,Consumer,China,Asia Pacific,Furniture,Ergonomic Office Chair,2,221.74,25,332.61,10.29,56.23,PayPal,2024,4,April,Q2,Thursday,16.905685337181684,443.48,110.87
ORD-10332,2024-04-19,Ali Thomas,Consumer,South Korea,Asia Pacific,Office Supplies,Premium Notebook Set A5,4,14.12,25,42.36,11.69,5.25,Credit Card,2024,4,April,Q2,Friday,12.393767705382436,56.48,14.119999999999997
ORD-10420,2024-04-19,Layla Kumar,Corporate,Australia,Asia Pacific,Clothing & Accessories,Leather Belt Classic,4,49.44,25,148.32,14.14,35.3,PayPal,2024,4,April,Q2,Friday,23.799892125134843,197.76,49.44
ORD-11259,2024-04-20,Karen Nilsson,Consumer,South Korea,Asia Pacific,Technology,Mechanical Gaming Keyboard,7,67.05,15,398.95,24.08,116.73,Bank Transfer,2024,4,April,Q2,Saturday,29.259305677403187,469.3529411764706,70.40294117647062
ORD-11678,2024-04-20,Mia Martin,Home Office,France,Europe,Office Supplies,Tape Dispenser Heavy Duty,2,20.62,15,35.05,11.25,5.24,PayPal,2024,4,April,Q2,Saturday,14.950071326676179,41.23529411764706,6.185294117647061
ORD-10236,2024-04-21,Priya Brown,Home Office,France,Europe,Clothing & Accessories,Cotton Formal Shirt,1,32.39,10,29.15,9.08,3.87,Bank Transfer,2024,4,April,Q2,Sunday,13.276157804459693,32.388888888888886,3.238888888888887
ORD-10407,2024-04-21,Isabella Laurent,Corporate,Germany,Europe,Office Supplies,Sticky Notes Multicolor 6-Pack,1,4.02,15,3.42,7.74,-6.13,Bank Transfer,2024,4,April,Q2,Sunday,-179.23976608187135,4.023529411764706,0.6035294117647059
ORD-10575,2024-04-21,Barbara Nilsson,Corporate,Australia,Asia Pacific,Clothing & Accessories,Wool Blend Scarf,10,39.34,20,314.72,28.72,89.3,PayPal,2024,4,April,Q2,Sunday,28.374428063040156,393.40000000000003,78.68
ORD-11315,2024-04-21,Ahmed Santos,Home Office,Japan,Asia Pacific,Technology,Smart LED Desk Lamp,2,69.72,20,111.55,10.18,24.68,Credit Card,2024,4,April,Q2,Sunday,22.12460779919319,139.4375,27.887500000000003
ORD-11548,2024-04-21,Fatima Williams,Home Office,United States,North America,Clothing & Accessories,Travel Backpack 30L,4,32.79,5,124.6,8.07,50.95,Credit Card,2024,4,April,Q2,Sunday,40.8908507223114,131.1578947368421,6.557894736842115
ORD-11607,2024-04-21,Sophie White,Corporate,Argentina,South America,Furniture,Standing Desk Converter,2,123.37,20,197.39,14.52,34.83,Credit Card,2024,4,April,Q2,Sunday,17.645270783727646,246.73749999999998,49.3475
ORD-11675,2024-04-22,Karen Sato,Corporate,Brazil,South America,Furniture,Corner L-Shaped Desk,8,363.39,10,2616.41,27.16,844.98,Credit Card,2024,4,April,Q2,Monday,32.29539712812595,2907.122222222222,290.71222222222195
ORD-10057,2024-04-23,Ali Wang,Consumer,UAE,Middle East & Africa,Clothing & Accessories,Travel Backpack 30L,8,82.89,5,629.96,23.71,274.69,PayPal,2024,4,April,Q2,Tuesday,43.60435583211632,663.1157894736842,33.155789473684194
ORD-10438,2024-04-23,Omar Fischer,Corporate,South Korea,Asia Pacific,Furniture,Mesh Back Task Chair,1,189.66,20,151.73,9.52,28.41,Cash on Delivery,2024,4,April,Q2,Tuesday,18.724049298095302,189.66249999999997,37.932499999999976
ORD-10616,2024-04-23,Felix White,Consumer,Australia,Asia Pacific,Furniture,Floating Wall Shelves Set,4,83.03,5,315.51,17.34,98.9,Credit Card,2024,4,April,Q2,Tuesday,31.346074609362624,332.11578947368423,16.60578947368424
ORD-11373,2024-04-23,Layla Li,Consumer,Brazil,South America,Technology,Laptop Stand Adjustable,3,79.82,5,227.49,13.83,81.96,PayPal,2024,4,April,Q2,Tuesday,36.02795727284715,239.46315789473687,11.973157894736858
ORD-11546,2024-04-24,Kenji Sharma,Corporate,Brazil,South America,Technology,Portable External SSD 1TB,2,128.49,20,205.58,11.38,52.86,Bank Transfer,2024,4,April,Q2,Wednesday,25.712617958945422,256.975,51.39500000000001
ORD-11871,2024-04-24,Ethan Li,Home Office,Mexico,North America,Technology,Smart LED Desk Lamp,3,57.54,20,138.1,9.71,33.45,Credit Card,2024,4,April,Q2,Wednesday,24.221578566256337,172.62499999999997,34.52499999999998
ORD-11999,2024-04-25,Linda Sato,Corporate,Mexico,North America,Furniture,Monitor Riser Wood,1,74.6,10,67.14,6.8,15.58,Credit Card,2024,4,April,Q2,Thursday,23.205242776288355,74.6,7.459999999999994
ORD-10034,2024-04-26,Ali Dubois,Corporate,Japan,Asia Pacific,Office Supplies,Sticky Notes Multicolor 6-Pack,1,12.87,0,12.87,11.47,-4.39,PayPal,2024,4,April,Q2,Friday,-34.110334110334115,12.87,0.0
ORD-11583,2024-04-26,Wei Li,Consumer,South Africa,Middle East & Africa,Furniture,Mesh Back Task Chair,15,107.45,5,1531.16,23.4,540.71,Credit Card,2024,4,April,Q2,Friday,35.313749053005566,1611.747368421053,80.58736842105282
ORD-11734,2024-04-26,Clara Romano,Consumer,United Kingdom,Europe,Technology,Webcam HD 1080p,3,72.81,10,196.59,11.86,64.59,Credit Card,2024,4,April,Q2,Friday,32.85518083320616,218.43333333333334,21.843333333333334
ORD-10082,2024-04-28,Priya Williams,Corporate,Canada,North America,Clothing & Accessories,Cotton Formal Shirt,2,69.05,25,103.57,8.58,25.94,Credit Card,2024,4,April,Q2,Sunday,25.045862701554505,138.09333333333333,34.52333333333334
ORD-10361,2024-04-28,Lucas Brown,Home Office,United States,North America,Office Supplies,Whiteboard Markers Set 8,5,6.24,10,28.08,11.46,2.58,Credit Card,2024,4,April,Q2,Sunday,9.18803418803419,31.199999999999996,3.1199999999999974
ORD-10515,2024-04-28,Oscar Thompson,Home Office,India,Asia Pacific,Furniture,Standing Desk Converter,1,137.49,15,116.87,10.12,24.26,PayPal,2024,4,April,Q2,Sunday,20.758107298707966,137.49411764705883,20.624117647058824
ORD-10640,2024-04-28,Wei Rodriguez,Consumer,China,Asia Pacific,Furniture,Mesh Back Task Chair,2,242.25,10,436.05,10.98,134.37,Credit Card,2024,4,April,Q2,Sunday,30.815273477812177,484.5,48.44999999999999
ORD-11108,2024-04-28,Carlos Robinson,Corporate,Brazil,South America,Technology,Mechanical Gaming Keyboard,1,128.34,15,109.09,11.04,27.46,Bank Transfer,2024,4,April,Q2,Sunday,25.171876432303602,128.34117647058824,19.251176470588234
ORD-11297,2024-04-28,Jessica Martin,Consumer,India,Asia Pacific,Furniture,Floating Wall Shelves Set,4,34.76,15,118.18,17.86,16.9,PayPal,2024,4,April,Q2,Sunday,14.300220003384664,139.03529411764708,20.855294117647077
ORD-10804,2024-04-29,Jamal Khan,Corporate,Colombia,South America,Technology,USB-C Hub Multiport Adapter,2,52.77,30,73.88,14.69,1.14,Credit Card,2024,4,April,Q2,Monday,1.5430427720628046,105.54285714285714,31.66285714285715
ORD-10342,2024-04-30,Lucas Russo,Home Office,Canada,North America,Technology,Tablet Stand Holder,1,28.72,5,27.28,6.34,5.14,Bank Transfer,2024,4,April,Q2,Tuesday,18.841642228739,28.715789473684215,1.4357894736842134
ORD-10366,2024-05-04,Amir Li,Consumer,Canada,North America,Furniture,Standing Desk Converter,3,264.57,5,754.02,9.64,268.15,PayPal,2024,5,May,Q2,Saturday,35.56271716930585,793.7052631578947,39.685263157894724
ORD-10456,2024-05-04,Wei Martinez,Corporate,Italy,Europe,Clothing & Accessories,Travel Backpack 30L,3,85.33,15,217.59,12.17,77.42,Credit Card,2024,5,May,Q2,Saturday,35.58067925915714,255.98823529411766,38.398235294117654
ORD-10732,2024-05-04,Lucas Russo,Home Office,Italy,Europe,Technology,Tablet Stand Holder,10,39.28,10,353.52,31.89,105.59,Credit Card,2024,5,May,Q2,Saturday,29.868182846797918,392.79999999999995,39.27999999999997
ORD-11025,2024-05-04,Patricia Weber,Consumer,Mexico,North America,Office Supplies,Paper Clips Box 500pc,2,6.14,0,12.28,9.0,-2.25,Bank Transfer,2024,5,May,Q2,Saturday,-18.322475570032573,12.28,0.0
ORD-11198,2024-05-04,Olivia Williams,Consumer,India,Asia Pacific,Technology,Mechanical Gaming Keyboard,5,77.16,5,366.51,19.79,134.53,Credit Card,2024,5,May,Q2,Saturday,36.705683337425995,385.8,19.29000000000002
ORD-10167,2024-05-05,Amina Harris,Corporate,Australia,Asia Pacific,Office Supplies,Paper Clips Box 500pc,3,5.66,10,15.28,12.07,-4.43,PayPal,2024,5,May,Q2,Sunday,-28.992146596858635,16.977777777777778,1.6977777777777785
ORD-10355,2024-05-05,Nadia Costa,Consumer,Canada,North America,Furniture,Folding Table Portable,4,112.68,0,450.72,12.94,167.35,Bank Transfer,2024,5,May,Q2,Sunday,37.129481718139864,450.72,0.0
ORD-11414,2024-05-05,Amir Yamamoto,Consumer,United Kingdom,Europe,Technology,Portable External SSD 1TB,2,72.3,10,130.14,11.95,38.66,Credit Card,2024,5,May,Q2,Sunday,29.706469955432613,144.6,14.460000000000008
ORD-10056,2024-05-06,Wei Patel,Consumer,China,Asia Pacific,Technology,Laptop Stand Adjustable,2,33.61,10,60.5,11.88,11.65,Credit Card,2024,5,May,Q2,Monday,19.25619834710744,67.22222222222221,6.722222222222214
ORD-10373,2024-05-07,Oscar Kim,Corporate,South Africa,Middle East & Africa,Office Supplies,Sticky Notes Multicolor 6-Pack,3,8.13,15,20.73,14.66,-4.91,PayPal,2024,5,May,Q2,Tuesday,-23.685479980704294,24.38823529411765,3.658235294117649
ORD-10728,2024-05-07,Layla Thomas,Corporate,Japan,Asia Pacific,Technology,Tablet Stand Holder,3,37.59,15,95.85,10.77,23.06,Credit Card,2024,5,May,Q2,Tuesday,24.058424621804903,112.76470588235294,16.914705882352948
ORD-10072,2024-05-08,Maria Anderson,Consumer,Australia,Asia Pacific,Furniture,Folding Table Portable,3,52.88,0,158.64,12.03,51.43,Credit Card,2024,5,May,Q2,Wednesday,32.419314170448814,158.64,0.0
ORD-10049,2024-05-09,Priya Leroy,Consumer,Brazil,South America,Office Supplies,Highlighters Neon Pack 6,1,9.55,5,9.07,11.92,-7.15,PayPal,2024,5,May,Q2,Thursday,-78.83131201764057,9.547368421052632,0.4773684210526312
ORD-11626,2024-05-09,Kenji Anderson,Corporate,Australia,Asia Pacific,Clothing & Accessories,Business Casual Blazer,10,99.39,0,993.9,21.95,475.0,Cash on Delivery,2024,5,May,Q2,Thursday,47.79152832276889,993.9,0.0
ORD-10147,2024-05-11,Raj Rodriguez,Consumer,China,Asia Pacific,Technology,Noise Cancelling Earbuds,1,76.11,0,76.11,10.16,24.09,PayPal,2024,5,May,Q2,Saturday,31.65155695703587,76.11,0.0
ORD-10721,2024-05-11,Sarah Robinson,Consumer,Nigeria,Middle East & Africa,Technology,Mechanical Gaming Keyboard,1,57.26,20,45.81,12.91,1.41,Credit Card,2024,5,May,Q2,Saturday,3.077930582842174,57.2625,11.4525
ORD-11448,2024-05-11,Jessica Yamamoto,Corporate,China,Asia Pacific,Clothing & Accessories,Canvas Messenger Bag,2,42.93,5,81.57,13.52,25.12,Cash on Delivery,2024,5,May,Q2,Saturday,30.795635650361657,85.86315789473684,4.293157894736851
ORD-11817,2024-05-11,Ava Harris,Consumer,Italy,Europe,Technology,Tablet Stand Holder,4,37.01,0,148.04,12.78,53.84,Credit Card,2024,5,May,Q2,Saturday,36.368549040799785,148.04,0.0
ORD-11735,2024-05-12,James Ahmed,Corporate,United States,North America,Clothing & Accessories,Leather Wallet Minimalist,5,57.38,0,286.9,10.15,133.3,Cash on Delivery,2024,5,May,Q2,Sunday,46.46218194492855,286.9,0.0
ORD-10900,2024-05-14,Olga Thompson,Consumer,Spain,Europe,Clothing & Accessories,Sports Water Bottle 750ml,1,20.52,5,19.49,7.58,1.65,PayPal,2024,5,May,Q2,Tuesday,8.465879938429964,20.515789473684208,1.0257894736842097
ORD-11104,2024-05-14,Zara White,Consumer,UAE,Middle East & Africa,Office Supplies,Ballpoint Pen Pack 12,5,10.88,5,51.68,16.95,10.25,Credit Card,2024,5,May,Q2,Tuesday,19.83359133126935,54.400000000000006,2.720000000000006
ORD-11572,2024-05-15,Priya Kumar,Consumer,United Kingdom,Europe,Clothing & Accessories,Cotton Formal Shirt,3,66.48,0,199.44,9.05,90.67,PayPal,2024,5,May,Q2,Wednesday,45.46229442438829,199.44,0.0
ORD-11924,2024-05-15,Ethan Kumar,Corporate,Mexico,North America,Technology,Tablet Stand Holder,8,32.31,15,219.71,18.9,58.65,Credit Card,2024,5,May,Q2,Wednesday,26.694278822083657,258.4823529411765,38.77235294117648
ORD-10835,2024-05-16,Ingrid Müller,Corporate,United States,North America,Office Supplies,Binder Clips Assorted 48pc,4,12.42,15,42.23,13.37,6.5,Credit Card,2024,5,May,Q2,Thursday,15.391901491830454,49.68235294117647,7.452352941176471
ORD-11432,2024-05-16,Mia Sharma,Consumer,Italy,Europe,Technology,Laptop Stand Adjustable,2,54.24,10,97.63,9.97,28.0,Credit Card,2024,5,May,Q2,Thursday,28.679709105807643,108.47777777777777,10.847777777777779
ORD-11877,2024-05-16,Karen Ferrari,Consumer,United States,North America,Furniture,Desk Organizer Set,1,49.78,15,42.31,6.63,5.81,PayPal,2024,5,May,Q2,Thursday,13.731978255731503,49.7764705882353,7.466470588235296
ORD-10224,2024-05-17,Sophie Schmidt,Consumer,Brazil,South America,Technology,Smart LED Desk Lamp,3,26.2,10,70.74,15.66,11.85,Credit Card,2024,5,May,Q2,Friday,16.751484308736217,78.6,7.859999999999999
ORD-11144,2024-05-17,Sakura Smith,Corporate,Mexico,North America,Clothing & Accessories,Business Casual Blazer,8,50.94,15,346.39,11.7,130.93,Credit Card,2024,5,May,Q2,Friday,37.79843528970236,407.5176470588235,61.12764705882353
ORD-10169,2024-05-18,Hanna Robinson,Consumer,Italy,Europe,Furniture,Desk Organizer Set,6,26.58,20,127.58,17.7,14.19,PayPal,2024,5,May,Q2,Saturday,11.12243298322621,159.475,31.894999999999996
ORD-10396,2024-05-18,John Laurent,Consumer,United Kingdom,Europe,Furniture,Mesh Back Task Chair,1,296.6,5,281.77,9.03,94.78,Cash on Delivery,2024,5,May,Q2,Saturday,33.637363807360614,296.6,14.830000000000041
ORD-11152,2024-05-18,Jessica Russo,Home Office,India,Asia Pacific,Furniture,Mesh Back Task Chair,6,151.62,0,909.72,15.6,348.29,Cash on Delivery,2024,5,May,Q2,Saturday,38.2854064987029,909.72,0.0
ORD-11650,2024-05-18,Mary Garcia,Home Office,United States,North America,Clothing & Accessories,Cotton Formal Shirt,3,34.37,10,92.8,11.23,30.02,PayPal,2024,5,May,Q2,Saturday,32.349137931034484,103.1111111111111,10.311111111111103
ORD-10582,2024-05-19,Robert Thompson,Corporate,Japan,Asia Pacific,Office Supplies,Desk Calendar 2025,2,10.26,0,20.52,12.54,-1.25,Credit Card,2024,5,May,Q2,Sunday,-6.091617933723197,20.52,0.0
ORD-11696,2024-05-20,Sophie Martin,Corporate,Canada,North America,Technology,Mechanical Gaming Keyboard,5,128.41,30,449.43,13.49,82.81,Credit Card,2024,5,May,Q2,Monday,18.425561266493116,642.0428571428572,192.6128571428572
ORD-10796,2024-05-21,David Smith,Consumer,UAE,Middle East & Africa,Technology,Wireless Ergonomic Mouse,3,21.23,5,60.51,18.06,7.42,Credit Card,2024,5,May,Q2,Tuesday,12.262435960998182,63.694736842105264,3.1847368421052664
ORD-11791,2024-05-21,Mia Jones,Corporate,India,Asia Pacific,Office Supplies,Binder Clips Assorted 48pc,3,5.26,5,14.99,12.25,-4.36,Credit Card,2024,5,May,Q2,Tuesday,-29.086057371581052,15.778947368421054,0.788947368421054
ORD-10104,2024-05-22,Olivia Wang,Consumer,Japan,Asia Pacific,Office Supplies,Highlighters Neon Pack 6,4,9.24,5,35.11,18.34,0.14,Credit Card,2024,5,May,Q2,Wednesday,0.39874679578467676,36.95789473684211,1.8478947368421075
ORD-10291,2024-05-23,Emma Dubois,Home Office,Spain,Europe,Technology,Webcam HD 1080p,2,88.23,0,176.46,9.65,69.76,Bank Transfer,2024,5,May,Q2,Thursday,39.53303864898561,176.46,0.0
ORD-10016,2024-05-24,Richard Brown,Consumer,United Kingdom,Europe,Technology,Noise Cancelling Earbuds,2,111.78,0,223.56,9.0,91.6,Cash on Delivery,2024,5,May,Q2,Friday,40.9733404902487,223.56,0.0
ORD-10359,2024-05-24,Marco Santos,Consumer,Mexico,North America,Furniture,Corner L-Shaped Desk,13,201.56,0,2620.28,30.62,1017.49,Credit Card,2024,5,May,Q2,Friday,38.83134626833773,2620.28,0.0
ORD-10989,2024-05-24,David Laurent,Consumer,United States,North America,Clothing & Accessories,Leather Belt Classic,1,48.43,20,38.74,6.96,7.57,Credit Card,2024,5,May,Q2,Friday,19.540526587506456,48.425,9.684999999999995
ORD-11568,2024-05-24,James Brown,Consumer,Italy,Europe,Office Supplies,Binder Clips Assorted 48pc,3,9.99,10,26.97,8.52,4.96,PayPal,2024,5,May,Q2,Friday,18.39080459770115,29.966666666666665,2.996666666666666
ORD-11021,2024-05-25,Oscar Anderson,Corporate,India,Asia Pacific,Clothing & Accessories,Leather Belt Classic,1,51.37,0,51.37,11.26,14.42,PayPal,2024,5,May,Q2,Saturday,28.070858477710726,51.37,0.0
ORD-11160,2024-05-25,Clara Romano,Consumer,India,Asia Pacific,Office Supplies,Ballpoint Pen Pack 12,2,14.19,10,25.54,10.01,2.76,Credit Card,2024,5,May,Q2,Saturday,10.806577916992952,28.377777777777776,2.8377777777777773
ORD-11462,2024-05-25,Amina Russo,Corporate,India,Asia Pacific,Clothing & Accessories,Business Casual Blazer,4,59.09,5,224.54,11.63,94.73,Cash on Delivery,2024,5,May,Q2,Saturday,42.18847421394852,236.3578947368421,11.817894736842106
ORD-10631,2024-05-26,Michael Ferrari,Consumer,China,Asia Pacific,Furniture,Filing Cabinet 3-Drawer,1,114.0,0,114.0,9.53,36.07,Bank Transfer,2024,5,May,Q2,Sunday,31.640350877192986,114.0,0.0
ORD-10936,2024-05-26,Jamal Williams,Corporate,Italy,Europe,Technology,Tablet Stand Holder,1,38.44,0,38.44,8.19,9.11,PayPal,2024,5,May,Q2,Sunday,23.699271592091574,38.44,0.0
ORD-11287,2024-05-26,James White,Corporate,UAE,Middle East & Africa,Technology,Wireless Bluetooth Headphones,8,171.31,10,1233.43,22.94,456.73,Cash on Delivery,2024,5,May,Q2,Sunday,37.02925986882109,1370.4777777777779,137.0477777777778
ORD-10059,2024-05-27,William Ferrari,Consumer,France,Europe,Technology,Mechanical Gaming Keyboard,6,175.05,10,945.27,21.41,346.19,Cash on Delivery,2024,5,May,Q2,Monday,36.62339860568938,1050.3,105.02999999999997
ORD-10335,2024-05-27,Olivia Davis,Home Office,Colombia,South America,Office Supplies,Binder Clips Assorted 48pc,5,11.19,15,47.56,22.11,0.27,PayPal,2024,5,May,Q2,Monday,0.5677039529015979,55.952941176470596,8.392941176470593
ORD-10595,2024-05-27,Richard Johnson,Consumer,South Africa,Middle East & Africa,Technology,Wireless Ergonomic Mouse,2,31.92,0,63.84,13.33,15.4,Bank Transfer,2024,5,May,Q2,Monday,24.12280701754386,63.84,0.0
ORD-10614,2024-05-27,Lucas Williams,Corporate,France,Europe,Furniture,Monitor Riser Wood,3,35.49,0,106.47,13.63,28.96,Bank Transfer,2024,5,May,Q2,Monday,27.200150277073355,106.47,0.0
ORD-10790,2024-05-27,Emma Nilsson,Corporate,China,Asia Pacific,Technology,Noise Cancelling Earbuds,2,71.92,5,136.65,13.71,43.83,PayPal,2024,5,May,Q2,Monday,32.074643249176724,143.84210526315792,7.192105263157913
ORD-11173,2024-05-27,Barbara Ali,Home Office,Japan,Asia Pacific,Office Supplies,Tape Dispenser Heavy Duty,9,20.69,0,186.21,22.07,80.35,Credit Card,2024,5,May,Q2,Monday,43.15020675581332,186.21,0.0
ORD-11324,2024-05-27,Omar Nilsson,Consumer,Spain,Europe,Technology,Portable External SSD 1TB,15,142.85,10,1928.48,22.72,727.25,Cash on Delivery,2024,5,May,Q2,Monday,37.71104704223015,2142.7555555555555,214.27555555555546
ORD-10364,2024-05-28,Yuki Johnson,Corporate,Germany,Europe,Clothing & Accessories,Leather Wallet Minimalist,3,50.33,10,135.89,11.44,48.95,PayPal,2024,5,May,Q2,Tuesday,36.02178232393848,150.98888888888888,15.098888888888894
ORD-10445,2024-05-28,Giulia Miller,Consumer,Mexico,North America,Office Supplies,Premium Notebook Set A5,1,23.24,10,20.92,7.37,3.09,PayPal,2024,5,May,Q2,Tuesday,14.770554493307838,23.244444444444447,2.3244444444444454
ORD-10584,2024-05-28,Fatima Smith,Consumer,Argentina,South America,Clothing & Accessories,Polarized Sunglasses,6,79.95,0,479.7,23.09,216.76,Credit Card,2024,5,May,Q2,Tuesday,45.1865749426725,479.7,0.0
ORD-11658,2024-05-29,Hanna Kim,Consumer,Saudi Arabia,Middle East & Africa,Office Supplies,Desk Calendar 2025,1,14.73,0,14.73,12.36,-4.26,Credit Card,2024,5,May,Q2,Wednesday,-28.920570264765782,14.73,0.0
ORD-11765,2024-05-29,Emma Weber,Corporate,Colombia,South America,Office Supplies,Whiteboard Markers Set 8,4,15.35,10,55.26,13.12,14.51,Cash on Delivery,2024,5,May,Q2,Wednesday,26.257690915671372,61.4,6.140000000000001
ORD-10441,2024-05-30,Susan Kumar,Consumer,Canada,North America,Technology,Wireless Bluetooth Headphones,1,171.98,10,154.78,7.29,52.9,Credit Card,2024,5,May,Q2,Thursday,34.17754231812896,171.9777777777778,17.197777777777787
ORD-10898,2024-05-31,Diego Schmidt,Consumer,South Africa,Middle East & Africa,Furniture,Monitor Riser Wood,1,67.18,0,67.18,12.09,14.78,PayPal,2024,5,May,Q2,Friday,22.000595415302172,67.18,0.0
ORD-11164,2024-05-31,Sophie Weber,Consumer,United States,North America,Technology,Wireless Ergonomic Mouse,5,27.93,15,118.7,14.98,26.91,PayPal,2024,5,May,Q2,Friday,22.670598146588038,139.64705882352942,20.947058823529417
ORD-11588,2024-06-01,Joseph Martinez,Consumer,Australia,Asia Pacific,Office Supplies,Whiteboard Markers Set 8,2,8.62,15,14.65,10.07,-3.18,Credit Card,2024,6,June,Q2,Saturday,-21.706484641638227,17.235294117647058,2.5852941176470576
ORD-11686,2024-06-02,Li Khan,Home Office,Germany,Europe,Furniture,Floating Wall Shelves Set,7,77.63,15,461.9,11.64,124.21,Credit Card,2024,6,June,Q2,Sunday,26.891101970123405,543.4117647058823,81.51176470588234
ORD-10117,2024-06-03,Nadia Pereira,Consumer,India,Asia Pacific,Office Supplies,Whiteboard Markers Set 8,2,18.62,10,33.52,12.51,4.25,Bank Transfer,2024,6,June,Q2,Monday,12.678997613365153,37.24444444444445,3.724444444444444
ORD-11074,2024-06-03,Wei Taylor,Home Office,Japan,Asia Pacific,Furniture,Standing Desk Converter,2,205.48,5,390.41,12.79,131.04,Credit Card,2024,6,June,Q2,Monday,33.56471401859583,410.95789473684215,20.547894736842125
ORD-10345,2024-06-04,Michael Yamamoto,Consumer,United States,North America,Furniture,Standing Desk Converter,2,212.46,5,403.67,8.24,140.48,Cash on Delivery,2024,6,June,Q2,Tuesday,34.80070354497485,424.91578947368424,21.245789473684226
ORD-11815,2024-06-04,Joseph Johansson,Consumer,Mexico,North America,Furniture,Mesh Back Task Chair,2,232.65,0,465.3,6.74,179.38,Credit Card,2024,6,June,Q2,Tuesday,38.55147216849345,465.3,0.0
ORD-10157,2024-06-05,Xiao Kumar,Home Office,Australia,Asia Pacific,Clothing & Accessories,Silk Tie Collection,1,33.98,5,32.28,9.63,5.66,Cash on Delivery,2024,6,June,Q2,Wednesday,17.534076827757126,33.97894736842105,1.6989473684210523
ORD-11803,2024-06-07,Wei Costa,Home Office,Argentina,South America,Clothing & Accessories,Polarized Sunglasses,1,47.83,20,38.26,10.96,3.38,Credit Card,2024,6,June,Q2,Friday,8.834291688447465,47.824999999999996,9.564999999999998
ORD-10734,2024-06-08,Elizabeth Taylor,Corporate,Italy,Europe,Office Supplies,Highlighters Neon Pack 6,1,10.5,0,10.5,8.64,-2.87,Credit Card,2024,6,June,Q2,Saturday,-27.333333333333332,10.5,0.0
ORD-10302,2024-06-09,Emma Tanaka,Home Office,Argentina,South America,Furniture,Monitor Riser Wood,3,26.36,15,67.22,14.59,5.18,PayPal,2024,6,June,Q2,Sunday,7.706039869086581,79.08235294117647,11.862352941176468
ORD-11365,2024-06-09,Olga Romano,Consumer,Canada,North America,Clothing & Accessories,Cotton Formal Shirt,3,63.86,5,182.0,10.77,75.44,PayPal,2024,6,June,Q2,Sunday,41.45054945054945,191.57894736842107,9.578947368421069
ORD-11759,2024-06-09,Amir Hassan,Consumer,United States,North America,Clothing & Accessories,Canvas Messenger Bag,3,29.47,10,79.57,12.1,23.26,Credit Card,2024,6,June,Q2,Sunday,29.232122659293708,88.4111111111111,8.841111111111104
ORD-11750,2024-06-10,Olga Robinson,Consumer,United States,North America,Clothing & Accessories,Cotton Formal Shirt,1,26.54,5,25.21,6.91,5.03,Cash on Delivery,2024,6,June,Q2,Monday,19.952399841332806,26.536842105263162,1.326842105263161
ORD-10557,2024-06-12,Joseph Russo,Consumer,Australia,Asia Pacific,Clothing & Accessories,Wool Blend Scarf,5,49.62,10,223.29,20.46,78.78,Cash on Delivery,2024,6,June,Q2,Wednesday,35.281472524519685,248.1,24.810000000000002
ORD-10897,2024-06-12,Karen Smith,Consumer,Colombia,South America,Technology,Tablet Stand Holder,3,44.11,0,132.33,13.19,46.36,Credit Card,2024,6,June,Q2,Wednesday,35.033628051084406,132.33,0.0
ORD-11738,2024-06-12,Chen Tanaka,Corporate,China,Asia Pacific,Technology,Wireless Ergonomic Mouse,4,65.92,15,224.13,12.79,66.32,PayPal,2024,6,June,Q2,Wednesday,29.58997010663454,263.6823529411765,39.55235294117648
ORD-11737,2024-06-14,Sarah Jackson,Corporate,South Africa,Middle East & Africa,Technology,Noise Cancelling Earbuds,2,187.45,15,318.66,15.26,97.21,Cash on Delivery,2024,6,June,Q2,Friday,30.50586832360509,374.89411764705886,56.23411764705884
ORD-10547,2024-06-15,Olivia Pereira,Home Office,United States,North America,Clothing & Accessories,Cotton Formal Shirt,1,41.69,5,39.61,5.53,13.23,PayPal,2024,6,June,Q2,Saturday,33.40065639989901,41.694736842105264,2.084736842105265
ORD-10882,2024-06-15,Yuki Thompson,Home Office,Canada,North America,Office Supplies,Paper Clips Box 500pc,2,3.65,5,6.93,9.09,-5.45,PayPal,2024,6,June,Q2,Saturday,-78.64357864357865,7.294736842105263,0.36473684210526347
ORD-11303,2024-06-15,Ahmed Singh,Corporate,Mexico,North America,Technology,Noise Cancelling Earbuds,5,190.99,5,907.2,14.34,367.64,Bank Transfer,2024,6,June,Q2,Saturday,40.52469135802469,954.9473684210527,47.74736842105267
ORD-11882,2024-06-16,Liam Kim,Consumer,Italy,Europe,Furniture,Floating Wall Shelves Set,2,50.55,0,101.1,11.26,29.18,PayPal,2024,6,June,Q2,Sunday,28.862512363996046,101.1,0.0
ORD-10227,2024-06-18,Linda Suzuki,Corporate,Canada,North America,Clothing & Accessories,Polarized Sunglasses,5,61.44,5,291.84,10.22,128.02,Credit Card,2024,6,June,Q2,Tuesday,43.866502192982466,307.2,15.360000000000014
ORD-10556,2024-06-18,Pierre Jackson,Corporate,Argentina,South America,Furniture,Bookshelf 5-Tier,6,84.46,10,456.08,22.68,129.34,Credit Card,2024,6,June,Q2,Tuesday,28.35905981406771,506.75555555555553,50.67555555555555
ORD-10884,2024-06-18,Barbara Dubois,Corporate,Canada,North America,Technology,Laptop Stand Adjustable,4,53.44,10,192.38,10.74,64.07,Credit Card,2024,6,June,Q2,Tuesday,33.30387774196902,213.75555555555553,21.375555555555536
ORD-11188,2024-06-19,Xiao Johnson,Consumer,Mexico,North America,Clothing & Accessories,Polarized Sunglasses,2,39.41,5,74.88,8.06,27.41,PayPal,2024,6,June,Q2,Wednesday,36.605235042735046,78.82105263157895,3.9410526315789554
ORD-11340,2024-06-19,Carlos Thompson,Consumer,Argentina,South America,Technology,Wireless Bluetooth Headphones,1,214.3,5,203.59,11.22,74.5,Credit Card,2024,6,June,Q2,Wednesday,36.59315290534899,214.30526315789476,10.715263157894753
ORD-11325,2024-06-20,Olga Suzuki,Consumer,Canada,North America,Technology,Portable External SSD 1TB,6,88.33,5,503.48,13.32,198.67,PayPal,2024,6,June,Q2,Thursday,39.459362834670685,529.9789473684211,26.498947368421113
ORD-11447,2024-06-20,Ali Sato,Corporate,Canada,North America,Clothing & Accessories,Canvas Messenger Bag,2,73.45,5,139.56,6.29,59.82,Cash on Delivery,2024,6,June,Q2,Thursday,42.86328460877042,146.90526315789475,7.345263157894749
ORD-10822,2024-06-21,Ethan Johnson,Home Office,India,Asia Pacific,Clothing & Accessories,Travel Backpack 30L,1,47.32,10,42.59,10.74,8.19,Cash on Delivery,2024,6,June,Q2,Friday,19.22986616576661,47.32222222222222,4.732222222222219
ORD-11747,2024-06-21,Ava Patel,Home Office,Nigeria,Middle East & Africa,Clothing & Accessories,Cotton Formal Shirt,2,34.14,5,64.87,13.94,16.79,PayPal,2024,6,June,Q2,Friday,25.882534299367965,68.2842105263158,3.4142105263157987
ORD-11084,2024-06-22,Sakura Müller,Corporate,Spain,Europe,Furniture,Bookshelf 5-Tier,1,141.5,0,141.5,7.9,48.7,Credit Card,2024,6,June,Q2,Saturday,34.41696113074205,141.5,0.0
ORD-10983,2024-06-23,Nadia Zhang,Consumer,India,Asia Pacific,Furniture,Desk Organizer Set,9,55.5,5,474.52,19.93,154.89,Cash on Delivery,2024,6,June,Q2,Sunday,32.64140605243193,499.4947368421053,24.9747368421053
ORD-11777,2024-06-23,Nadia Anderson,Consumer,Spain,Europe,Office Supplies,Highlighters Neon Pack 6,3,8.11,15,20.68,14.26,-4.53,PayPal,2024,6,June,Q2,Sunday,-21.905222437137333,24.32941176470588,3.6494117647058815
ORD-10278,2024-06-24,Marco Sharma,Consumer,Argentina,South America,Furniture,Standing Desk Converter,7,303.29,15,1804.58,18.54,512.22,PayPal,2024,6,June,Q2,Monday,28.38444402575669,2123.035294117647,318.4552941176471
ORD-11466,2024-06-24,Oscar Miller,Corporate,Saudi Arabia,Middle East & Africa,Technology,Webcam HD 1080p,1,68.39,20,54.71,12.38,4.72,Bank Transfer,2024,6,June,Q2,Monday,8.627307622006946,68.3875,13.677500000000002
ORD-11816,2024-06-24,Omar Russo,Consumer,China,Asia Pacific,Office Supplies,Binder Clips Assorted 48pc,2,9.72,10,17.5,12.92,-4.17,PayPal,2024,6,June,Q2,Monday,-23.82857142857143,19.444444444444443,1.9444444444444429
ORD-10144,2024-06-25,Carlos Schmidt,Home Office,France,Europe,Office Supplies,Sticky Notes Multicolor 6-Pack,2,14.53,5,27.61,11.77,2.76,Cash on Delivery,2024,6,June,Q2,Tuesday,9.996378123868164,29.063157894736843,1.4531578947368438
ORD-10012,2024-06-26,Thomas Rodriguez,Corporate,Brazil,South America,Furniture,Folding Table Portable,1,78.08,10,70.27,11.96,11.46,Credit Card,2024,6,June,Q2,Wednesday,16.30852426355486,78.07777777777777,7.807777777777773
ORD-11415,2024-06-26,Nadia Davis,Home Office,Mexico,North America,Office Supplies,Stapler Full-Size,5,9.54,0,47.7,11.65,14.59,Credit Card,2024,6,June,Q2,Wednesday,30.587002096436056,47.7,0.0
ORD-11265,2024-06-28,Maria Hassan,Consumer,France,Europe,Furniture,Mesh Back Task Chair,3,122.5,0,367.5,9.35,137.65,Credit Card,2024,6,June,Q2,Friday,37.45578231292517,367.5,0.0
ORD-11311,2024-06-28,Sophie Li,Consumer,Japan,Asia Pacific,Furniture,Monitor Riser Wood,2,33.34,0,66.68,11.35,15.32,Credit Card,2024,6,June,Q2,Friday,22.975404919016196,66.68,0.0
ORD-11688,2024-06-29,Hans Schmidt,Consumer,Mexico,North America,Office Supplies,Binder Clips Assorted 48pc,8,14.05,0,112.4,18.76,43.06,PayPal,2024,6,June,Q2,Saturday,38.30960854092527,112.4,0.0
ORD-10121,2024-06-30,Maria Weber,Corporate,Spain,Europe,Clothing & Accessories,Polarized Sunglasses,3,22.89,20,54.94,11.77,8.83,Credit Card,2024,6,June,Q2,Sunday,16.072078631234074,68.675,13.735
ORD-11099,2024-06-30,Priya Robinson,Consumer,Mexico,North America,Clothing & Accessories,Wool Blend Scarf,1,52.83,10,47.55,6.13,15.0,Credit Card,2024,6,June,Q2,Sunday,31.54574132492114,52.83333333333333,5.283333333333331
ORD-11660,2024-07-01,Fatima Robinson,Corporate,France,Europe,Technology,Wireless Ergonomic Mouse,2,28.41,10,51.14,9.34,10.55,Credit Card,2024,7,July,Q3,Monday,20.629644114196324,56.82222222222222,5.682222222222222
ORD-11768,2024-07-01,Joseph Singh,Consumer,Italy,Europe,Clothing & Accessories,Sports Water Bottle 750ml,1,23.88,5,22.69,9.01,1.74,Credit Card,2024,7,July,Q3,Monday,7.668576465403261,23.88421052631579,1.1942105263157892
ORD-10513,2024-07-02,Maria Rossi,Consumer,Australia,Asia Pacific,Clothing & Accessories,Sports Water Bottle 750ml,6,25.8,20,123.84,23.22,23.22,Bank Transfer,2024,7,July,Q3,Tuesday,18.749999999999996,154.79999999999998,30.95999999999998
ORD-11850,2024-07-02,Omar Williams,Consumer,Mexico,North America,Furniture,Standing Desk Converter,7,157.04,0,1099.28,10.12,429.59,Credit Card,2024,7,July,Q3,Tuesday,39.07921548650025,1099.28,0.0
ORD-11411,2024-07-03,Raj Weber,Consumer,Spain,Europe,Office Supplies,Whiteboard Markers Set 8,2,21.15,0,42.3,9.48,13.78,PayPal,2024,7,July,Q3,Wednesday,32.57683215130024,42.3,0.0
ORD-11498,2024-07-03,Omar Rodriguez,Corporate,Australia,Asia Pacific,Office Supplies,Desk Calendar 2025,2,16.71,10,30.08,13.99,1.05,Credit Card,2024,7,July,Q3,Wednesday,3.4906914893617023,33.42222222222222,3.342222222222219
ORD-11352,2024-07-04,Ayumi Moreau,Consumer,Spain,Europe,Office Supplies,Highlighters Neon Pack 6,4,4.42,5,16.8,13.49,-4.65,Credit Card,2024,7,July,Q3,Thursday,-27.67857142857143,17.68421052631579,0.8842105263157904
ORD-10257,2024-07-05,Sarah Clark,Home Office,France,Europe,Office Supplies,Stapler Full-Size,1,15.39,0,15.39,9.15,-0.69,Bank Transfer,2024,7,July,Q3,Friday,-4.483430799220272,15.39,0.0
ORD-10261,2024-07-05,Li Oliveira,Consumer,United States,North America,Office Supplies,Tape Dispenser Heavy Duty,5,8.34,15,35.45,7.59,9.1,Cash on Delivery,2024,7,July,Q3,Friday,25.66995768688293,41.70588235294118,6.255882352941178
ORD-10581,2024-07-05,Pierre Weber,Corporate,United Kingdom,Europe,Technology,Wireless Ergonomic Mouse,1,47.66,0,47.66,8.77,12.68,Cash on Delivery,2024,7,July,Q3,Friday,26.605119597146455,47.66,0.0
ORD-10691,2024-07-05,Felix Ahmed,Consumer,Germany,Europe,Technology,Wireless Ergonomic Mouse,2,52.81,0,105.62,10.99,36.54,Credit Card,2024,7,July,Q3,Friday,34.59572050747964,105.62,0.0
ORD-11189,2024-07-05,Clara Tanaka,Corporate,United States,North America,Furniture,Desk Organizer Set,1,31.63,5,30.05,5.84,5.23,PayPal,2024,7,July,Q3,Friday,17.404326123128122,31.631578947368425,1.581578947368424
ORD-10275,2024-07-06,Mary Clark,Consumer,Mexico,North America,Office Supplies,Desk Calendar 2025,7,11.86,5,78.87,17.15,24.36,Credit Card,2024,7,July,Q3,Saturday,30.886268543172307,83.02105263157895,4.151052631578949
ORD-11450,2024-07-06,Li Rossi,Corporate,Spain,Europe,Technology,USB-C Hub Multiport Adapter,1,24.66,20,19.73,8.64,-2.47,Credit Card,2024,7,July,Q3,Saturday,-12.519006588950838,24.662499999999998,4.932499999999997
ORD-11559,2024-07-06,Felix Smith,Consumer,Mexico,North America,Office Supplies,Desk Calendar 2025,8,19.36,10,139.39,9.27,60.42,Credit Card,2024,7,July,Q3,Saturday,43.34600760456274,154.87777777777777,15.48777777777778
ORD-11225,2024-07-07,Christopher Brown,Corporate,Canada,North America,Technology,Wireless Ergonomic Mouse,3,42.03,10,113.48,6.85,37.28,Cash on Delivery,2024,7,July,Q3,Sunday,32.851603806838206,126.08888888888889,12.608888888888885
ORD-11636,2024-07-07,Ingrid Davis,Consumer,Argentina,South America,Technology,Tablet Stand Holder,5,17.3,15,73.52,16.43,9.51,Cash on Delivery,2024,7,July,Q3,Sunday,12.93525571273123,86.49411764705881,12.974117647058819
ORD-11706,2024-07-08,Priya Oliveira,Consumer,United Kingdom,Europe,Furniture,Ergonomic Office Chair,10,305.38,5,2901.11,14.57,1054.26,Credit Card,2024,7,July,Q3,Monday,36.339883699687356,3053.8,152.69000000000005
ORD-10222,2024-07-09,Hanna White,Consumer,France,Europe,Clothing & Accessories,Travel Backpack 30L,3,59.82,20,143.57,9.58,44.26,Bank Transfer,2024,7,July,Q3,Tuesday,30.82816744445218,179.46249999999998,35.892499999999984
ORD-10385,2024-07-09,Michael Schmidt,Corporate,Canada,North America,Office Supplies,Whiteboard Markers Set 8,1,19.83,20,15.86,6.8,0.14,Credit Card,2024,7,July,Q3,Tuesday,0.8827238335435058,19.825,3.965
ORD-11508,2024-07-09,Ivan Ahmed,Home Office,United States,North America,Clothing & Accessories,Canvas Messenger Bag,2,86.73,10,156.11,9.75,59.63,Credit Card,2024,7,July,Q3,Tuesday,38.197424892703864,173.45555555555558,17.345555555555563
ORD-10641,2024-07-10,Sophie Clark,Consumer,Germany,Europe,Clothing & Accessories,Leather Wallet Minimalist,11,19.0,5,198.55,16.19,77.86,PayPal,2024,7,July,Q3,Wednesday,39.214303701838325,209.00000000000003,10.450000000000017
ORD-11587,2024-07-10,Amina Clark,Home Office,Canada,North America,Clothing & Accessories,Canvas Messenger Bag,5,28.49,15,121.08,15.04,34.82,PayPal,2024,7,July,Q3,Wednesday,28.757846052196896,142.4470588235294,21.367058823529405
ORD-10095,2024-07-11,Karen Anderson,Corporate,United States,North America,Furniture,Mesh Back Task Chair,2,191.99,5,364.78,9.02,125.37,Credit Card,2024,7,July,Q3,Thursday,34.36866056253084,383.978947368421,19.198947368421045
ORD-11444,2024-07-11,Hans Fischer,Consumer,Australia,Asia Pacific,Office Supplies,Stapler Full-Size,3,9.42,0,28.26,15.8,-0.26,PayPal,2024,7,July,Q3,Thursday,-0.9200283085633403,28.26,0.0
ORD-11549,2024-07-11,Priya Jones,Consumer,Australia,Asia Pacific,Technology,Mechanical Gaming Keyboard,2,70.74,15,120.26,13.36,29.09,PayPal,2024,7,July,Q3,Thursday,24.189256610676864,141.4823529411765,21.22235294117648
ORD-10516,2024-07-12,Olga Suzuki,Corporate,United States,North America,Technology,Portable External SSD 1TB,2,131.07,10,235.93,8.58,83.17,Credit Card,2024,7,July,Q3,Friday,35.251981519942355,262.14444444444445,26.21444444444444
ORD-10586,2024-07-13,Olivia Patel,Consumer,Australia,Asia Pacific,Technology,Webcam HD 1080p,3,50.5,10,136.35,10.6,42.42,PayPal,2024,7,July,Q3,Saturday,31.11111111111111,151.5,15.150000000000006
ORD-10664,2024-07-14,John Ferrari,Consumer,United Kingdom,Europe,Clothing & Accessories,Travel Backpack 30L,6,68.26,5,389.08,18.45,165.85,Credit Card,2024,7,July,Q3,Sunday,42.626195126966174,409.5578947368421,20.47789473684213
ORD-11142,2024-07-14,Ayumi Harris,Consumer,United Kingdom,Europe,Furniture,Floating Wall Shelves Set,1,95.79,15,81.42,8.97,14.98,Bank Transfer,2024,7,July,Q3,Sunday,18.398427904691722,95.78823529411765,14.368235294117653
ORD-10824,2024-07-15,Pierre Rodriguez,Home Office,Mexico,North America,Technology,Mechanical Gaming Keyboard,2,150.27,10,270.49,6.15,99.04,Credit Card,2024,7,July,Q3,Monday,36.615031979001074,300.5444444444444,30.054444444444414
ORD-11343,2024-07-15,Amina Romano,Corporate,UAE,Middle East & Africa,Clothing & Accessories,Leather Belt Classic,1,25.15,20,20.12,13.22,-5.67,Cash on Delivery,2024,7,July,Q3,Monday,-28.180914512922463,25.15,5.029999999999998
ORD-11639,2024-07-15,Mia White,Corporate,Canada,North America,Furniture,Bookshelf 5-Tier,3,153.49,25,345.35,8.01,61.06,Credit Card,2024,7,July,Q3,Monday,17.68061386998697,460.4666666666667,115.11666666666667
ORD-10131,2024-07-16,Ali Oliveira,Consumer,Mexico,North America,Technology,Portable External SSD 1TB,1,115.3,10,103.77,6.68,33.67,PayPal,2024,7,July,Q3,Tuesday,32.44675725161415,115.3,11.530000000000001
ORD-10253,2024-07-19,David Garcia,Consumer,France,Europe,Furniture,Ergonomic Office Chair,4,425.29,5,1616.1,12.36,583.04,PayPal,2024,7,July,Q3,Friday,36.07697543468845,1701.157894736842,85.05789473684217
ORD-11402,2024-07-19,Li Davis,Home Office,United States,North America,Technology,Smart LED Desk Lamp,1,44.59,0,44.59,7.24,12.83,Cash on Delivery,2024,7,July,Q3,Friday,28.773267548777753,44.59,0.0
ORD-11398,2024-07-21,Mary Rodriguez,Consumer,United States,North America,Clothing & Accessories,Leather Belt Classic,1,23.76,10,21.38,6.5,3.0,Cash on Delivery,2024,7,July,Q3,Sunday,14.031805425631433,23.755555555555553,2.375555555555554
ORD-11857,2024-07-23,Mia Romano,Corporate,Japan,Asia Pacific,Technology,Wireless Bluetooth Headphones,3,215.99,10,583.17,14.33,212.46,PayPal,2024,7,July,Q3,Tuesday,36.43191522197644,647.9666666666666,64.79666666666662
ORD-11690,2024-07-24,William Chen,Corporate,France,Europe,Office Supplies,Sticky Notes Multicolor 6-Pack,6,13.61,5,77.58,20.53,20.3,PayPal,2024,7,July,Q3,Wednesday,26.16653776746584,81.66315789473684,4.083157894736843
ORD-10909,2024-07-25,Clara Leroy,Consumer,Australia,Asia Pacific,Furniture,Desk Organizer Set,4,43.36,10,156.1,16.06,35.98,PayPal,2024,7,July,Q3,Thursday,23.04932735426009,173.44444444444443,17.344444444444434
ORD-10138,2024-07-26,Ali Jones,Consumer,Spain,Europe,Clothing & Accessories,Travel Backpack 30L,1,84.43,25,63.32,8.29,12.81,Bank Transfer,2024,7,July,Q3,Friday,20.230574857864813,84.42666666666666,21.106666666666662
ORD-11165,2024-07-26,Wei Sato,Consumer,Canada,North America,Technology,Wireless Bluetooth Headphones,5,142.01,0,710.05,12.04,307.48,Credit Card,2024,7,July,Q3,Friday,43.30399267657208,710.05,0.0
ORD-10340,2024-07-27,Priya Weber,Consumer,South Korea,Asia Pacific,Furniture,Folding Table Portable,3,51.54,5,146.89,16.14,37.98,Credit Card,2024,7,July,Q3,Saturday,25.85608278303492,154.62105263157895,7.731052631578962
ORD-10388,2024-07-27,Linda Patel,Consumer,United Kingdom,Europe,Technology,Webcam HD 1080p,4,83.83,0,335.32,12.06,138.83,Cash on Delivery,2024,7,July,Q3,Saturday,41.40224263390195,335.32,0.0
ORD-10868,2024-07-27,Sakura Jones,Corporate,United States,North America,Technology,Tablet Stand Holder,5,19.09,10,85.91,15.16,18.25,Credit Card,2024,7,July,Q3,Saturday,21.243161448027006,95.45555555555555,9.545555555555552
ORD-11918,2024-07-27,Robert Khan,Consumer,Canada,North America,Technology,USB-C Hub Multiport Adapter,1,42.3,20,33.84,5.91,4.67,Credit Card,2024,7,July,Q3,Saturday,13.800236406619385,42.300000000000004,8.46
ORD-10590,2024-07-28,Hans White,Home Office,Brazil,South America,Furniture,Folding Table Portable,1,58.82,15,50.0,11.29,3.42,Cash on Delivery,2024,7,July,Q3,Sunday,6.84,58.82352941176471,8.82352941176471
ORD-11153,2024-07-28,Sarah Chen,Consumer,Germany,Europe,Furniture,Mesh Back Task Chair,11,296.08,5,3094.04,23.46,1116.45,Bank Transfer,2024,7,July,Q3,Sunday,36.08389031816008,3256.884210526316,162.84421052631615
ORD-11654,2024-07-29,Christopher Schmidt,Consumer,Canada,North America,Furniture,Mesh Back Task Chair,1,264.5,25,198.38,7.24,32.44,Credit Card,2024,7,July,Q3,Monday,16.352454884564978,264.50666666666666,66.12666666666667
ORD-11982,2024-07-29,William Moreau,Consumer,United States,North America,Furniture,Floating Wall Shelves Set,1,43.48,0,43.48,6.89,10.5,Bank Transfer,2024,7,July,Q3,Monday,24.149034038638455,43.48,0.0
ORD-10263,2024-08-01,Felix Romano,Consumer,France,Europe,Technology,Laptop Stand Adjustable,2,51.5,0,103.0,9.3,37.05,Credit Card,2024,8,August,Q3,Thursday,35.970873786407765,103.0,0.0
ORD-10066,2024-08-02,Hanna Ali,Home Office,United Kingdom,Europe,Office Supplies,Stapler Full-Size,4,14.54,15,49.44,12.57,10.7,PayPal,2024,8,August,Q3,Friday,21.642394822006473,58.16470588235294,8.724705882352943
ORD-10799,2024-08-03,Susan Schmidt,Consumer,United Kingdom,Europe,Furniture,Folding Table Portable,3,75.05,0,225.15,12.4,77.66,PayPal,2024,8,August,Q3,Saturday,34.49256051521208,225.15,0.0
ORD-11203,2024-08-03,Amir Ali,Consumer,India,Asia Pacific,Clothing & Accessories,Travel Backpack 30L,4,39.58,5,150.4,11.02,60.22,PayPal,2024,8,August,Q3,Saturday,40.03989361702127,158.31578947368422,7.915789473684214
ORD-11849,2024-08-04,Christopher Leroy,Consumer,United States,North America,Technology,Portable External SSD 1TB,7,102.39,5,680.89,13.51,273.18,PayPal,2024,8,August,Q3,Sunday,40.12101807927859,716.7263157894737,35.8363157894737
ORD-10867,2024-08-05,Hans Hassan,Corporate,Argentina,South America,Clothing & Accessories,Polarized Sunglasses,2,54.24,15,92.21,12.61,25.36,Credit Card,2024,8,August,Q3,Monday,27.502440082420566,108.48235294117647,16.27235294117648
ORD-11698,2024-08-05,Layla Zhang,Corporate,United States,North America,Office Supplies,Stapler Full-Size,2,7.92,0,15.84,8.07,0.64,PayPal,2024,8,August,Q3,Monday,4.040404040404041,15.84,0.0
ORD-10213,2024-08-06,Sarah Harris,Consumer,Mexico,North America,Office Supplies,Premium Notebook Set A5,4,22.41,5,85.16,11.14,33.68,PayPal,2024,8,August,Q3,Tuesday,39.54908407703147,89.6421052631579,4.482105263157905
ORD-10311,2024-08-06,Noah Hassan,Consumer,Japan,Asia Pacific,Office Supplies,Sticky Notes Multicolor 6-Pack,2,7.5,10,13.5,11.22,-4.47,PayPal,2024,8,August,Q3,Tuesday,-33.11111111111111,15.0,1.5
ORD-11049,2024-08-06,Priya Schmidt,Consumer,Australia,Asia Pacific,Technology,USB-C Hub Multiport Adapter,1,34.53,0,34.53,10.15,5.39,PayPal,2024,8,August,Q3,Tuesday,15.60961482768607,34.53,0.0
ORD-10018,2024-08-07,Amir Smith,Home Office,Canada,North America,Furniture,Floating Wall Shelves Set,3,76.33,0,228.99,7.81,83.79,Credit Card,2024,8,August,Q3,Wednesday,36.59111751604874,228.99,0.0
ORD-10475,2024-08-07,Chen Anderson,Corporate,Mexico,North America,Technology,USB-C Hub Multiport Adapter,4,57.77,15,196.42,8.23,61.1,Credit Card,2024,8,August,Q3,Wednesday,31.10681193361165,231.08235294117645,34.662352941176465
ORD-11726,2024-08-08,Raj Patel,Corporate,Canada,North America,Office Supplies,Stapler Full-Size,2,10.66,5,20.25,8.06,2.6,Credit Card,2024,8,August,Q3,Thursday,12.839506172839506,21.315789473684212,1.0657894736842124
ORD-11892,2024-08-08,Mary Oliveira,Consumer,South Korea,Asia Pacific,Clothing & Accessories,Travel Backpack 30L,3,40.65,5,115.85,13.02,41.86,PayPal,2024,8,August,Q3,Thursday,36.13293051359517,121.94736842105263,6.097368421052636
ORD-10294,2024-08-09,Christopher Brown,Corporate,United States,North America,Office Supplies,Desk Calendar 2025,4,17.75,5,67.45,13.03,22.47,Credit Card,2024,8,August,Q3,Friday,33.31356560415122,71.0,3.549999999999997
ORD-10910,2024-08-09,Felix White,Home Office,Italy,Europe,Clothing & Accessories,Leather Wallet Minimalist,7,22.85,5,151.95,10.55,61.42,Bank Transfer,2024,8,August,Q3,Friday,40.421191181309645,159.94736842105263,7.9973684210526415
ORD-10714,2024-08-10,Hans Johnson,Consumer,France,Europe,Technology,Smart LED Desk Lamp,4,59.34,20,189.89,12.93,46.41,Cash on Delivery,2024,8,August,Q3,Saturday,24.440465532676814,237.36249999999998,47.4725
ORD-10716,2024-08-10,Ivan Martinez,Home Office,South Korea,Asia Pacific,Furniture,Standing Desk Converter,3,167.77,5,478.14,12.09,164.06,Cash on Delivery,2024,8,August,Q3,Saturday,34.31212615551931,503.30526315789473,25.165263157894742
ORD-10810,2024-08-12,Nadia Wang,Consumer,Saudi Arabia,Middle East & Africa,Technology,Tablet Stand Holder,3,24.66,10,66.58,14.37,11.52,PayPal,2024,8,August,Q3,Monday,17.302493241213575,73.97777777777777,7.397777777777776
ORD-10786,2024-08-13,Jessica Suzuki,Corporate,India,Asia Pacific,Technology,Wireless Bluetooth Headphones,4,147.28,10,530.21,12.2,193.99,Cash on Delivery,2024,8,August,Q3,Tuesday,36.58738990211425,589.1222222222223,58.912222222222226
ORD-10919,2024-08-13,Priya Ferrari,Consumer,Mexico,North America,Technology,Webcam HD 1080p,4,63.81,5,242.48,12.73,89.37,PayPal,2024,8,August,Q3,Tuesday,36.856647970966684,255.2421052631579,12.762105263157906
ORD-11751,2024-08-13,Elizabeth Singh,Home Office,Mexico,North America,Office Supplies,Whiteboard Markers Set 8,1,9.65,10,8.69,5.86,-1.51,PayPal,2024,8,August,Q3,Tuesday,-17.376294591484466,9.655555555555555,0.9655555555555555
ORD-10058,2024-08-14,Raj Santos,Consumer,Canada,North America,Furniture,Corner L-Shaped Desk,4,347.26,20,1111.23,11.0,266.81,PayPal,2024,8,August,Q3,Wednesday,24.01033089459428,1389.0375,277.8074999999999
ORD-11383,2024-08-14,Thomas Wang,Home Office,United States,North America,Furniture,Desk Organizer Set,1,53.78,5,51.09,6.42,12.4,Bank Transfer,2024,8,August,Q3,Wednesday,24.27089449990213,53.77894736842106,2.6889473684210543
ORD-11622,2024-08-14,Zara Anderson,Corporate,United Kingdom,Europe,Technology,Noise Cancelling Earbuds,3,104.66,0,313.98,9.55,131.74,Credit Card,2024,8,August,Q3,Wednesday,41.95808650232499,313.98,0.0
ORD-11976,2024-08-14,Jennifer Anderson,Corporate,Mexico,North America,Office Supplies,Ballpoint Pen Pack 12,5,8.93,20,35.72,9.26,6.37,PayPal,2024,8,August,Q3,Wednesday,17.83314669652856,44.65,8.93
ORD-11301,2024-08-15,Emma Suzuki,Consumer,South Korea,Asia Pacific,Office Supplies,Ballpoint Pen Pack 12,2,17.94,0,35.88,12.85,6.88,Cash on Delivery,2024,8,August,Q3,Thursday,19.175027870680044,35.88,0.0
ORD-11719,2024-08-15,Sarah Patel,Home Office,United States,North America,Furniture,Standing Desk Converter,3,305.72,10,825.44,9.96,265.18,PayPal,2024,8,August,Q3,Thursday,32.125896491568135,917.1555555555556,91.71555555555551
ORD-10448,2024-08-16,Lucas Moreau,Home Office,Italy,Europe,Office Supplies,Desk Calendar 2025,10,13.76,10,123.84,17.98,43.94,Credit Card,2024,8,August,Q3,Friday,35.4812661498708,137.6,13.759999999999991
ORD-10748,2024-08-16,Richard Patel,Consumer,Japan,Asia Pacific,Clothing & Accessories,Silk Tie Collection,3,20.47,5,58.34,11.67,15.97,PayPal,2024,8,August,Q3,Friday,27.374014398354475,61.41052631578948,3.070526315789479
ORD-11186,2024-08-16,Karen Hassan,Consumer,South Korea,Asia Pacific,Office Supplies,Paper Clips Box 500pc,3,4.11,0,12.33,14.51,-7.73,PayPal,2024,8,August,Q3,Friday,-62.6926196269262,12.33,0.0
ORD-11446,2024-08-16,Wei Suzuki,Consumer,Argentina,South America,Clothing & Accessories,Travel Backpack 30L,6,98.0,15,499.8,20.34,185.46,Credit Card,2024,8,August,Q3,Friday,37.10684273709484,588.0,88.19999999999999
ORD-11697,2024-08-16,Thomas Yamamoto,Consumer,United States,North America,Technology,Wireless Ergonomic Mouse,1,66.5,10,59.85,6.99,16.28,Credit Card,2024,8,August,Q3,Friday,27.201336675020887,66.5,6.649999999999999
ORD-10315,2024-08-18,Jamal Sharma,Corporate,Germany,Europe,Technology,Noise Cancelling Earbuds,2,121.67,10,219.01,10.65,74.52,Bank Transfer,2024,8,August,Q3,Sunday,34.02584356878681,243.34444444444443,24.334444444444443
ORD-11942,2024-08-18,Lucas Laurent,Consumer,Colombia,South America,Technology,Smart LED Desk Lamp,4,63.57,0,254.28,18.63,95.8,Credit Card,2024,8,August,Q3,Sunday,37.67500393267264,254.28,0.0
ORD-11094,2024-08-19,Xiao Romano,Corporate,Mexico,North America,Office Supplies,Sticky Notes Multicolor 6-Pack,4,10.58,5,40.2,14.1,7.06,Bank Transfer,2024,8,August,Q3,Monday,17.562189054726364,42.31578947368421,2.1157894736842096
ORD-10248,2024-08-20,Amina Thomas,Consumer,Mexico,North America,Clothing & Accessories,Leather Wallet Minimalist,2,57.19,5,108.66,7.96,43.51,PayPal,2024,8,August,Q3,Tuesday,40.042333885514445,114.37894736842105,5.718947368421055
ORD-11240,2024-08-20,Olga Li,Corporate,South Korea,Asia Pacific,Office Supplies,Paper Clips Box 500pc,2,9.18,15,15.61,12.05,-4.7,PayPal,2024,8,August,Q3,Tuesday,-30.108904548366432,18.36470588235294,2.7547058823529404
ORD-10818,2024-08-22,Kenji Wang,Consumer,Spain,Europe,Clothing & Accessories,Silk Tie Collection,2,32.02,10,57.64,10.01,15.61,Credit Card,2024,8,August,Q3,Thursday,27.081887578070784,64.04444444444444,6.404444444444437
ORD-11132,2024-08-24,Jamal Nilsson,Consumer,Argentina,South America,Office Supplies,Binder Clips Assorted 48pc,8,9.6,15,65.28,27.55,3.17,PayPal,2024,8,August,Q3,Saturday,4.856004901960785,76.8,11.519999999999996
ORD-10608,2024-08-25,Sophie Williams,Corporate,South Korea,Asia Pacific,Office Supplies,Whiteboard Markers Set 8,4,9.95,5,37.81,12.01,7.89,PayPal,2024,8,August,Q3,Sunday,20.867495371594813,39.800000000000004,1.990000000000002
ORD-10629,2024-08-25,Ahmed Anderson,Home Office,China,Asia Pacific,Technology,Smart LED Desk Lamp,4,33.42,0,133.68,13.19,46.97,PayPal,2024,8,August,Q3,Sunday,35.1361460203471,133.68,0.0
ORD-11246,2024-08-25,Felix Schmidt,Corporate,Canada,North America,Technology,Mechanical Gaming Keyboard,1,132.41,10,119.17,6.65,39.69,Credit Card,2024,8,August,Q3,Sunday,33.305362087773766,132.4111111111111,13.241111111111096
ORD-10245,2024-08-26,Hans Anderson,Consumer,Japan,Asia Pacific,Technology,Portable External SSD 1TB,1,145.65,0,145.65,10.25,55.29,Bank Transfer,2024,8,August,Q3,Monday,37.96086508753862,145.65,0.0
ORD-10613,2024-08-26,Ingrid Martin,Corporate,United Kingdom,Europe,Clothing & Accessories,Sports Water Bottle 750ml,1,20.03,5,19.03,7.96,1.06,Credit Card,2024,8,August,Q3,Monday,5.570152390961639,20.031578947368423,1.0015789473684222
ORD-11635,2024-08-26,Yuki Kim,Corporate,United States,North America,Clothing & Accessories,Polarized Sunglasses,3,74.99,0,224.97,11.37,101.12,Credit Card,2024,8,August,Q3,Monday,44.94821531759791,224.97,0.0
ORD-10108,2024-08-28,Diego Thomas,Consumer,United States,North America,Clothing & Accessories,Cotton Formal Shirt,3,45.38,10,122.53,9.66,44.8,PayPal,2024,8,August,Q3,Wednesday,36.56247449604179,136.14444444444445,13.614444444444445
ORD-10563,2024-08-28,Karen Rossi,Consumer,South Korea,Asia Pacific,Furniture,Floating Wall Shelves Set,4,91.15,5,346.37,13.75,113.86,Bank Transfer,2024,8,August,Q3,Wednesday,32.87236192510899,364.6,18.230000000000018
ORD-11347,2024-08-28,Amina Wang,Consumer,United States,North America,Technology,Smart LED Desk Lamp,2,64.84,20,103.74,6.94,25.48,PayPal,2024,8,August,Q3,Wednesday,24.56140350877193,129.67499999999998,25.934999999999988
ORD-11480,2024-08-29,Richard Costa,Consumer,Mexico,North America,Furniture,Standing Desk Converter,3,277.81,15,708.42,9.76,198.6,PayPal,2024,8,August,Q3,Thursday,28.034216989921234,833.435294117647,125.01529411764704
ORD-11823,2024-08-29,Oscar Johansson,Consumer,China,Asia Pacific,Office Supplies,Stapler Full-Size,4,15.31,15,52.05,17.07,7.42,Bank Transfer,2024,8,August,Q3,Thursday,14.255523535062439,61.23529411764706,9.18529411764706
ORD-11613,2024-08-30,Ingrid Laurent,Consumer,Canada,North America,Clothing & Accessories,Canvas Messenger Bag,2,57.71,5,109.65,6.72,45.22,Credit Card,2024,8,August,Q3,Friday,41.240310077519375,115.42105263157896,5.771052631578954
ORD-10055,2024-08-31,Hans Park,Corporate,Italy,Europe,Clothing & Accessories,Polarized Sunglasses,4,36.93,15,125.56,14.92,36.78,Cash on Delivery,2024,8,August,Q3,Saturday,29.292768397578843,147.71764705882353,22.157647058823528
ORD-11966,2024-09-01,Wei Thompson,Consumer,India,Asia Pacific,Office Supplies,Tape Dispenser Heavy Duty,1,20.09,15,17.08,10.58,-2.54,Credit Card,2024,9,September,Q3,Sunday,-14.871194379391103,20.094117647058823,3.014117647058825
ORD-10403,2024-09-03,Ethan Williams,Consumer,Mexico,North America,Furniture,Standing Desk Converter,2,112.26,0,224.52,8.69,81.12,PayPal,2024,9,September,Q3,Tuesday,36.130411544628544,224.52,0.0
ORD-10140,2024-09-04,Sarah Khan,Home Office,Italy,Europe,Office Supplies,Tape Dispenser Heavy Duty,3,22.08,10,59.62,10.3,19.51,Bank Transfer,2024,9,September,Q3,Wednesday,32.723918148272396,66.24444444444444,6.624444444444443
ORD-11959,2024-09-04,Ali Patel,Consumer,Saudi Arabia,Middle East & Africa,Technology,Tablet Stand Holder,8,29.9,0,239.2,15.61,92.03,PayPal,2024,9,September,Q3,Wednesday,38.47408026755853,239.2,0.0
ORD-10929,2024-09-05,Noah Dubois,Consumer,Mexico,North America,Technology,Noise Cancelling Earbuds,2,79.84,10,143.71,7.24,48.65,PayPal,2024,9,September,Q3,Thursday,33.85289819775937,159.67777777777778,15.96777777777777
ORD-11370,2024-09-05,Ivan Müller,Consumer,France,Europe,Clothing & Accessories,Sports Water Bottle 750ml,2,12.3,0,24.6,11.2,1.1,Credit Card,2024,9,September,Q3,Thursday,4.471544715447155,24.6,0.0
ORD-11534,2024-09-05,Jessica Williams,Consumer,United States,North America,Technology,Wireless Ergonomic Mouse,1,30.33,5,28.81,6.89,5.24,Bank Transfer,2024,9,September,Q3,Thursday,18.1881291218327,30.326315789473686,1.516315789473687
ORD-10174,2024-09-06,Clara Schmidt,Corporate,Brazil,South America,Office Supplies,Ballpoint Pen Pack 12,6,13.5,15,68.85,14.12,18.28,Credit Card,2024,9,September,Q3,Friday,26.550472040668122,81.0,12.150000000000006
ORD-10848,2024-09-06,Pierre Patel,Consumer,Germany,Europe,Clothing & Accessories,Canvas Messenger Bag,3,68.42,10,184.73,12.09,70.01,PayPal,2024,9,September,Q3,Friday,37.898554647323124,205.25555555555553,20.525555555555542
ORD-11023,2024-09-06,Olivia Garcia,Home Office,United States,North America,Office Supplies,Desk Calendar 2025,8,7.55,20,48.32,12.15,8.99,PayPal,2024,9,September,Q3,Friday,18.605132450331126,60.4,12.079999999999998
ORD-11314,2024-09-06,David Suzuki,Consumer,UAE,Middle East & Africa,Technology,Laptop Stand Adjustable,5,57.26,10,257.67,17.08,83.12,Bank Transfer,2024,9,September,Q3,Friday,32.258314898901695,286.3,28.629999999999995
ORD-11582,2024-09-06,Christopher Müller,Consumer,Mexico,North America,Furniture,Ergonomic Office Chair,1,187.47,0,187.47,6.23,68.76,Bank Transfer,2024,9,September,Q3,Friday,36.677868458953434,187.47,0.0
ORD-10544,2024-09-07,William Robinson,Consumer,Canada,North America,Technology,USB-C Hub Multiport Adapter,2,50.79,0,101.58,7.71,38.0,PayPal,2024,9,September,Q3,Saturday,37.40893876747391,101.58,0.0
ORD-11124,2024-09-07,Omar Weber,Home Office,Brazil,South America,Clothing & Accessories,Canvas Messenger Bag,1,31.92,0,31.92,12.07,3.89,Cash on Delivery,2024,9,September,Q3,Saturday,12.18671679197995,31.92,0.0
ORD-10493,2024-09-09,Linda Fischer,Consumer,United States,North America,Office Supplies,Ballpoint Pen Pack 12,8,15.17,0,121.36,23.42,43.33,Credit Card,2024,9,September,Q3,Monday,35.703691496374425,121.36,0.0
ORD-10208,2024-09-10,Ivan Thomas,Home Office,Colombia,South America,Technology,Portable External SSD 1TB,2,68.4,0,136.8,13.66,47.9,PayPal,2024,9,September,Q3,Tuesday,35.01461988304093,136.8,0.0
ORD-10484,2024-09-10,Maria Costa,Consumer,Japan,Asia Pacific,Clothing & Accessories,Canvas Messenger Bag,5,57.12,0,285.6,19.41,123.39,Credit Card,2024,9,September,Q3,Tuesday,43.20378151260504,285.6,0.0
ORD-10857,2024-09-10,Layla Johansson,Consumer,United Kingdom,Europe,Technology,Mechanical Gaming Keyboard,10,62.96,10,566.64,19.53,200.83,PayPal,2024,9,September,Q3,Tuesday,35.44225610616971,629.6,62.960000000000036
ORD-10901,2024-09-10,Richard Tanaka,Corporate,India,Asia Pacific,Furniture,Ergonomic Office Chair,5,214.38,15,911.12,18.93,249.05,Credit Card,2024,9,September,Q3,Tuesday,27.33448941961542,1071.9058823529413,160.78588235294126
ORD-11644,2024-09-11,Joseph Romano,Consumer,Brazil,South America,Office Supplies,Highlighters Neon Pack 6,2,8.93,10,16.07,14.32,-6.29,Credit Card,2024,9,September,Q3,Wednesday,-39.141257000622275,17.855555555555554,1.785555555555554
ORD-11672,2024-09-11,Liam Nilsson,Home Office,United Kingdom,Europe,Office Supplies,Desk Calendar 2025,4,17.6,0,70.4,14.18,24.54,PayPal,2024,9,September,Q3,Wednesday,34.85795454545454,70.4,0.0
ORD-11073,2024-09-12,Elizabeth Chen,Home Office,Canada,North America,Clothing & Accessories,Sports Water Bottle 750ml,9,22.04,0,198.36,9.79,89.39,Credit Card,2024,9,September,Q3,Thursday,45.0645291389393,198.36,0.0
ORD-11058,2024-09-13,Omar Costa,Corporate,Mexico,North America,Furniture,Ergonomic Office Chair,1,376.74,20,301.39,7.19,68.16,Credit Card,2024,9,September,Q3,Friday,22.615216165101696,376.73749999999995,75.34749999999997
ORD-10370,2024-09-14,Linda Santos,Corporate,United Kingdom,Europe,Technology,Mechanical Gaming Keyboard,1,174.88,15,148.65,8.56,43.91,Credit Card,2024,9,September,Q3,Saturday,29.53918600739993,174.8823529411765,26.232352941176487
ORD-11781,2024-09-14,Ingrid White,Consumer,Australia,Asia Pacific,Office Supplies,Highlighters Neon Pack 6,1,13.21,5,12.55,10.34,-3.73,Credit Card,2024,9,September,Q3,Saturday,-29.721115537848604,13.210526315789474,0.6605263157894736
ORD-11939,2024-09-14,Amir Moreau,Home Office,India,Asia Pacific,Technology,Webcam HD 1080p,2,43.13,0,86.26,11.52,27.3,PayPal,2024,9,September,Q3,Saturday,31.64850452121493,86.26,0.0
ORD-10184,2024-09-15,Isabella Ferrari,Corporate,Germany,Europe,Technology,Smart LED Desk Lamp,4,41.61,20,133.15,11.64,29.97,Credit Card,2024,9,September,Q3,Sunday,22.50844911753661,166.4375,33.287499999999994
ORD-10229,2024-09-15,Xiao Martin,Home Office,Mexico,North America,Clothing & Accessories,Travel Backpack 30L,6,33.23,5,189.41,9.09,80.63,Credit Card,2024,9,September,Q3,Sunday,42.5690301462436,199.37894736842105,9.968947368421055
ORD-10286,2024-09-15,Oscar Williams,Corporate,United States,North America,Clothing & Accessories,Sports Water Bottle 750ml,4,12.55,25,37.65,9.91,2.64,Credit Card,2024,9,September,Q3,Sunday,7.011952191235061,50.199999999999996,12.549999999999997
ORD-10426,2024-09-15,Ayumi Thomas,Consumer,South Africa,Middle East & Africa,Clothing & Accessories,Polarized Sunglasses,8,62.5,25,375.0,24.32,100.68,PayPal,2024,9,September,Q3,Sunday,26.848,500.0,125.0
ORD-11799,2024-09-15,Jamal Pereira,Consumer,United States,North America,Technology,Smart LED Desk Lamp,2,31.01,10,55.82,6.85,14.86,Bank Transfer,2024,9,September,Q3,Sunday,26.621282694374777,62.02222222222222,6.202222222222218
ORD-11951,2024-09-15,William Romano,Consumer,Canada,North America,Furniture,Desk Organizer Set,4,29.07,10,104.65,12.59,22.29,Cash on Delivery,2024,9,September,Q3,Sunday,21.299569995222168,116.27777777777779,11.62777777777778
ORD-10466,2024-09-16,Zara Harris,Corporate,Canada,North America,Technology,Wireless Ergonomic Mouse,5,62.9,0,314.5,12.05,129.47,Bank Transfer,2024,9,September,Q3,Monday,41.16693163751987,314.5,0.0
ORD-11433,2024-09-16,Pierre Smith,Consumer,Spain,Europe,Office Supplies,Tape Dispenser Heavy Duty,1,13.51,10,12.16,7.94,-1.86,Credit Card,2024,9,September,Q3,Monday,-15.296052631578949,13.511111111111111,1.351111111111111
ORD-11473,2024-09-16,Zara Clark,Consumer,Brazil,South America,Furniture,Floating Wall Shelves Set,3,64.94,20,155.86,11.57,27.4,PayPal,2024,9,September,Q3,Monday,17.579879378929807,194.82500000000002,38.965
ORD-11491,2024-09-16,Carlos Yamamoto,Consumer,Mexico,North America,Clothing & Accessories,Cotton Formal Shirt,1,20.04,0,20.04,6.51,3.51,Credit Card,2024,9,September,Q3,Monday,17.514970059880238,20.04,0.0
ORD-11504,2024-09-16,Yuki Pereira,Corporate,Canada,North America,Office Supplies,Tape Dispenser Heavy Duty,4,17.37,15,59.06,9.1,18.69,Cash on Delivery,2024,9,September,Q3,Monday,31.645783948526923,69.48235294117647,10.42235294117647
ORD-11938,2024-09-16,Isabella Johansson,Corporate,South Africa,Middle East & Africa,Furniture,Folding Table Portable,2,73.07,15,124.22,13.98,22.56,Credit Card,2024,9,September,Q3,Monday,18.161326678473674,146.14117647058825,21.92117647058825
ORD-10262,2024-09-17,Carlos Ferrari,Home Office,Mexico,North America,Office Supplies,Paper Clips Box 500pc,2,5.97,5,11.34,7.01,-1.04,PayPal,2024,9,September,Q3,Tuesday,-9.171075837742505,11.936842105263159,0.5968421052631587
ORD-10998,2024-09-18,Diego Miller,Consumer,Italy,Europe,Furniture,Monitor Riser Wood,4,67.4,5,256.12,9.33,85.03,Cash on Delivery,2024,9,September,Q3,Wednesday,33.19928158675621,269.6,13.480000000000018
ORD-10050,2024-09-19,Robert Garcia,Consumer,Germany,Europe,Office Supplies,Whiteboard Markers Set 8,3,13.57,5,38.67,12.98,7.37,Credit Card,2024,9,September,Q3,Thursday,19.058701836048616,40.70526315789474,2.0352631578947395
ORD-10697,2024-09-19,Sakura Garcia,Home Office,Spain,Europe,Office Supplies,Sticky Notes Multicolor 6-Pack,2,6.44,0,12.88,9.71,-2.63,Credit Card,2024,9,September,Q3,Thursday,-20.419254658385093,12.88,0.0
ORD-10329,2024-09-20,Amina Taylor,Consumer,India,Asia Pacific,Office Supplies,Binder Clips Assorted 48pc,6,13.09,10,70.69,20.97,14.38,PayPal,2024,9,September,Q3,Friday,20.342339793464422,78.54444444444444,7.8544444444444395
ORD-10011,2024-09-21,James Ferrari,Consumer,Canada,North America,Technology,Mechanical Gaming Keyboard,9,164.14,0,1477.26,18.25,646.52,Credit Card,2024,9,September,Q3,Saturday,43.764807819882755,1477.26,0.0
ORD-10931,2024-09-21,Maria Thomas,Corporate,China,Asia Pacific,Furniture,Desk Organizer Set,3,49.49,15,126.2,16.07,21.05,Credit Card,2024,9,September,Q3,Saturday,16.67987321711569,148.47058823529412,22.270588235294113
ORD-10141,2024-09-22,Mia Ali,Corporate,Colombia,South America,Office Supplies,Premium Notebook Set A5,2,18.15,15,30.85,14.89,-0.38,PayPal,2024,9,September,Q3,Sunday,-1.2317666126418152,36.294117647058826,5.444117647058825
ORD-10648,2024-09-22,Omar Dubois,Home Office,Australia,Asia Pacific,Office Supplies,Ballpoint Pen Pack 12,3,6.42,15,16.37,15.39,-7.69,Credit Card,2024,9,September,Q3,Sunday,-46.97617593158216,19.258823529411767,2.8888235294117663
ORD-11925,2024-09-23,Sarah Miller,Corporate,Colombia,South America,Technology,Smart LED Desk Lamp,3,55.32,10,149.36,16.68,41.4,PayPal,2024,9,September,Q3,Monday,27.718264595607923,165.95555555555558,16.595555555555563
ORD-10076,2024-09-24,Sarah Patel,Consumer,Japan,Asia Pacific,Office Supplies,Premium Notebook Set A5,5,17.85,0,89.25,14.45,34.64,Bank Transfer,2024,9,September,Q3,Tuesday,38.81232492997199,89.25,0.0
ORD-11440,2024-09-24,Wei Patel,Corporate,Colombia,South America,Technology,Tablet Stand Holder,5,18.67,5,88.68,14.38,22.96,Cash on Delivery,2024,9,September,Q3,Tuesday,25.89084348218313,93.34736842105265,4.667368421052643
ORD-11573,2024-09-24,Mia Chen,Consumer,Spain,Europe,Technology,Wireless Bluetooth Headphones,2,83.77,15,142.41,8.05,42.21,Credit Card,2024,9,September,Q3,Tuesday,29.63977248788709,167.54117647058823,25.13117647058823
ORD-11870,2024-09-25,Isabella Jones,Corporate,Spain,Europe,Technology,Wireless Ergonomic Mouse,4,48.97,20,156.7,10.82,38.15,Credit Card,2024,9,September,Q3,Wednesday,24.345883854499043,195.87499999999997,39.17499999999998
ORD-11920,2024-09-26,Pierre Jones,Corporate,United Kingdom,Europe,Clothing & Accessories,Sports Water Bottle 750ml,1,29.28,15,24.89,9.4,0.85,Credit Card,2024,9,September,Q3,Thursday,3.4150261149055847,29.282352941176473,4.392352941176473
ORD-10106,2024-09-27,Karen Ali,Consumer,India,Asia Pacific,Clothing & Accessories,Polarized Sunglasses,4,26.0,0,104.0,15.47,36.53,PayPal,2024,9,September,Q3,Friday,35.125,104.0,0.0
ORD-11522,2024-09-27,Amir Anderson,Corporate,United Kingdom,Europe,Technology,Smart LED Desk Lamp,4,31.83,5,120.95,12.01,38.91,Bank Transfer,2024,9,September,Q3,Friday,32.17031831335262,127.31578947368422,6.365789473684217
ORD-10223,2024-09-28,Jennifer Yamamoto,Consumer,France,Europe,Furniture,Floating Wall Shelves Set,2,61.97,0,123.94,11.14,38.44,Bank Transfer,2024,9,September,Q3,Saturday,31.01500726157818,123.94,0.0
ORD-11955,2024-09-28,Olivia Jones,Consumer,United Kingdom,Europe,Furniture,Desk Organizer Set,6,47.45,5,270.47,21.01,78.64,Credit Card,2024,9,September,Q3,Saturday,29.075313343439195,284.70526315789476,14.235263157894735
ORD-10258,2024-09-29,Mia Santos,Consumer,Japan,Asia Pacific,Office Supplies,Binder Clips Assorted 48pc,6,6.49,15,33.1,12.35,3.23,Credit Card,2024,9,September,Q3,Sunday,9.758308157099698,38.94117647058824,5.841176470588238
ORD-10879,2024-09-29,Carlos Patel,Corporate,UAE,Middle East & Africa,Technology,Webcam HD 1080p,3,37.06,20,88.94,13.02,14.77,Cash on Delivery,2024,9,September,Q3,Sunday,16.606701146840567,111.175,22.235
ORD-11947,2024-09-30,Olivia Johnson,Corporate,Brazil,South America,Technology,Mechanical Gaming Keyboard,1,165.01,10,148.51,11.03,46.72,PayPal,2024,9,September,Q3,Monday,31.45916099925931,165.0111111111111,16.5011111111111
ORD-11826,2024-10-01,Robert Leroy,Home Office,France,Europe,Clothing & Accessories,Polarized Sunglasses,3,66.59,5,189.78,13.14,76.75,Credit Card,2024,10,October,Q4,Tuesday,40.441563916113395,199.7684210526316,9.988421052631594
ORD-10296,2024-10-02,Michael Tanaka,Consumer,Colombia,South America,Clothing & Accessories,Business Casual Blazer,1,41.43,10,37.29,12.06,4.51,Cash on Delivery,2024,10,October,Q4,Wednesday,12.094395280235988,41.43333333333333,4.143333333333331
ORD-11399,2024-10-02,Thomas Chen,Home Office,Mexico,North America,Furniture,Mesh Back Task Chair,1,160.45,5,152.43,5.89,50.27,PayPal,2024,10,October,Q4,Wednesday,32.97907236108378,160.45263157894738,8.022631578947369
ORD-10312,2024-10-03,Lucas Nilsson,Consumer,United Kingdom,Europe,Technology,Mechanical Gaming Keyboard,4,142.59,0,570.36,11.88,244.78,PayPal,2024,10,October,Q4,Thursday,42.916754330598216,570.36,0.0
ORD-10512,2024-10-03,Omar Dubois,Home Office,Spain,Europe,Technology,Smart LED Desk Lamp,3,37.56,10,101.41,11.79,27.65,Cash on Delivery,2024,10,October,Q4,Thursday,27.26555566512178,112.67777777777778,11.26777777777778
ORD-10767,2024-10-03,Omar Thompson,Consumer,United Kingdom,Europe,Furniture,Ergonomic Office Chair,4,287.66,5,1093.11,15.79,386.94,Cash on Delivery,2024,10,October,Q4,Thursday,35.39808436479403,1150.6421052631579,57.53210526315797
ORD-11092,2024-10-03,Raj Thompson,Home Office,China,Asia Pacific,Clothing & Accessories,Wool Blend Scarf,3,55.82,5,159.09,12.34,63.02,Bank Transfer,2024,10,October,Q4,Thursday,39.61279778741593,167.46315789473687,8.373157894736863
ORD-11797,2024-10-03,Hanna Sato,Consumer,United States,North America,Office Supplies,Sticky Notes Multicolor 6-Pack,6,7.06,20,33.89,9.61,5.22,Bank Transfer,2024,10,October,Q4,Thursday,15.40277367955149,42.3625,8.472499999999997
ORD-10517,2024-10-04,Diego Johansson,Consumer,UAE,Middle East & Africa,Office Supplies,Ballpoint Pen Pack 12,2,16.71,5,31.75,14.63,2.08,Credit Card,2024,10,October,Q4,Friday,6.5511811023622055,33.42105263157895,1.6710526315789522
ORD-10999,2024-10-04,Layla Romano,Corporate,China,Asia Pacific,Office Supplies,Tape Dispenser Heavy Duty,10,8.48,10,76.32,21.04,17.12,PayPal,2024,10,October,Q4,Friday,22.431865828092246,84.8,8.480000000000004
ORD-11749,2024-10-04,Ivan Williams,Corporate,India,Asia Pacific,Technology,Portable External SSD 1TB,5,113.75,5,540.31,19.74,207.76,Bank Transfer,2024,10,October,Q4,Friday,38.45199977790528,568.7473684210526,28.43736842105261
ORD-11228,2024-10-05,Sakura Thomas,Consumer,United States,North America,Furniture,Bookshelf 5-Tier,8,88.37,5,671.61,16.48,230.95,Cash on Delivery,2024,10,October,Q4,Saturday,34.38751656467295,706.9578947368421,35.347894736842136
ORD-10412,2024-10-06,Nadia Taylor,Corporate,South Africa,Middle East & Africa,Office Supplies,Paper Clips Box 500pc,3,5.9,5,16.82,15.21,-6.36,Cash on Delivery,2024,10,October,Q4,Sunday,-37.81212841854934,17.705263157894738,0.8852631578947374
ORD-10504,2024-10-06,John Suzuki,Home Office,Canada,North America,Clothing & Accessories,Leather Wallet Minimalist,1,37.98,10,34.18,7.22,7.97,Credit Card,2024,10,October,Q4,Sunday,23.31772966647162,37.977777777777774,3.7977777777777746
ORD-10988,2024-10-06,Oscar Martinez,Corporate,Colombia,South America,Clothing & Accessories,Travel Backpack 30L,5,34.24,10,154.08,20.25,48.23,Credit Card,2024,10,October,Q4,Sunday,31.30192107995846,171.20000000000002,17.120000000000005
ORD-11136,2024-10-06,Emma Müller,Consumer,Italy,Europe,Clothing & Accessories,Travel Backpack 30L,1,99.45,15,84.53,7.83,26.98,Credit Card,2024,10,October,Q4,Sunday,31.91766236838992,99.44705882352942,14.917058823529416
ORD-11883,2024-10-06,Mia Costa,Consumer,Germany,Europe,Technology,Smart LED Desk Lamp,10,53.93,5,512.33,19.66,196.06,Cash on Delivery,2024,10,October,Q4,Sunday,38.26830363242441,539.2947368421053,26.964736842105253
ORD-10119,2024-10-08,Zara Thomas,Consumer,United States,North America,Clothing & Accessories,Sports Water Bottle 750ml,6,16.76,5,95.53,8.44,36.81,PayPal,2024,10,October,Q4,Tuesday,38.53239819951848,100.55789473684212,5.027894736842114
ORD-10021,2024-10-09,Giulia Yamamoto,Consumer,Australia,Asia Pacific,Clothing & Accessories,Cotton Formal Shirt,4,20.47,10,73.69,11.8,20.95,PayPal,2024,10,October,Q4,Wednesday,28.429909078572397,81.87777777777778,8.187777777777782
ORD-10663,2024-10-09,Hans Miller,Consumer,Italy,Europe,Technology,Portable External SSD 1TB,3,135.35,5,385.75,12.11,150.31,Credit Card,2024,10,October,Q4,Wednesday,38.965651328580684,406.0526315789474,20.3026315789474
ORD-11018,2024-10-09,Liam Schmidt,Consumer,Australia,Asia Pacific,Office Supplies,Stapler Full-Size,4,13.9,0,55.6,11.78,18.8,Credit Card,2024,10,October,Q4,Wednesday,33.81294964028777,55.6,0.0
ORD-11739,2024-10-09,Olivia Sharma,Consumer,Mexico,North America,Technology,Wireless Bluetooth Headphones,4,58.38,0,233.52,13.39,91.69,PayPal,2024,10,October,Q4,Wednesday,39.26430284343953,233.52,0.0
ORD-11774,2024-10-09,John Wang,Home Office,Australia,Asia Pacific,Clothing & Accessories,Sports Water Bottle 750ml,2,21.81,10,39.26,12.21,5.24,Bank Transfer,2024,10,October,Q4,Wednesday,13.346917982679575,43.62222222222222,4.362222222222222
ORD-11881,2024-10-09,Mia Jones,Home Office,France,Europe,Clothing & Accessories,Silk Tie Collection,8,48.56,5,369.06,24.35,150.47,PayPal,2024,10,October,Q4,Wednesday,40.771148322765946,388.4842105263158,19.42421052631579
ORD-11965,2024-10-09,Layla Patel,Consumer,Mexico,North America,Furniture,Corner L-Shaped Desk,1,371.21,10,334.09,5.6,105.76,Credit Card,2024,10,October,Q4,Wednesday,31.656140560926698,371.21111111111105,37.12111111111108
ORD-10520,2024-10-10,Linda Weber,Corporate,Japan,Asia Pacific,Furniture,Corner L-Shaped Desk,10,345.3,20,2762.4,32.74,657.86,Credit Card,2024,10,October,Q4,Thursday,23.814798725745728,3453.0,690.5999999999999
ORD-10877,2024-10-10,Yuki Sharma,Corporate,Mexico,North America,Clothing & Accessories,Leather Belt Classic,3,51.23,25,115.27,9.6,28.82,Cash on Delivery,2024,10,October,Q4,Thursday,25.002168821028892,153.69333333333333,38.42333333333333
ORD-11475,2024-10-10,Maria Yamamoto,Consumer,China,Asia Pacific,Furniture,Monitor Riser Wood,8,35.17,5,267.29,25.72,72.75,Credit Card,2024,10,October,Q4,Thursday,27.21762879269707,281.3578947368421,14.067894736842106
ORD-10523,2024-10-11,Omar Jackson,Home Office,Canada,North America,Clothing & Accessories,Polarized Sunglasses,2,66.94,0,133.88,9.12,57.82,PayPal,2024,10,October,Q4,Friday,43.187929489094714,133.88,0.0
ORD-10833,2024-10-11,Michael Ferrari,Consumer,Italy,Europe,Technology,Tablet Stand Holder,1,26.72,0,26.72,9.04,2.98,Credit Card,2024,10,October,Q4,Friday,11.152694610778443,26.72,0.0
ORD-10871,2024-10-11,Nadia Wang,Consumer,Spain,Europe,Furniture,Folding Table Portable,9,115.8,20,833.76,26.5,181.94,Bank Transfer,2024,10,October,Q4,Friday,21.821627326808674,1042.1999999999998,208.43999999999983
ORD-11209,2024-10-11,Nadia Martinez,Corporate,Mexico,North America,Office Supplies,Paper Clips Box 500pc,2,9.28,20,14.85,8.04,-1.54,Credit Card,2024,10,October,Q4,Friday,-10.370370370370372,18.5625,3.7125000000000004
ORD-11542,2024-10-11,Raj Schmidt,Consumer,China,Asia Pacific,Office Supplies,Premium Notebook Set A5,3,17.78,0,53.34,13.47,15.87,Credit Card,2024,10,October,Q4,Friday,29.75253093363329,53.34,0.0
ORD-11783,2024-10-13,Li Miller,Consumer,United Kingdom,Europe,Furniture,Ergonomic Office Chair,4,275.12,5,1045.46,13.94,371.23,PayPal,2024,10,October,Q4,Sunday,35.50877125858474,1100.4842105263158,55.024210526315755
ORD-11994,2024-10-13,Richard Santos,Consumer,India,Asia Pacific,Technology,Webcam HD 1080p,5,53.38,10,240.21,11.59,81.82,Bank Transfer,2024,10,October,Q4,Sunday,34.06186253694683,266.9,26.68999999999997
ORD-10391,2024-10-14,Jessica Taylor,Consumer,UAE,Middle East & Africa,Clothing & Accessories,Polarized Sunglasses,2,77.59,10,139.66,15.29,46.78,PayPal,2024,10,October,Q4,Monday,33.49563224974939,155.17777777777778,15.51777777777778
ORD-11714,2024-10-14,Wei Li,Consumer,China,Asia Pacific,Office Supplies,Highlighters Neon Pack 6,6,7.0,5,39.9,18.09,2.91,Credit Card,2024,10,October,Q4,Monday,7.293233082706768,42.0,2.1000000000000014
ORD-11851,2024-10-14,Patricia Santos,Home Office,China,Asia Pacific,Clothing & Accessories,Leather Wallet Minimalist,1,61.38,10,55.24,10.68,13.87,Cash on Delivery,2024,10,October,Q4,Monday,25.108616944243302,61.37777777777778,6.137777777777778
ORD-10162,2024-10-15,Linda Rodriguez,Corporate,Mexico,North America,Office Supplies,Whiteboard Markers Set 8,7,9.79,30,47.97,15.8,1.33,PayPal,2024,10,October,Q4,Tuesday,2.7725661872003338,68.52857142857142,20.558571428571426
ORD-10416,2024-10-15,Wei Khan,Consumer,Mexico,North America,Office Supplies,Ballpoint Pen Pack 12,1,8.54,0,8.54,7.42,-2.72,PayPal,2024,10,October,Q4,Tuesday,-31.850117096018742,8.54,0.0
ORD-10038,2024-10-16,Kenji Jones,Corporate,Canada,North America,Clothing & Accessories,Cotton Formal Shirt,1,26.92,15,22.88,6.91,2.51,Credit Card,2024,10,October,Q4,Wednesday,10.97027972027972,26.91764705882353,4.037647058823531
ORD-10168,2024-10-17,Isabella Schmidt,Consumer,Argentina,South America,Clothing & Accessories,Wool Blend Scarf,1,29.08,15,24.72,11.98,-1.8,Credit Card,2024,10,October,Q4,Thursday,-7.281553398058254,29.08235294117647,4.362352941176471
ORD-10580,2024-10-17,Maria Johnson,Corporate,United States,North America,Technology,Webcam HD 1080p,9,45.48,20,327.46,10.43,91.9,Credit Card,2024,10,October,Q4,Thursday,28.064496427044528,409.32499999999993,81.86499999999995
ORD-11269,2024-10-17,Sophie Johansson,Corporate,Saudi Arabia,Middle East & Africa,Office Supplies,Paper Clips Box 500pc,1,4.87,15,4.14,12.43,-10.48,Bank Transfer,2024,10,October,Q4,Thursday,-253.1400966183575,4.870588235294117,0.7305882352941175
ORD-11341,2024-10-18,Li Müller,Corporate,Japan,Asia Pacific,Technology,Tablet Stand Holder,3,19.93,25,44.84,13.57,-1.61,Credit Card,2024,10,October,Q4,Friday,-3.5905441570026757,59.78666666666667,14.946666666666665
ORD-10939,2024-10-19,Lucas Park,Consumer,Saudi Arabia,Middle East & Africa,Furniture,Corner L-Shaped Desk,1,239.53,25,179.65,12.02,23.91,PayPal,2024,10,October,Q4,Saturday,13.309212357361536,239.53333333333333,59.883333333333326
ORD-11623,2024-10-19,Ivan Romano,Consumer,China,Asia Pacific,Office Supplies,Stapler Full-Size,1,17.33,25,13.0,11.28,-6.08,Credit Card,2024,10,October,Q4,Saturday,-46.76923076923077,17.333333333333332,4.333333333333332
ORD-11874,2024-10-19,Thomas Johnson,Corporate,United States,North America,Furniture,Ergonomic Office Chair,1,292.37,15,248.51,5.62,67.47,Credit Card,2024,10,October,Q4,Saturday,27.149812884793366,292.36470588235295,43.85470588235296
ORD-11864,2024-10-21,Zara Hassan,Consumer,United States,North America,Office Supplies,Desk Calendar 2025,1,13.36,0,13.36,7.32,0.03,Credit Card,2024,10,October,Q4,Monday,0.2245508982035928,13.36,0.0
ORD-10540,2024-10-23,Thomas Jackson,Home Office,South Africa,Middle East & Africa,Office Supplies,Ballpoint Pen Pack 12,3,12.11,0,36.33,14.03,5.95,Credit Card,2024,10,October,Q4,Wednesday,16.377649325626205,36.33,0.0
ORD-11054,2024-10-23,Ingrid Martinez,Home Office,Canada,North America,Furniture,Mesh Back Task Chair,5,94.04,5,446.69,14.2,150.37,PayPal,2024,10,October,Q4,Wednesday,33.66316684949294,470.20000000000005,23.510000000000048
ORD-10443,2024-10-24,Elizabeth Patel,Consumer,Argentina,South America,Technology,Laptop Stand Adjustable,1,40.25,5,38.24,12.49,3.61,Credit Card,2024,10,October,Q4,Thursday,9.440376569037657,40.25263157894737,2.0126315789473708
ORD-10449,2024-10-24,Susan Patel,Corporate,Italy,Europe,Technology,Tablet Stand Holder,2,24.54,15,41.72,10.57,4.16,PayPal,2024,10,October,Q4,Thursday,9.971236816874402,49.082352941176474,7.362352941176475
ORD-11822,2024-10-25,Hanna Thomas,Corporate,Germany,Europe,Technology,Portable External SSD 1TB,2,96.97,15,164.85,8.99,49.19,PayPal,2024,10,October,Q4,Friday,29.839247801031238,193.94117647058823,29.091176470588238
ORD-11836,2024-10-25,Richard Jackson,Home Office,United Kingdom,Europe,Office Supplies,Ballpoint Pen Pack 12,7,16.12,15,95.91,12.12,33.01,Cash on Delivery,2024,10,October,Q4,Friday,34.41768324470858,112.83529411764705,16.925294117647056
ORD-10453,2024-10-26,Olivia Nilsson,Home Office,Australia,Asia Pacific,Technology,Tablet Stand Holder,2,36.84,20,58.94,10.85,7.57,Credit Card,2024,10,October,Q4,Saturday,12.84356973193078,73.675,14.735
ORD-10707,2024-10-26,Giulia Li,Consumer,South Africa,Middle East & Africa,Clothing & Accessories,Business Casual Blazer,1,130.63,20,104.5,11.85,27.34,Cash on Delivery,2024,10,October,Q4,Saturday,26.16267942583732,130.625,26.125
ORD-11037,2024-10-26,Fatima Williams,Corporate,Italy,Europe,Clothing & Accessories,Polarized Sunglasses,7,46.74,10,294.46,12.49,118.38,Bank Transfer,2024,10,October,Q4,Saturday,40.202404401276915,327.17777777777775,32.71777777777777
ORD-11807,2024-10-26,Amina Harris,Consumer,United States,North America,Technology,Laptop Stand Adjustable,2,38.76,5,73.64,6.68,24.32,Credit Card,2024,10,October,Q4,Saturday,33.02552960347637,77.51578947368421,3.8757894736842076
ORD-10088,2024-10-27,David Rodriguez,Consumer,South Korea,Asia Pacific,Furniture,Folding Table Portable,3,87.75,10,236.93,11.1,67.88,Bank Transfer,2024,10,October,Q4,Sunday,28.649812180812894,263.25555555555553,26.325555555555525
ORD-10693,2024-10-27,Hanna Weber,Corporate,China,Asia Pacific,Office Supplies,Binder Clips Assorted 48pc,8,10.52,20,67.33,19.22,10.24,Credit Card,2024,10,October,Q4,Sunday,15.208673696717659,84.1625,16.832499999999996
ORD-10912,2024-10-27,William Ferrari,Corporate,United Kingdom,Europe,Office Supplies,Desk Calendar 2025,3,13.97,0,41.91,10.72,12.33,Bank Transfer,2024,10,October,Q4,Sunday,29.4201861130995,41.91,0.0
ORD-11170,2024-10-27,Ava Miller,Consumer,China,Asia Pacific,Technology,Webcam HD 1080p,5,51.41,5,244.2,16.43,86.39,PayPal,2024,10,October,Q4,Sunday,35.37674037674038,257.05263157894734,12.852631578947353
ORD-11627,2024-10-27,Giulia Brown,Consumer,Spain,Europe,Technology,Tablet Stand Holder,4,23.76,0,95.04,14.61,28.16,Cash on Delivery,2024,10,October,Q4,Sunday,29.629629629629626,95.04,0.0
ORD-11615,2024-10-28,Marco Rodriguez,Consumer,Australia,Asia Pacific,Clothing & Accessories,Silk Tie Collection,1,47.84,5,45.45,11.34,10.19,PayPal,2024,10,October,Q4,Monday,22.420242024202416,47.8421052631579,2.3921052631578945
ORD-11267,2024-10-29,Li Rossi,Corporate,Brazil,South America,Technology,USB-C Hub Multiport Adapter,3,45.95,15,117.17,15.95,25.4,Cash on Delivery,2024,10,October,Q4,Tuesday,21.67790390031578,137.8470588235294,20.677058823529407
ORD-11455,2024-10-29,Omar Thomas,Consumer,Italy,Europe,Clothing & Accessories,Sports Water Bottle 750ml,7,16.16,0,113.12,13.07,43.49,Bank Transfer,2024,10,October,Q4,Tuesday,38.4458981612447,113.12,0.0
ORD-10659,2024-10-30,Barbara Miller,Consumer,China,Asia Pacific,Clothing & Accessories,Canvas Messenger Bag,2,39.32,5,74.71,13.59,21.8,Credit Card,2024,10,October,Q4,Wednesday,29.179494043635394,78.64210526315789,3.9321052631578937
ORD-10944,2024-10-30,Mary White,Consumer,United States,North America,Furniture,Filing Cabinet 3-Drawer,3,210.89,5,601.04,11.78,209.66,Cash on Delivery,2024,10,October,Q4,Wednesday,34.88286969253294,632.6736842105263,31.633684210526326
ORD-11319,2024-10-30,Raj Sato,Corporate,Brazil,South America,Office Supplies,Binder Clips Assorted 48pc,9,11.89,10,96.31,25.6,22.56,PayPal,2024,10,October,Q4,Wednesday,23.424358841241823,107.0111111111111,10.701111111111103
ORD-10217,2024-10-31,Layla Garcia,Corporate,United States,North America,Furniture,Standing Desk Converter,2,177.54,25,266.31,6.95,46.31,Credit Card,2024,10,October,Q4,Thursday,17.389508467575382,355.08,88.76999999999998
ORD-10621,2024-10-31,David Schmidt,Consumer,Germany,Europe,Clothing & Accessories,Polarized Sunglasses,12,42.25,0,507.0,23.04,230.46,Bank Transfer,2024,10,October,Q4,Thursday,45.45562130177515,507.0,0.0
ORD-10765,2024-10-31,Priya Sato,Consumer,Spain,Europe,Office Supplies,Sticky Notes Multicolor 6-Pack,2,10.34,10,18.61,11.42,-2.12,Cash on Delivery,2024,10,October,Q4,Thursday,-11.39172487909726,20.677777777777777,2.0677777777777777
ORD-11451,2024-10-31,Carlos Davis,Home Office,Australia,Asia Pacific,Furniture,Floating Wall Shelves Set,2,54.34,10,97.81,11.65,20.95,Credit Card,2024,10,October,Q4,Thursday,21.41907780390553,108.67777777777778,10.867777777777775
ORD-11502,2024-10-31,Fatima Singh,Corporate,UAE,Middle East & Africa,Clothing & Accessories,Cotton Formal Shirt,12,61.78,5,704.29,20.35,313.26,PayPal,2024,10,October,Q4,Thursday,44.47883684277784,741.3578947368421,37.06789473684216
ORD-11716,2024-10-31,Barbara Moreau,Home Office,South Africa,Middle East & Africa,Office Supplies,Desk Calendar 2025,2,17.35,0,34.7,14.15,4.94,PayPal,2024,10,October,Q4,Thursday,14.236311239193084,34.7,0.0
ORD-11618,2024-11-01,Christopher Fischer,Consumer,United Kingdom,Europe,Office Supplies,Highlighters Neon Pack 6,2,8.29,0,16.58,8.77,0.35,PayPal,2024,11,November,Q4,Friday,2.1109770808202653,16.58,0.0
ORD-11146,2024-11-02,James Harris,Consumer,India,Asia Pacific,Furniture,Floating Wall Shelves Set,5,83.62,5,397.19,12.72,133.61,PayPal,2024,11,November,Q4,Saturday,33.63881265892898,418.0947368421053,20.904736842105308
ORD-11252,2024-11-02,Layla Garcia,Consumer,France,Europe,Technology,Mechanical Gaming Keyboard,2,144.76,15,246.09,11.27,75.58,PayPal,2024,11,November,Q4,Saturday,30.712341013450363,289.5176470588235,43.42764705882351
ORD-10389,2024-11-05,Ingrid Sato,Consumer,Canada,North America,Furniture,Bookshelf 5-Tier,1,88.95,5,84.5,7.1,24.03,Cash on Delivery,2024,11,November,Q4,Tuesday,28.437869822485208,88.94736842105263,4.44736842105263
ORD-10405,2024-11-05,Zara Fischer,Consumer,India,Asia Pacific,Furniture,Floating Wall Shelves Set,1,44.69,0,44.69,10.64,7.24,Cash on Delivery,2024,11,November,Q4,Tuesday,16.200492280152158,44.69,0.0
ORD-10539,2024-11-05,Chen Patel,Home Office,Japan,Asia Pacific,Clothing & Accessories,Travel Backpack 30L,2,106.07,10,190.93,12.94,71.92,Cash on Delivery,2024,11,November,Q4,Tuesday,37.66825538155345,212.14444444444445,21.21444444444444
ORD-10924,2024-11-05,Sakura Ahmed,Corporate,United Kingdom,Europe,Furniture,Monitor Riser Wood,3,55.43,15,141.35,13.74,27.84,Cash on Delivery,2024,11,November,Q4,Tuesday,19.695790590732226,166.2941176470588,24.944117647058818
ORD-11853,2024-11-05,Elizabeth Johnson,Home Office,Canada,North America,Technology,Laptop Stand Adjustable,7,58.73,0,411.11,19.17,165.83,Bank Transfer,2024,11,November,Q4,Tuesday,40.337136046313645,411.11,0.0
ORD-10061,2024-11-06,Ethan Sato,Consumer,China,Asia Pacific,Furniture,Corner L-Shaped Desk,9,215.11,15,1645.59,23.4,460.6,PayPal,2024,11,November,Q4,Wednesday,27.989961047405494,1935.9882352941177,290.39823529411774
ORD-10014,2024-11-07,Elizabeth Wang,Corporate,United States,North America,Technology,Mechanical Gaming Keyboard,3,86.2,10,232.74,10.84,79.67,Cash on Delivery,2024,11,November,Q4,Thursday,34.23133109908052,258.6,25.860000000000014
ORD-10865,2024-11-07,Mia Laurent,Corporate,Germany,Europe,Clothing & Accessories,Leather Belt Classic,4,21.57,10,77.65,11.54,22.97,Credit Card,2024,11,November,Q4,Thursday,29.58145524790727,86.27777777777779,8.62777777777778
ORD-11296,2024-11-07,Linda Thompson,Consumer,France,Europe,Office Supplies,Premium Notebook Set A5,5,20.84,0,104.2,15.39,41.92,PayPal,2024,11,November,Q4,Thursday,40.230326295585414,104.2,0.0
ORD-10193,2024-11-08,Fatima Zhang,Consumer,United States,North America,Office Supplies,Highlighters Neon Pack 6,2,6.32,0,12.64,8.56,-1.61,PayPal,2024,11,November,Q4,Friday,-12.7373417721519,12.64,0.0
ORD-10433,2024-11-09,Mary Fischer,Consumer,Colombia,South America,Furniture,Monitor Riser Wood,1,40.91,20,32.73,12.0,-3.82,Bank Transfer,2024,11,November,Q4,Saturday,-11.671249618087383,40.912499999999994,8.182499999999997
ORD-10638,2024-11-09,Hanna Sharma,Home Office,China,Asia Pacific,Furniture,Filing Cabinet 3-Drawer,8,171.68,10,1236.1,16.97,395.07,PayPal,2024,11,November,Q4,Saturday,31.961006391068686,1373.4444444444443,137.34444444444443
ORD-10785,2024-11-09,Ayumi Laurent,Consumer,Argentina,South America,Furniture,Mesh Back Task Chair,2,288.51,0,577.02,13.32,217.49,Bank Transfer,2024,11,November,Q4,Saturday,37.691934421683825,577.02,0.0
ORD-10794,2024-11-09,Noah Ferrari,Consumer,Canada,North America,Clothing & Accessories,Cotton Formal Shirt,4,57.02,10,205.27,7.42,83.81,Credit Card,2024,11,November,Q4,Saturday,40.82915184878453,228.07777777777778,22.807777777777773
ORD-11629,2024-11-09,Thomas Costa,Consumer,Italy,Europe,Clothing & Accessories,Leather Wallet Minimalist,3,58.15,5,165.73,14.36,64.14,PayPal,2024,11,November,Q4,Saturday,38.70150244373379,174.45263157894738,8.722631578947386
ORD-11790,2024-11-09,Wei Wang,Consumer,Japan,Asia Pacific,Office Supplies,Paper Clips Box 500pc,14,7.5,0,105.0,20.9,36.85,Credit Card,2024,11,November,Q4,Saturday,35.095238095238095,105.0,0.0
ORD-10120,2024-11-10,Ali Hassan,Home Office,Mexico,North America,Technology,Webcam HD 1080p,2,56.22,5,106.82,9.83,35.15,Credit Card,2024,11,November,Q4,Sunday,32.90582287961056,112.4421052631579,5.622105263157906
ORD-10415,2024-11-13,Layla Williams,Corporate,Japan,Asia Pacific,Furniture,Ergonomic Office Chair,5,186.09,15,790.88,11.72,220.89,Bank Transfer,2024,11,November,Q4,Wednesday,27.929647987052398,930.4470588235295,139.56705882352946
ORD-10633,2024-11-13,Wei Moreau,Consumer,Germany,Europe,Technology,Smart LED Desk Lamp,1,57.7,0,57.7,7.94,18.02,PayPal,2024,11,November,Q4,Wednesday,31.230502599653377,57.7,0.0
ORD-10715,2024-11-14,Hans Miller,Home Office,United States,North America,Technology,Laptop Stand Adjustable,4,74.26,0,297.04,11.24,122.43,PayPal,2024,11,November,Q4,Thursday,41.21667115539995,297.04,0.0
ORD-11371,2024-11-15,Omar Yamamoto,Home Office,France,Europe,Technology,Wireless Ergonomic Mouse,4,66.35,5,252.13,12.59,93.57,Credit Card,2024,11,November,Q4,Friday,37.11180740094396,265.40000000000003,13.270000000000039
ORD-11223,2024-11-16,Nadia Dubois,Consumer,United States,North America,Clothing & Accessories,Business Casual Blazer,1,45.27,5,43.01,6.72,13.65,Credit Card,2024,11,November,Q4,Saturday,31.736805394094397,45.27368421052632,2.2636842105263213
ORD-11617,2024-11-16,Felix Romano,Corporate,Mexico,North America,Office Supplies,Sticky Notes Multicolor 6-Pack,2,6.86,0,13.72,8.1,-0.55,Bank Transfer,2024,11,November,Q4,Saturday,-4.0087463556851315,13.72,0.0
ORD-10150,2024-11-17,Zara Williams,Consumer,Japan,Asia Pacific,Technology,Noise Cancelling Earbuds,7,123.89,0,867.23,19.56,370.69,Credit Card,2024,11,November,Q4,Sunday,42.74413938632197,867.23,0.0
ORD-10151,2024-11-17,Joseph Ali,Consumer,France,Europe,Office Supplies,Stapler Full-Size,1,15.77,10,14.19,8.78,-1.69,PayPal,2024,11,November,Q4,Sunday,-11.909795630725863,15.766666666666666,1.5766666666666662
ORD-10400,2024-11-17,Ahmed Tanaka,Corporate,United States,North America,Office Supplies,Desk Calendar 2025,1,8.27,15,7.03,5.6,-2.29,Credit Card,2024,11,November,Q4,Sunday,-32.57467994310099,8.270588235294118,1.2405882352941182
ORD-10830,2024-11-17,Ivan Robinson,Consumer,France,Europe,Clothing & Accessories,Wool Blend Scarf,11,36.18,10,358.18,16.03,143.16,Credit Card,2024,11,November,Q4,Sunday,39.96873080574013,397.97777777777776,39.79777777777775
ORD-11902,2024-11-17,Christopher Miller,Consumer,Australia,Asia Pacific,Office Supplies,Ballpoint Pen Pack 12,3,13.86,0,41.58,13.05,9.82,PayPal,2024,11,November,Q4,Sunday,23.61712361712362,41.58,0.0
ORD-10243,2024-11-18,Pierre Hassan,Home Office,United States,North America,Furniture,Monitor Riser Wood,4,36.53,5,138.81,13.3,37.84,Bank Transfer,2024,11,November,Q4,Monday,27.260283841221817,146.11578947368423,7.305789473684229
ORD-10048,2024-11-19,Sophie Kim,Consumer,Australia,Asia Pacific,Technology,Webcam HD 1080p,1,40.91,15,34.77,10.18,2.09,Cash on Delivery,2024,11,November,Q4,Tuesday,6.010928961748633,40.905882352941184,6.135882352941181
ORD-10401,2024-11-20,Ayumi Robinson,Corporate,United States,North America,Technology,Wireless Ergonomic Mouse,3,62.77,0,188.31,11.8,72.94,Credit Card,2024,11,November,Q4,Wednesday,38.73400244278052,188.31,0.0
ORD-11327,2024-11-20,Amir Johansson,Consumer,Australia,Asia Pacific,Office Supplies,Premium Notebook Set A5,4,9.84,10,35.42,13.78,3.93,Cash on Delivery,2024,11,November,Q4,Wednesday,11.095426312817617,39.355555555555554,3.9355555555555526
ORD-11039,2024-11-21,Li Miller,Consumer,France,Europe,Technology,Wireless Ergonomic Mouse,2,39.61,20,63.38,10.2,9.61,Credit Card,2024,11,November,Q4,Thursday,15.162511833385924,79.225,15.844999999999992
ORD-11369,2024-11-21,Lucas Müller,Consumer,China,Asia Pacific,Clothing & Accessories,Leather Belt Classic,1,31.83,15,27.06,11.46,-0.32,PayPal,2024,11,November,Q4,Thursday,-1.1825572801182558,31.83529411764706,4.775294117647061
ORD-11506,2024-11-21,Clara Miller,Corporate,South Africa,Middle East & Africa,Furniture,Standing Desk Converter,5,239.49,5,1137.58,17.88,401.23,PayPal,2024,11,November,Q4,Thursday,35.270486471281146,1197.4526315789474,59.87263157894745
ORD-11590,2024-11-21,James Oliveira,Corporate,United States,North America,Office Supplies,Paper Clips Box 500pc,6,6.5,20,31.2,16.69,-3.04,PayPal,2024,11,November,Q4,Thursday,-9.743589743589745,39.0,7.800000000000001
ORD-11943,2024-11-21,Sophie Pereira,Home Office,Spain,Europe,Clothing & Accessories,Business Casual Blazer,5,79.16,15,336.43,12.69,125.84,Credit Card,2024,11,November,Q4,Thursday,37.40451208275124,395.8,59.370000000000005
ORD-11207,2024-11-22,Oscar Zhang,Consumer,United Kingdom,Europe,Technology,Smart LED Desk Lamp,10,46.43,10,417.87,22.39,140.11,Credit Card,2024,11,November,Q4,Friday,33.529566611625626,464.3,46.43000000000001
ORD-11758,2024-11-22,Priya Smith,Consumer,Italy,Europe,Furniture,Mesh Back Task Chair,6,259.75,0,1558.5,10.69,612.71,Credit Card,2024,11,November,Q4,Friday,39.31408405518126,1558.5,0.0
ORD-10469,2024-11-24,Carlos Sharma,Corporate,Mexico,North America,Technology,Laptop Stand Adjustable,5,60.7,15,257.97,16.21,74.84,Bank Transfer,2024,11,November,Q4,Sunday,29.01112532465015,303.4941176470589,45.52411764705886
ORD-10669,2024-11-24,Ava Fischer,Consumer,Mexico,North America,Office Supplies,Desk Calendar 2025,2,14.78,0,29.56,6.96,9.3,PayPal,2024,11,November,Q4,Sunday,31.461434370771318,29.56,0.0
ORD-11335,2024-11-24,Ivan Martin,Consumer,Italy,Europe,Office Supplies,Sticky Notes Multicolor 6-Pack,1,13.3,0,13.3,7.89,-0.57,Cash on Delivery,2024,11,November,Q4,Sunday,-4.285714285714285,13.3,0.0
ORD-10533,2024-11-25,Jennifer Romano,Consumer,Canada,North America,Clothing & Accessories,Leather Belt Classic,4,18.59,5,70.64,9.08,24.38,Credit Card,2024,11,November,Q4,Monday,34.51302378255946,74.35789473684211,3.717894736842112
ORD-10567,2024-11-25,Jessica Müller,Consumer,Australia,Asia Pacific,Clothing & Accessories,Travel Backpack 30L,7,75.25,10,474.07,19.97,190.72,PayPal,2024,11,November,Q4,Monday,40.23034572953361,526.7444444444444,52.67444444444442
ORD-10093,2024-11-26,Raj Johnson,Consumer,India,Asia Pacific,Furniture,Bookshelf 5-Tier,3,181.78,5,518.07,11.35,179.52,PayPal,2024,11,November,Q4,Tuesday,34.65168799583068,545.3368421052633,27.26684210526321
ORD-11257,2024-11-26,Olivia Zhang,Home Office,Mexico,North America,Office Supplies,Binder Clips Assorted 48pc,5,15.61,5,74.15,14.63,24.4,PayPal,2024,11,November,Q4,Tuesday,32.906271072151036,78.05263157894738,3.9026315789473784
ORD-11445,2024-11-26,Ava Rodriguez,Corporate,France,Europe,Office Supplies,Premium Notebook Set A5,2,11.05,5,21.0,8.64,2.41,PayPal,2024,11,November,Q4,Tuesday,11.476190476190478,22.105263157894736,1.1052631578947363
ORD-10239,2024-11-28,James Ali,Home Office,United States,North America,Office Supplies,Whiteboard Markers Set 8,1,6.95,10,6.25,5.78,-2.66,Credit Card,2024,11,November,Q4,Thursday,-42.56,6.944444444444445,0.6944444444444446
ORD-11043,2024-11-28,Liam Patel,Home Office,Argentina,South America,Office Supplies,Whiteboard Markers Set 8,7,17.17,20,96.15,24.44,17.62,PayPal,2024,11,November,Q4,Thursday,18.325533021320854,120.1875,24.037499999999994
ORD-11113,2024-11-28,Oscar Anderson,Corporate,United Kingdom,Europe,Clothing & Accessories,Cotton Formal Shirt,2,50.22,10,90.4,9.49,30.69,Credit Card,2024,11,November,Q4,Thursday,33.94911504424778,100.44444444444444,10.044444444444437
ORD-10046,2024-11-29,Ethan Moreau,Consumer,Spain,Europe,Technology,Smart LED Desk Lamp,1,66.12,20,52.9,8.77,7.76,Bank Transfer,2024,11,November,Q4,Friday,14.669187145557656,66.125,13.225000000000001
ORD-10543,2024-11-30,Maria Suzuki,Corporate,Mexico,North America,Clothing & Accessories,Silk Tie Collection,4,36.61,25,109.83,11.22,25.39,PayPal,2024,11,November,Q4,Saturday,23.117545297277612,146.44,36.61
ORD-10602,2024-11-30,Sakura Thomas,Corporate,United States,North America,Technology,Wireless Ergonomic Mouse,12,54.74,10,591.19,18.95,210.96,PayPal,2024,11,November,Q4,Saturday,35.683959471574276,656.8777777777779,65.6877777777778
ORD-10969,2024-11-30,Jessica Moreau,Corporate,United Kingdom,Europe,Clothing & Accessories,Business Casual Blazer,7,81.97,0,573.79,17.03,269.87,PayPal,2024,11,November,Q4,Saturday,47.03288659614145,573.79,0.0
ORD-11869,2024-11-30,Linda Smith,Consumer,Mexico,North America,Furniture,Mesh Back Task Chair,6,120.71,5,688.05,16.62,236.87,Credit Card,2024,11,November,Q4,Saturday,34.426277160090116,724.2631578947369,36.21315789473692
ORD-10491,2024-12-01,Sarah Santos,Consumer,Colombia,South America,Technology,Portable External SSD 1TB,6,62.59,0,375.54,23.28,145.71,Credit Card,2024,12,December,Q4,Sunday,38.80012781594504,375.54,0.0
ORD-11211,2024-12-02,James Johansson,Corporate,Germany,Europe,Technology,Wireless Ergonomic Mouse,8,63.14,15,429.35,19.46,132.07,PayPal,2024,12,December,Q4,Monday,30.760451845813435,505.1176470588236,75.76764705882357
ORD-10436,2024-12-03,Pierre Weber,Consumer,United Kingdom,Europe,Clothing & Accessories,Leather Belt Classic,6,38.82,15,197.98,19.03,62.49,PayPal,2024,12,December,Q4,Tuesday,31.563794322658858,232.91764705882352,34.93764705882353
ORD-10701,2024-12-03,Yuki Thomas,Corporate,Brazil,South America,Furniture,Corner L-Shaped Desk,1,446.58,15,379.59,10.59,101.05,Credit Card,2024,12,December,Q4,Tuesday,26.62082773518797,446.5764705882353,66.9864705882353
ORD-11338,2024-12-03,Nadia Harris,Home Office,Mexico,North America,Clothing & Accessories,Silk Tie Collection,3,24.35,15,62.09,8.1,17.46,Cash on Delivery,2024,12,December,Q4,Tuesday,28.12047028507006,73.04705882352941,10.957058823529408
ORD-11778,2024-12-05,Clara Garcia,Consumer,Japan,Asia Pacific,Office Supplies,Stapler Full-Size,6,7.36,10,39.74,18.57,1.3,Bank Transfer,2024,12,December,Q4,Thursday,3.271263210870659,44.15555555555556,4.415555555555557
ORD-11973,2024-12-05,Lucas Sato,Corporate,Canada,North America,Furniture,Standing Desk Converter,3,250.01,10,675.03,7.92,217.09,PayPal,2024,12,December,Q4,Thursday,32.16005214583056,750.0333333333333,75.00333333333333
ORD-11980,2024-12-06,Ingrid Yamamoto,Corporate,Japan,Asia Pacific,Office Supplies,Desk Calendar 2025,1,16.46,25,12.35,11.48,-6.54,PayPal,2024,12,December,Q4,Friday,-52.955465587044536,16.466666666666665,4.116666666666665
ORD-10073,2024-12-08,Xiao Robinson,Corporate,Canada,North America,Clothing & Accessories,Canvas Messenger Bag,2,66.53,5,126.41,9.38,50.5,Credit Card,2024,12,December,Q4,Sunday,39.94937109405902,133.06315789473683,6.653157894736836
ORD-10134,2024-12-08,Wei Ali,Corporate,France,Europe,Clothing & Accessories,Leather Belt Classic,3,45.43,0,136.29,9.95,58.19,Credit Card,2024,12,December,Q4,Sunday,42.69572235673931,136.29,0.0
ORD-11792,2024-12-08,Jamal Wang,Consumer,United States,North America,Office Supplies,Stapler Full-Size,2,11.64,0,23.28,8.51,4.29,Credit Card,2024,12,December,Q4,Sunday,18.42783505154639,23.28,0.0
ORD-10160,2024-12-09,Ivan Moreau,Consumer,Canada,North America,Technology,Mechanical Gaming Keyboard,4,171.86,0,687.44,13.48,295.87,PayPal,2024,12,December,Q4,Monday,43.03939252880251,687.44,0.0
ORD-10178,2024-12-09,Sarah Johansson,Home Office,South Korea,Asia Pacific,Technology,Smart LED Desk Lamp,1,36.61,10,32.95,10.73,2.08,PayPal,2024,12,December,Q4,Monday,6.3125948406676775,36.611111111111114,3.6611111111111114
ORD-10690,2024-12-09,Maria Yamamoto,Consumer,Canada,North America,Clothing & Accessories,Polarized Sunglasses,3,25.68,0,77.04,10.44,28.08,Credit Card,2024,12,December,Q4,Monday,36.44859813084111,77.04,0.0
ORD-10812,2024-12-09,Linda Harris,Consumer,UAE,Middle East & Africa,Clothing & Accessories,Polarized Sunglasses,4,55.09,0,220.36,17.41,92.77,Cash on Delivery,2024,12,December,Q4,Monday,42.09929206752586,220.36,0.0
ORD-11514,2024-12-10,Ivan Park,Consumer,China,Asia Pacific,Office Supplies,Whiteboard Markers Set 8,1,14.87,10,13.38,10.11,-3.42,PayPal,2024,12,December,Q4,Tuesday,-25.560538116591925,14.866666666666667,1.4866666666666664
ORD-11709,2024-12-10,Elizabeth Leroy,Corporate,France,Europe,Furniture,Standing Desk Converter,6,282.23,5,1608.71,20.02,572.66,Credit Card,2024,12,December,Q4,Tuesday,35.5974662928682,1693.3789473684212,84.66894736842119
ORD-10624,2024-12-11,Jennifer Zhang,Consumer,Australia,Asia Pacific,Office Supplies,Paper Clips Box 500pc,6,5.74,15,29.27,16.98,-3.21,Credit Card,2024,12,December,Q4,Wednesday,-10.966860266484455,34.43529411764706,5.165294117647061
ORD-10742,2024-12-11,Nadia Santos,Consumer,South Korea,Asia Pacific,Office Supplies,Desk Calendar 2025,12,10.53,20,101.09,32.83,11.4,Bank Transfer,2024,12,December,Q4,Wednesday,11.277079829854584,126.3625,25.272499999999994
ORD-11067,2024-12-11,Mia Li,Corporate,Mexico,North America,Furniture,Folding Table Portable,3,76.16,5,217.06,8.25,71.72,Bank Transfer,2024,12,December,Q4,Wednesday,33.04155533032341,228.4842105263158,11.42421052631579
ORD-10494,2024-12-13,Ethan Johnson,Consumer,South Africa,Middle East & Africa,Furniture,Floating Wall Shelves Set,4,84.66,5,321.71,13.55,104.98,Bank Transfer,2024,12,December,Q4,Friday,32.631873426377794,338.6421052631579,16.932105263157894
ORD-11384,2024-12-13,Ahmed Ali,Consumer,Mexico,North America,Clothing & Accessories,Cotton Formal Shirt,12,44.66,5,509.12,14.12,227.04,Credit Card,2024,12,December,Q4,Friday,44.5945945945946,535.9157894736842,26.79578947368418
ORD-10645,2024-12-14,Ahmed Thomas,Corporate,Colombia,South America,Furniture,Corner L-Shaped Desk,2,329.54,0,659.08,12.54,251.09,PayPal,2024,12,December,Q4,Saturday,38.09704436487225,659.08,0.0
ORD-10666,2024-12-14,Ahmed Johnson,Corporate,Italy,Europe,Office Supplies,Binder Clips Assorted 48pc,5,5.79,5,27.5,18.73,-4.26,Bank Transfer,2024,12,December,Q4,Saturday,-15.490909090909092,28.947368421052634,1.4473684210526336
ORD-10759,2024-12-14,Thomas Thompson,Consumer,United States,North America,Office Supplies,Paper Clips Box 500pc,6,6.27,5,35.74,19.36,-0.55,Cash on Delivery,2024,12,December,Q4,Saturday,-1.5388919977616118,37.62105263157895,1.881052631578946
ORD-11276,2024-12-14,Barbara Johnson,Corporate,China,Asia Pacific,Office Supplies,Ballpoint Pen Pack 12,3,8.94,15,22.8,14.91,-4.18,Credit Card,2024,12,December,Q4,Saturday,-18.333333333333332,26.823529411764707,4.023529411764706
ORD-11950,2024-12-14,Isabella White,Corporate,India,Asia Pacific,Technology,Laptop Stand Adjustable,5,39.27,30,137.44,19.48,9.97,Bank Transfer,2024,12,December,Q4,Saturday,7.25407450523865,196.34285714285716,58.90285714285716
ORD-10994,2024-12-15,Jessica Nilsson,Home Office,Brazil,South America,Office Supplies,Stapler Full-Size,7,13.74,5,91.37,21.95,26.14,Cash on Delivery,2024,12,December,Q4,Sunday,28.608952610265952,96.17894736842106,4.808947368421059
ORD-11908,2024-12-15,Zara Weber,Consumer,Japan,Asia Pacific,Office Supplies,Highlighters Neon Pack 6,4,12.49,5,47.46,14.76,10.22,Bank Transfer,2024,12,December,Q4,Sunday,21.533923303834808,49.95789473684211,2.497894736842106
ORD-10741,2024-12-16,Ivan Ali,Home Office,United States,North America,Clothing & Accessories,Leather Wallet Minimalist,4,38.77,0,155.08,12.57,64.97,Credit Card,2024,12,December,Q4,Monday,41.894506061387666,155.08,0.0
ORD-11476,2024-12-16,Ava Rossi,Consumer,Italy,Europe,Furniture,Bookshelf 5-Tier,1,173.33,10,156.0,8.65,43.35,Cash on Delivery,2024,12,December,Q4,Monday,27.78846153846154,173.33333333333334,17.333333333333343
ORD-10260,2024-12-17,Ayumi Taylor,Home Office,Spain,Europe,Furniture,Monitor Riser Wood,4,66.19,5,251.52,12.09,80.57,Credit Card,2024,12,December,Q4,Tuesday,32.033237913486005,264.7578947368421,13.237894736842094
ORD-10967,2024-12-18,Ahmed Sharma,Consumer,China,Asia Pacific,Technology,Portable External SSD 1TB,2,72.64,10,130.75,12.34,38.51,PayPal,2024,12,December,Q4,Wednesday,29.453154875717015,145.27777777777777,14.527777777777771
ORD-11242,2024-12-18,Clara Müller,Consumer,Mexico,North America,Furniture,Mesh Back Task Chair,10,253.85,0,2538.5,22.56,992.84,Cash on Delivery,2024,12,December,Q4,Wednesday,39.11128619263345,2538.5,0.0
ORD-10029,2024-12-20,Clara Ali,Consumer,Canada,North America,Office Supplies,Binder Clips Assorted 48pc,6,12.47,5,71.08,8.33,29.08,Cash on Delivery,2024,12,December,Q4,Friday,40.911648846370284,74.82105263157895,3.7410526315789525
ORD-10815,2024-12-21,Sarah Davis,Consumer,South Africa,Middle East & Africa,Technology,Smart LED Desk Lamp,1,70.9,0,70.9,11.52,20.39,PayPal,2024,12,December,Q4,Saturday,28.75881523272214,70.9,0.0
ORD-11948,2024-12-21,Ingrid Santos,Consumer,France,Europe,Office Supplies,Ballpoint Pen Pack 12,1,6.45,5,6.13,7.56,-4.33,Cash on Delivery,2024,12,December,Q4,Saturday,-70.63621533442088,6.4526315789473685,0.3226315789473686
ORD-10588,2024-12-23,Patricia Costa,Home Office,United Kingdom,Europe,Clothing & Accessories,Polarized Sunglasses,2,69.3,0,138.6,11.07,58.23,PayPal,2024,12,December,Q4,Monday,42.01298701298701,138.6,0.0
ORD-10761,2024-12-23,Liam Russo,Consumer,Germany,Europe,Furniture,Standing Desk Converter,7,212.35,20,1189.16,14.04,283.25,PayPal,2024,12,December,Q4,Monday,23.81933465639611,1486.45,297.28999999999996
ORD-11477,2024-12-23,Karen Romano,Consumer,Canada,North America,Furniture,Folding Table Portable,2,76.2,5,144.78,8.88,44.46,Credit Card,2024,12,December,Q4,Monday,30.708661417322837,152.4,7.6200000000000045
ORD-11880,2024-12-24,Richard Park,Consumer,Nigeria,Middle East & Africa,Technology,Smart LED Desk Lamp,1,44.65,5,42.42,13.09,4.77,Credit Card,2024,12,December,Q4,Tuesday,11.244695898161243,44.65263157894737,2.2326315789473696
ORD-11764,2024-12-25,Mary Clark,Consumer,United States,North America,Office Supplies,Binder Clips Assorted 48pc,3,13.27,25,29.86,12.34,-0.39,Credit Card,2024,12,December,Q4,Wednesday,-1.3060951105157401,39.81333333333333,9.953333333333333
ORD-11426,2024-12-26,Jamal Chen,Corporate,Saudi Arabia,Middle East & Africa,Technology,Mechanical Gaming Keyboard,1,105.02,10,94.52,11.57,25.19,Credit Card,2024,12,December,Q4,Thursday,26.650444350402037,105.02222222222221,10.502222222222215
ORD-11195,2024-12-27,Nadia Robinson,Home Office,China,Asia Pacific,Clothing & Accessories,Wool Blend Scarf,7,49.09,0,343.63,18.15,153.66,Credit Card,2024,12,December,Q4,Friday,44.71670110293048,343.63,0.0
ORD-11309,2024-12-27,Giulia Johansson,Consumer,Japan,Asia Pacific,Furniture,Corner L-Shaped Desk,4,416.86,0,1667.44,13.27,653.71,Cash on Delivery,2024,12,December,Q4,Friday,39.20440915415247,1667.44,0.0
ORD-10654,2024-12-30,Pierre Ahmed,Corporate,United Kingdom,Europe,Clothing & Accessories,Cotton Formal Shirt,7,20.15,10,126.94,22.2,34.22,Cash on Delivery,2024,12,December,Q4,Monday,26.95761777217583,141.04444444444445,14.104444444444454
ORD-11517,2024-12-30,Zara Davis,Home Office,UAE,Middle East & Africa,Office Supplies,Stapler Full-Size,2,12.97,15,22.05,14.41,-4.03,Credit Card,2024,12,December,Q4,Monday,-18.276643990929706,25.941176470588236,3.891176470588235
ORD-10241,2024-12-31,Liam Taylor,Corporate,South Korea,Asia Pacific,Technology,Tablet Stand Holder,2,47.58,15,80.89,11.18,17.37,Credit Card,2024,12,December,Q4,Tuesday,21.473606131783903,95.16470588235295,14.274705882352947
ORD-10808,2024-12-31,Yuki Costa,Consumer,South Africa,Middle East & Africa,Office Supplies,Tape Dispenser Heavy Duty,5,22.51,5,106.92,19.75,36.52,Cash on Delivery,2024,12,December,Q4,Tuesday,34.15637860082305,112.54736842105264,5.627368421052637
ORD-10899,2025-01-01,Ayumi Khan,Consumer,United States,North America,Furniture,Mesh Back Task Chair,1,142.21,0,142.21,6.95,49.93,PayPal,2025,1,January,Q1,Wednesday,35.11004851979467,142.21,0.0
ORD-11129,2025-01-01,Jamal Taylor,Consumer,Canada,North America,Technology,USB-C Hub Multiport Adapter,2,60.18,0,120.36,8.33,45.83,Cash on Delivery,2025,1,January,Q1,Wednesday,38.07743436357593,120.36,0.0
ORD-10026,2025-01-02,Layla Ahmed,Home Office,Japan,Asia Pacific,Technology,Laptop Stand Adjustable,3,44.45,15,113.35,16.34,23.67,Bank Transfer,2025,1,January,Q1,Thursday,20.882223202470225,133.35294117647058,20.002941176470586
ORD-11083,2025-01-02,Ivan Jones,Consumer,Mexico,North America,Furniture,Filing Cabinet 3-Drawer,7,234.12,0,1638.84,10.77,644.77,PayPal,2025,1,January,Q1,Thursday,39.34307192892534,1638.84,0.0
ORD-10948,2025-01-03,Jessica Anderson,Corporate,Canada,North America,Furniture,Filing Cabinet 3-Drawer,1,115.76,10,104.18,6.46,28.26,PayPal,2025,1,January,Q1,Friday,27.12612785563448,115.75555555555556,11.575555555555553
ORD-11036,2025-01-03,David Rossi,Consumer,Nigeria,Middle East & Africa,Furniture,Corner L-Shaped Desk,3,219.08,5,624.38,16.97,213.07,Credit Card,2025,1,January,Q1,Friday,34.12505205163522,657.2421052631579,32.8621052631579
ORD-11331,2025-01-03,Thomas Thomas,Home Office,Mexico,North America,Office Supplies,Premium Notebook Set A5,2,23.83,0,47.66,8.87,17.34,Bank Transfer,2025,1,January,Q1,Friday,36.382710868652964,47.66,0.0
ORD-10975,2025-01-04,Oscar Nilsson,Consumer,France,Europe,Furniture,Filing Cabinet 3-Drawer,5,127.03,5,603.39,16.49,205.81,PayPal,2025,1,January,Q1,Saturday,34.10895109299127,635.1473684210526,31.75736842105266
ORD-10074,2025-01-05,Nadia Oliveira,Consumer,Mexico,North America,Clothing & Accessories,Canvas Messenger Bag,6,26.43,5,150.65,8.1,63.26,Cash on Delivery,2025,1,January,Q1,Sunday,41.99137072685031,158.57894736842107,7.928947368421063
ORD-11866,2025-01-05,Oscar Schmidt,Corporate,Japan,Asia Pacific,Office Supplies,Binder Clips Assorted 48pc,1,9.21,20,7.37,11.17,-7.94,Credit Card,2025,1,January,Q1,Sunday,-107.73405698778834,9.2125,1.8425000000000002
ORD-10807,2025-01-06,Richard Jackson,Consumer,United States,North America,Office Supplies,Ballpoint Pen Pack 12,4,9.43,20,30.18,12.83,0.38,PayPal,2025,1,January,Q1,Monday,1.2591119946984757,37.724999999999994,7.544999999999995
ORD-11852,2025-01-06,James Johansson,Home Office,Mexico,North America,Office Supplies,Premium Notebook Set A5,3,18.18,0,54.54,7.27,22.73,PayPal,2025,1,January,Q1,Monday,41.675834250091675,54.54,0.0
ORD-10259,2025-01-08,Sakura Costa,Consumer,United States,North America,Technology,Wireless Ergonomic Mouse,4,45.26,0,181.04,7.24,74.23,Credit Card,2025,1,January,Q1,Wednesday,41.001988510826344,181.04,0.0
ORD-10973,2025-01-08,Richard Rossi,Consumer,Brazil,South America,Office Supplies,Stapler Full-Size,2,12.48,10,22.46,12.39,-1.16,Bank Transfer,2025,1,January,Q1,Wednesday,-5.16473731077471,24.955555555555556,2.495555555555555
ORD-10497,2025-01-09,Liam Davis,Consumer,Italy,Europe,Office Supplies,Premium Notebook Set A5,3,9.4,5,26.79,11.24,2.86,Bank Transfer,2025,1,January,Q1,Thursday,10.675625233296007,28.2,1.4100000000000001
ORD-11804,2025-01-09,Jamal Kim,Consumer,Canada,North America,Office Supplies,Ballpoint Pen Pack 12,3,9.86,10,26.62,7.69,5.62,Credit Card,2025,1,January,Q1,Thursday,21.111945905334334,29.57777777777778,2.9577777777777783
ORD-11381,2025-01-10,Sophie Ahmed,Corporate,United Kingdom,Europe,Technology,Smart LED Desk Lamp,3,73.19,10,197.61,12.36,64.49,Credit Card,2025,1,January,Q1,Friday,32.63498810788927,219.56666666666666,21.95666666666665
ORD-10668,2025-01-11,Christopher Jackson,Consumer,Japan,Asia Pacific,Office Supplies,Desk Calendar 2025,12,11.27,10,121.72,19.04,41.82,Credit Card,2025,1,January,Q1,Saturday,34.357541899441344,135.24444444444444,13.524444444444441
ORD-10970,2025-01-12,Diego Kim,Consumer,United Kingdom,Europe,Clothing & Accessories,Leather Wallet Minimalist,10,56.84,5,539.98,24.76,231.02,Cash on Delivery,2025,1,January,Q1,Sunday,42.78306603948294,568.4000000000001,28.420000000000073
ORD-11364,2025-01-12,Barbara Khan,Consumer,United States,North America,Clothing & Accessories,Leather Wallet Minimalist,3,17.66,0,52.98,6.7,19.79,Credit Card,2025,1,January,Q1,Sunday,37.35371838429596,52.98,0.0
ORD-10699,2025-01-14,Priya Ferrari,Consumer,Canada,North America,Technology,Wireless Bluetooth Headphones,5,185.01,0,925.05,11.11,405.16,Bank Transfer,2025,1,January,Q1,Tuesday,43.79871358304957,925.05,0.0
ORD-11901,2025-01-16,Emma Müller,Corporate,Germany,Europe,Clothing & Accessories,Travel Backpack 30L,5,82.49,10,371.2,12.32,152.66,Credit Card,2025,1,January,Q1,Thursday,41.1260775862069,412.4444444444444,41.24444444444441
ORD-11236,2025-01-17,Clara Laurent,Corporate,United States,North America,Furniture,Bookshelf 5-Tier,6,71.81,5,409.32,15.55,135.25,Credit Card,2025,1,January,Q1,Friday,33.04260725105052,430.86315789473684,21.54315789473685
ORD-10215,2025-01-18,Liam Rodriguez,Consumer,Nigeria,Middle East & Africa,Technology,Wireless Ergonomic Mouse,5,67.72,0,338.6,14.18,138.19,Credit Card,2025,1,January,Q1,Saturday,40.81216774955699,338.6,0.0
ORD-10702,2025-01-19,Marco Kim,Home Office,Argentina,South America,Office Supplies,Binder Clips Assorted 48pc,2,5.74,20,9.18,13.02,-9.01,Credit Card,2025,1,January,Q1,Sunday,-98.14814814814815,11.475,2.295
ORD-11730,2025-01-19,Robert Rodriguez,Consumer,Japan,Asia Pacific,Technology,Webcam HD 1080p,4,87.29,0,349.16,12.84,144.28,Bank Transfer,2025,1,January,Q1,Sunday,41.32203001489289,349.16,0.0
ORD-11359,2025-01-20,Michael Nilsson,Corporate,Argentina,South America,Technology,Noise Cancelling Earbuds,2,95.46,10,171.83,14.34,52.48,Credit Card,2025,1,January,Q1,Monday,30.541814584182035,190.92222222222225,19.092222222222233
ORD-11600,2025-01-20,Ali Leroy,Consumer,South Korea,Asia Pacific,Furniture,Floating Wall Shelves Set,1,32.2,0,32.2,11.24,1.64,Credit Card,2025,1,January,Q1,Monday,5.093167701863353,32.2,0.0
ORD-11282,2025-01-21,Amir Rodriguez,Consumer,Saudi Arabia,Middle East & Africa,Furniture,Mesh Back Task Chair,1,266.33,10,239.7,12.81,67.09,Bank Transfer,2025,1,January,Q1,Tuesday,27.989153108051735,266.3333333333333,26.633333333333326
ORD-11421,2025-01-22,Karen Santos,Consumer,United Kingdom,Europe,Furniture,Ergonomic Office Chair,8,162.73,5,1236.75,21.92,433.73,Bank Transfer,2025,1,January,Q1,Wednesday,35.07014352132606,1301.842105263158,65.09210526315792
ORD-10655,2025-01-24,Patricia Ferrari,Consumer,Germany,Europe,Office Supplies,Highlighters Neon Pack 6,4,9.15,0,36.6,14.1,6.03,Cash on Delivery,2025,1,January,Q1,Friday,16.475409836065573,36.6,0.0
ORD-11194,2025-01-24,Robert Harris,Home Office,China,Asia Pacific,Clothing & Accessories,Polarized Sunglasses,2,31.26,15,53.14,10.33,11.55,Cash on Delivery,2025,1,January,Q1,Friday,21.73503951825367,62.517647058823535,9.377647058823534
ORD-11403,2025-01-24,Hanna Weber,Consumer,Canada,North America,Furniture,Mesh Back Task Chair,5,186.71,15,793.52,11.33,222.06,Bank Transfer,2025,1,January,Q1,Friday,27.98417179151124,933.5529411764705,140.03294117647056
ORD-11606,2025-01-24,Mary Khan,Home Office,United States,North America,Furniture,Desk Organizer Set,4,49.36,20,157.95,12.59,26.9,PayPal,2025,1,January,Q1,Friday,17.03070591959481,197.43749999999997,39.48749999999998
ORD-10601,2025-01-25,Christopher Martinez,Consumer,India,Asia Pacific,Furniture,Bookshelf 5-Tier,3,68.02,15,173.45,15.65,35.36,PayPal,2025,1,January,Q1,Saturday,20.386278466416837,204.05882352941177,30.60882352941178
ORD-10022,2025-01-26,Giulia Rodriguez,Home Office,Saudi Arabia,Middle East & Africa,Furniture,Floating Wall Shelves Set,4,79.25,20,253.6,18.23,45.17,Credit Card,2025,1,January,Q1,Sunday,17.811514195583598,317.0,63.400000000000006
ORD-10249,2025-01-26,Barbara Sharma,Corporate,Canada,North America,Technology,Wireless Ergonomic Mouse,1,43.25,5,41.09,5.62,11.68,Bank Transfer,2025,1,January,Q1,Sunday,28.425407641761986,43.25263157894737,2.1626315789473693
ORD-11042,2025-01-26,Thomas Laurent,Consumer,China,Asia Pacific,Furniture,Ergonomic Office Chair,2,306.48,0,612.96,11.3,233.88,Credit Card,2025,1,January,Q1,Sunday,38.15583398590446,612.96,0.0
ORD-11893,2025-01-26,Michael Davis,Home Office,Mexico,North America,Technology,Tablet Stand Holder,2,52.22,15,88.77,9.88,21.45,Cash on Delivery,2025,1,January,Q1,Sunday,24.1635687732342,104.43529411764706,15.665294117647065
ORD-11930,2025-01-26,Isabella Tanaka,Consumer,Germany,Europe,Furniture,Desk Organizer Set,1,16.32,10,14.69,9.37,-4.47,Credit Card,2025,1,January,Q1,Sunday,-30.428863172226006,16.322222222222223,1.6322222222222234
ORD-11957,2025-01-26,Barbara Singh,Consumer,United States,North America,Technology,Portable External SSD 1TB,6,92.96,0,557.76,10.11,240.88,Bank Transfer,2025,1,January,Q1,Sunday,43.187033849684454,557.76,0.0
ORD-11351,2025-01-29,Raj Garcia,Consumer,Argentina,South America,Technology,Laptop Stand Adjustable,7,63.72,20,356.83,27.31,84.2,Credit Card,2025,1,January,Q1,Wednesday,23.596670683518763,446.03749999999997,89.20749999999998
ORD-11115,2025-01-30,Kenji Martin,Consumer,Italy,Europe,Furniture,Mesh Back Task Chair,1,291.52,0,291.52,8.78,107.83,Credit Card,2025,1,January,Q1,Thursday,36.988885839736554,291.52,0.0
ORD-11122,2025-02-01,Isabella Davis,Consumer,France,Europe,Clothing & Accessories,Canvas Messenger Bag,3,62.51,20,150.02,12.95,43.31,PayPal,2025,2,February,Q1,Saturday,28.86948406879083,187.525,37.504999999999995
ORD-11138,2025-02-02,Mary Patel,Consumer,Spain,Europe,Technology,Noise Cancelling Earbuds,1,72.27,10,65.04,9.22,16.07,Bank Transfer,2025,2,February,Q1,Sunday,24.707872078720786,72.26666666666667,7.2266666666666595
ORD-10308,2025-02-03,Christopher Clark,Corporate,Colombia,South America,Technology,Noise Cancelling Earbuds,1,62.62,10,56.36,11.29,10.63,PayPal,2025,2,February,Q1,Monday,18.860894251242016,62.62222222222222,6.262222222222221
ORD-10644,2025-02-03,Mia Weber,Consumer,Italy,Europe,Furniture,Folding Table Portable,7,46.41,25,243.65,12.24,36.49,Cash on Delivery,2025,2,February,Q1,Monday,14.976400574594706,324.8666666666667,81.21666666666667
ORD-10805,2025-02-05,Marco Davis,Consumer,Australia,Asia Pacific,Clothing & Accessories,Leather Belt Classic,4,27.85,5,105.83,18.91,31.22,PayPal,2025,2,February,Q1,Wednesday,29.500141736747615,111.4,5.570000000000007
ORD-10993,2025-02-05,Maria Moreau,Consumer,Germany,Europe,Clothing & Accessories,Leather Belt Classic,6,35.29,5,201.15,17.46,77.82,Cash on Delivery,2025,2,February,Q1,Wednesday,38.687546607009686,211.73684210526318,10.586842105263173
ORD-11056,2025-02-05,James Patel,Corporate,Mexico,North America,Technology,Mechanical Gaming Keyboard,2,148.04,5,281.28,9.59,108.85,Credit Card,2025,2,February,Q1,Wednesday,38.698094425483504,296.08421052631576,14.804210526315785
ORD-11509,2025-02-05,Priya Singh,Consumer,Italy,Europe,Clothing & Accessories,Polarized Sunglasses,5,26.79,0,133.95,18.6,48.37,PayPal,2025,2,February,Q1,Wednesday,36.11048898842852,133.95,0.0
ORD-11689,2025-02-07,Ayumi Smith,Consumer,China,Asia Pacific,Clothing & Accessories,Canvas Messenger Bag,2,27.73,10,49.91,11.7,10.48,PayPal,2025,2,February,Q1,Friday,20.99779603285915,55.45555555555555,5.545555555555552
ORD-11732,2025-02-07,Emma Clark,Consumer,Mexico,North America,Office Supplies,Whiteboard Markers Set 8,4,9.42,5,35.8,14.51,4.33,Cash on Delivery,2025,2,February,Q1,Friday,12.094972067039107,37.68421052631579,1.8842105263157904
ORD-10604,2025-02-08,Li Harris,Consumer,India,Asia Pacific,Technology,Wireless Bluetooth Headphones,1,119.38,0,119.38,9.73,43.99,Credit Card,2025,2,February,Q1,Saturday,36.84871837828783,119.38,0.0
ORD-11436,2025-02-08,Noah Suzuki,Consumer,Japan,Asia Pacific,Technology,Webcam HD 1080p,3,57.05,15,145.48,10.86,40.49,Bank Transfer,2025,2,February,Q1,Saturday,27.832004399230136,171.1529411764706,25.6729411764706
ORD-10802,2025-02-10,Omar Yamamoto,Consumer,Nigeria,Middle East & Africa,Office Supplies,Desk Calendar 2025,8,14.06,15,95.61,23.41,21.58,Credit Card,2025,2,February,Q1,Monday,22.570860788620436,112.48235294117647,16.872352941176473
ORD-11496,2025-02-10,Robert Wang,Home Office,Canada,North America,Clothing & Accessories,Polarized Sunglasses,5,51.1,10,229.95,11.04,91.16,Bank Transfer,2025,2,February,Q1,Monday,39.64340073929115,255.49999999999997,25.549999999999983
ORD-10611,2025-02-11,Ayumi Pereira,Consumer,Canada,North America,Clothing & Accessories,Wool Blend Scarf,1,26.45,15,22.48,6.09,3.17,PayPal,2025,2,February,Q1,Tuesday,14.101423487544483,26.447058823529414,3.9670588235294133
ORD-11694,2025-02-11,Chen Rossi,Corporate,Canada,North America,Office Supplies,Stapler Full-Size,1,15.54,25,11.65,6.71,-2.05,Cash on Delivery,2025,2,February,Q1,Tuesday,-17.596566523605148,15.533333333333333,3.883333333333333
ORD-10506,2025-02-12,Ahmed Dubois,Consumer,Mexico,North America,Furniture,Monitor Riser Wood,1,42.63,0,42.63,7.17,9.88,Credit Card,2025,2,February,Q1,Wednesday,23.17616701853155,42.63,0.0
ORD-10509,2025-02-12,Robert Chen,Consumer,Canada,North America,Furniture,Standing Desk Converter,1,302.08,10,271.87,6.17,84.45,PayPal,2025,2,February,Q1,Wednesday,31.062640232464044,302.0777777777778,30.20777777777778
ORD-11744,2025-02-14,Kenji Smith,Consumer,Germany,Europe,Furniture,Desk Organizer Set,3,22.63,5,64.5,12.28,11.49,Credit Card,2025,2,February,Q1,Friday,17.813953488372096,67.89473684210526,3.39473684210526
ORD-11876,2025-02-14,Jessica Moreau,Consumer,United States,North America,Furniture,Monitor Riser Wood,2,60.59,0,121.18,7.99,40.48,Credit Card,2025,2,February,Q1,Friday,33.404852285855746,121.18,0.0
ORD-10814,2025-02-15,Patricia Park,Corporate,Mexico,North America,Office Supplies,Tape Dispenser Heavy Duty,2,16.2,10,29.16,6.5,8.08,Bank Transfer,2025,2,February,Q1,Saturday,27.709190672153632,32.4,3.2399999999999984
ORD-11350,2025-02-15,James Ahmed,Home Office,Canada,North America,Technology,Wireless Bluetooth Headphones,1,230.1,5,218.59,7.29,84.74,Credit Card,2025,2,February,Q1,Saturday,38.76664074294341,230.09473684210528,11.504736842105274
ORD-11408,2025-02-17,Oscar Martinez,Corporate,Japan,Asia Pacific,Technology,Webcam HD 1080p,7,78.3,15,465.88,25.97,138.45,Credit Card,2025,2,February,Q1,Monday,29.717953120975356,548.0941176470589,82.21411764705886
ORD-11839,2025-02-18,Li Suzuki,Consumer,Italy,Europe,Furniture,Folding Table Portable,3,46.46,20,111.5,8.73,19.14,PayPal,2025,2,February,Q1,Tuesday,17.16591928251121,139.375,27.875
ORD-10079,2025-02-19,Jessica Schmidt,Consumer,India,Asia Pacific,Clothing & Accessories,Cotton Formal Shirt,3,53.74,10,145.1,16.16,48.33,Credit Card,2025,2,February,Q1,Wednesday,33.30806340454859,161.2222222222222,16.122222222222206
ORD-11001,2025-02-20,Isabella Jackson,Corporate,Japan,Asia Pacific,Office Supplies,Paper Clips Box 500pc,1,3.03,20,2.42,11.16,-10.1,Cash on Delivery,2025,2,February,Q1,Thursday,-417.35537190082647,3.025,0.605
ORD-11801,2025-02-20,Thomas Tanaka,Consumer,India,Asia Pacific,Office Supplies,Whiteboard Markers Set 8,1,15.32,0,15.32,10.87,-2.44,Credit Card,2025,2,February,Q1,Thursday,-15.926892950391643,15.32,0.0
ORD-11897,2025-02-20,Mary Miller,Home Office,France,Europe,Technology,Wireless Ergonomic Mouse,1,47.45,20,37.96,8.72,3.14,Credit Card,2025,2,February,Q1,Thursday,8.27186512118019,47.449999999999996,9.489999999999995
ORD-11919,2025-02-20,Sakura Harris,Consumer,Germany,Europe,Office Supplies,Sticky Notes Multicolor 6-Pack,1,12.93,0,12.93,8.94,-1.83,PayPal,2025,2,February,Q1,Thursday,-14.153132250580047,12.93,0.0
ORD-10730,2025-02-21,Richard Dubois,Home Office,Mexico,North America,Clothing & Accessories,Business Casual Blazer,1,71.91,5,68.31,7.27,25.09,Credit Card,2025,2,February,Q1,Friday,36.729614990484556,71.90526315789474,3.5952631578947347
ORD-11412,2025-02-21,Raj Yamamoto,Consumer,South Korea,Asia Pacific,Technology,Mechanical Gaming Keyboard,1,167.77,0,167.77,10.07,65.43,Credit Card,2025,2,February,Q1,Friday,38.99982118376349,167.77,0.0
ORD-10873,2025-02-22,Ethan Li,Consumer,China,Asia Pacific,Clothing & Accessories,Business Casual Blazer,2,61.54,0,123.08,12.34,49.2,Credit Card,2025,2,February,Q1,Saturday,39.97400064998375,123.08,0.0
ORD-11472,2025-02-22,Amir Taylor,Consumer,France,Europe,Technology,Mechanical Gaming Keyboard,1,146.2,5,138.89,7.89,50.59,Cash on Delivery,2025,2,February,Q1,Saturday,36.42450860393118,146.2,7.310000000000002
ORD-11818,2025-02-24,Clara Costa,Corporate,Germany,Europe,Furniture,Desk Organizer Set,1,40.32,10,36.29,9.29,2.81,Cash on Delivery,2025,2,February,Q1,Monday,7.74317993937724,40.32222222222222,4.032222222222224
ORD-10035,2025-02-25,Elizabeth Schmidt,Consumer,China,Asia Pacific,Technology,Wireless Bluetooth Headphones,6,228.0,15,1162.8,21.34,389.06,Credit Card,2025,2,February,Q1,Tuesday,33.458892328861374,1368.0,205.20000000000005
ORD-11120,2025-02-25,Raj Martinez,Consumer,Brazil,South America,Technology,Wireless Bluetooth Headphones,9,107.1,0,963.9,24.75,409.0,PayPal,2025,2,February,Q1,Tuesday,42.43178752982675,963.9,0.0
ORD-10647,2025-02-26,Ahmed Smith,Consumer,Mexico,North America,Office Supplies,Ballpoint Pen Pack 12,1,11.74,5,11.15,7.16,-1.29,Credit Card,2025,2,February,Q1,Wednesday,-11.569506726457398,11.73684210526316,0.5868421052631589
ORD-11796,2025-02-26,Karen Suzuki,Home Office,Japan,Asia Pacific,Technology,Noise Cancelling Earbuds,2,182.51,5,346.77,10.49,135.52,Bank Transfer,2025,2,February,Q1,Wednesday,39.08065864982554,365.0210526315789,18.251052631578943
ORD-10657,2025-02-27,Jamal Singh,Home Office,Colombia,South America,Technology,USB-C Hub Multiport Adapter,7,59.14,15,351.88,23.53,100.66,Credit Card,2025,2,February,Q1,Thursday,28.606343071501648,413.9764705882353,62.09647058823532
ORD-11443,2025-02-28,Ayumi Clark,Home Office,United States,North America,Furniture,Ergonomic Office Chair,2,239.93,0,479.86,6.98,184.96,Credit Card,2025,2,February,Q1,Friday,38.54457550118784,479.86,0.0
ORD-10481,2025-03-01,Lucas Yamamoto,Consumer,South Africa,Middle East & Africa,Technology,Webcam HD 1080p,2,48.49,10,87.28,12.86,21.08,Cash on Delivery,2025,3,March,Q1,Saturday,24.152153987167736,96.97777777777777,9.697777777777773
ORD-11017,2025-03-01,Olga Taylor,Home Office,United States,North America,Technology,Tablet Stand Holder,4,45.77,10,164.77,13.41,50.67,Credit Card,2025,3,March,Q1,Saturday,30.751957273775567,183.07777777777778,18.307777777777773
ORD-11755,2025-03-03,Emma Dubois,Consumer,France,Europe,Office Supplies,Sticky Notes Multicolor 6-Pack,6,14.68,15,74.87,15.34,19.89,Credit Card,2025,3,March,Q1,Monday,26.566047816214773,88.08235294117648,13.212352941176476
ORD-10317,2025-03-05,Ingrid Williams,Corporate,France,Europe,Furniture,Ergonomic Office Chair,4,163.97,0,655.88,16.75,245.6,PayPal,2025,3,March,Q1,Wednesday,37.44587424528877,655.88,0.0
ORD-11275,2025-03-05,Jennifer Thomas,Consumer,Brazil,South America,Clothing & Accessories,Travel Backpack 30L,3,55.66,5,158.63,16.73,58.41,Cash on Delivery,2025,3,March,Q1,Wednesday,36.82153438819895,166.97894736842105,8.348947368421051
ORD-11471,2025-03-05,Joseph Weber,Consumer,Canada,North America,Technology,Noise Cancelling Earbuds,1,112.7,5,107.06,6.08,38.99,Credit Card,2025,3,March,Q1,Wednesday,36.418830562301515,112.69473684210527,5.634736842105269
ORD-11595,2025-03-05,Hanna Williams,Corporate,Mexico,North America,Technology,Webcam HD 1080p,4,71.02,15,241.47,7.41,77.82,PayPal,2025,3,March,Q1,Wednesday,32.227605913778106,284.08235294117645,42.612352941176454
ORD-11821,2025-03-06,Olivia Zhang,Consumer,Mexico,North America,Office Supplies,Paper Clips Box 500pc,3,3.72,0,11.16,9.25,-3.11,PayPal,2025,3,March,Q1,Thursday,-27.8673835125448,11.16,0.0
ORD-10905,2025-03-07,Chen Romano,Consumer,South Korea,Asia Pacific,Office Supplies,Whiteboard Markers Set 8,2,11.45,5,21.75,11.85,-0.4,Bank Transfer,2025,3,March,Q1,Friday,-1.839080459770115,22.894736842105264,1.1447368421052637
ORD-11427,2025-03-07,Michael Leroy,Home Office,United States,North America,Office Supplies,Ballpoint Pen Pack 12,6,14.94,15,76.19,10.4,25.45,Credit Card,2025,3,March,Q1,Friday,33.40333377083607,89.63529411764706,13.445294117647066
ORD-11511,2025-03-07,Kenji Johansson,Consumer,Italy,Europe,Technology,Webcam HD 1080p,1,52.34,5,49.72,7.84,13.09,Bank Transfer,2025,3,March,Q1,Friday,26.327433628318587,52.33684210526316,2.61684210526316
ORD-11727,2025-03-08,Robert Patel,Corporate,South Korea,Asia Pacific,Furniture,Filing Cabinet 3-Drawer,6,128.18,5,730.63,15.96,253.22,Cash on Delivery,2025,3,March,Q1,Saturday,34.65776111027469,769.0842105263158,38.45421052631582
ORD-10519,2025-03-09,Jessica Park,Home Office,Spain,Europe,Office Supplies,Binder Clips Assorted 48pc,1,7.4,0,7.4,8.05,-3.98,PayPal,2025,3,March,Q1,Sunday,-53.783783783783775,7.4,0.0
ORD-11845,2025-03-09,Maria Müller,Corporate,United States,North America,Office Supplies,Whiteboard Markers Set 8,1,12.48,10,11.23,5.52,0.09,Credit Card,2025,3,March,Q1,Sunday,0.8014247551202136,12.477777777777778,1.2477777777777774
ORD-11166,2025-03-10,Hans Müller,Consumer,Nigeria,Middle East & Africa,Furniture,Corner L-Shaped Desk,1,418.59,0,418.59,12.47,154.97,Credit Card,2025,3,March,Q1,Monday,37.02190687785184,418.59,0.0
ORD-10619,2025-03-11,John Rodriguez,Consumer,Argentina,South America,Technology,Smart LED Desk Lamp,2,28.19,5,53.56,12.32,10.23,Cash on Delivery,2025,3,March,Q1,Tuesday,19.100074682598954,56.37894736842106,2.818947368421057
ORD-11249,2025-03-12,Susan White,Home Office,Brazil,South America,Technology,Wireless Ergonomic Mouse,9,45.95,20,330.84,24.56,78.83,Credit Card,2025,3,March,Q1,Wednesday,23.82722766291863,413.54999999999995,82.70999999999998
ORD-11308,2025-03-14,Ivan Leroy,Home Office,Mexico,North America,Clothing & Accessories,Leather Wallet Minimalist,1,48.23,0,48.23,6.21,17.9,Bank Transfer,2025,3,March,Q1,Friday,37.11382956665975,48.23,0.0
ORD-10159,2025-03-15,Sarah Sharma,Home Office,Mexico,North America,Office Supplies,Sticky Notes Multicolor 6-Pack,5,13.18,20,52.72,12.13,10.93,Bank Transfer,2025,3,March,Q1,Saturday,20.73216995447648,65.89999999999999,13.179999999999993
ORD-10247,2025-03-15,Giulia Singh,Consumer,United States,North America,Clothing & Accessories,Leather Belt Classic,1,17.18,0,17.18,7.15,1.44,PayPal,2025,3,March,Q1,Saturday,8.381839348079161,17.18,0.0
ORD-10444,2025-03-15,Giulia Taylor,Consumer,Germany,Europe,Furniture,Bookshelf 5-Tier,2,135.69,10,244.24,8.42,72.99,PayPal,2025,3,March,Q1,Saturday,29.884539796921057,271.3777777777778,27.137777777777785
ORD-10136,2025-03-16,Xiao Weber,Home Office,United Kingdom,Europe,Clothing & Accessories,Silk Tie Collection,1,34.17,5,32.46,8.7,6.68,Bank Transfer,2025,3,March,Q1,Sunday,20.57917436845348,34.16842105263158,1.7084210526315786
ORD-10387,2025-03-16,Jennifer Harris,Home Office,Italy,Europe,Technology,Webcam HD 1080p,2,51.32,20,82.11,11.91,13.75,Credit Card,2025,3,March,Q1,Sunday,16.745828766289126,102.63749999999999,20.52749999999999
ORD-10751,2025-03-16,Pierre Leroy,Home Office,Mexico,North America,Clothing & Accessories,Travel Backpack 30L,9,64.33,5,550.02,22.61,237.92,PayPal,2025,3,March,Q1,Sunday,43.256608850587256,578.9684210526316,28.948421052631602
ORD-11820,2025-03-17,Mia Anderson,Consumer,France,Europe,Furniture,Filing Cabinet 3-Drawer,3,137.47,10,371.17,12.7,111.02,PayPal,2025,3,March,Q1,Monday,29.910822534148767,412.4111111111111,41.24111111111108
ORD-10538,2025-03-18,Richard Ali,Consumer,Japan,Asia Pacific,Clothing & Accessories,Cotton Formal Shirt,1,61.85,0,61.85,11.16,19.77,PayPal,2025,3,March,Q1,Tuesday,31.964430072756667,61.85,0.0
ORD-11584,2025-03-18,Richard Zhang,Corporate,Saudi Arabia,Middle East & Africa,Technology,Smart LED Desk Lamp,4,67.37,10,242.53,15.81,78.51,PayPal,2025,3,March,Q1,Tuesday,32.37125304086093,269.47777777777776,26.94777777777776
ORD-11281,2025-03-19,Ali Taylor,Consumer,Mexico,North America,Technology,Webcam HD 1080p,3,81.59,5,232.53,7.31,90.6,PayPal,2025,3,March,Q1,Wednesday,38.9627144884531,244.7684210526316,12.238421052631594
ORD-10348,2025-03-20,Olivia White,Consumer,India,Asia Pacific,Furniture,Desk Organizer Set,3,48.66,5,138.68,11.5,39.59,Cash on Delivery,2025,3,March,Q1,Thursday,28.54773579463513,145.97894736842107,7.298947368421068
ORD-10585,2025-03-20,Ahmed Zhang,Corporate,United States,North America,Clothing & Accessories,Sports Water Bottle 750ml,7,29.97,5,199.3,15.57,78.84,Bank Transfer,2025,3,March,Q1,Thursday,39.558454591068745,209.78947368421055,10.489473684210537
ORD-10889,2025-03-21,Layla Johansson,Corporate,Nigeria,Middle East & Africa,Technology,USB-C Hub Multiport Adapter,1,29.02,5,27.57,11.87,-0.26,Cash on Delivery,2025,3,March,Q1,Friday,-0.9430540442509974,29.02105263157895,1.4510526315789498
ORD-10987,2025-03-22,Patricia Wang,Corporate,Germany,Europe,Furniture,Floating Wall Shelves Set,2,78.8,5,149.72,11.19,43.97,PayPal,2025,3,March,Q1,Saturday,29.36815388725621,157.6,7.8799999999999955
ORD-11487,2025-03-22,Sakura Zhang,Consumer,Spain,Europe,Technology,Webcam HD 1080p,2,67.91,0,135.82,8.98,52.14,PayPal,2025,3,March,Q1,Saturday,38.38904432336916,135.82,0.0
ORD-11238,2025-03-25,Carlos Jones,Home Office,Mexico,North America,Office Supplies,Premium Notebook Set A5,3,17.48,10,47.2,7.91,15.69,PayPal,2025,3,March,Q1,Tuesday,33.24152542372881,52.44444444444444,5.24444444444444
ORD-10894,2025-03-26,John Martin,Home Office,Germany,Europe,Clothing & Accessories,Leather Wallet Minimalist,2,55.31,10,99.56,10.62,33.63,PayPal,2025,3,March,Q1,Wednesday,33.778625954198475,110.62222222222222,11.062222222222218
ORD-11005,2025-03-26,Emma Anderson,Home Office,Mexico,North America,Technology,Tablet Stand Holder,5,25.46,5,120.94,16.36,34.56,Credit Card,2025,3,March,Q1,Wednesday,28.576153464527863,127.30526315789474,6.365263157894745
ORD-11310,2025-03-26,Hans Ali,Corporate,Italy,Europe,Office Supplies,Stapler Full-Size,4,19.04,5,72.35,13.88,24.2,Credit Card,2025,3,March,Q1,Wednesday,33.44851416724257,76.15789473684211,3.8078947368421154
ORD-11862,2025-03-26,Thomas Clark,Consumer,Germany,Europe,Furniture,Desk Organizer Set,2,29.19,20,46.7,11.71,-0.04,Credit Card,2025,3,March,Q1,Wednesday,-0.08565310492505353,58.375,11.674999999999997
ORD-11221,2025-03-27,Olivia Kim,Consumer,South Africa,Middle East & Africa,Technology,Portable External SSD 1TB,2,136.48,15,232.02,15.42,66.47,Bank Transfer,2025,3,March,Q1,Thursday,28.64839237996724,272.964705882353,40.94470588235296
ORD-11757,2025-03-27,Oscar Thompson,Consumer,South Korea,Asia Pacific,Office Supplies,Whiteboard Markers Set 8,2,20.22,25,30.33,10.69,1.44,PayPal,2025,3,March,Q1,Thursday,4.747774480712167,40.44,10.11
ORD-11860,2025-03-27,Hans Patel,Consumer,Canada,North America,Technology,Tablet Stand Holder,2,48.96,5,93.02,9.1,30.06,PayPal,2025,3,March,Q1,Thursday,32.31563104708665,97.91578947368421,4.895789473684218
ORD-10337,2025-03-28,Mary Chen,Home Office,United States,North America,Clothing & Accessories,Cotton Formal Shirt,1,47.73,5,45.34,5.94,15.54,PayPal,2025,3,March,Q1,Friday,34.27437141596823,47.72631578947369,2.3863157894736844
ORD-11695,2025-03-29,Sophie Jackson,Consumer,Australia,Asia Pacific,Furniture,Corner L-Shaped Desk,1,268.81,20,215.05,10.37,43.39,Credit Card,2025,3,March,Q1,Saturday,20.176703092304116,268.8125,53.76249999999999
ORD-10774,2025-03-30,Lucas Tanaka,Home Office,Saudi Arabia,Middle East & Africa,Technology,USB-C Hub Multiport Adapter,9,50.88,10,412.13,17.34,142.93,PayPal,2025,3,March,Q1,Sunday,34.68080460049014,457.9222222222222,45.79222222222222
ORD-11193,2025-03-30,Raj Harris,Consumer,Mexico,North America,Technology,USB-C Hub Multiport Adapter,4,43.48,10,156.53,9.46,51.41,Credit Card,2025,3,March,Q1,Sunday,32.84354436849166,173.92222222222222,17.392222222222216
ORD-10331,2025-03-31,Giulia White,Consumer,Australia,Asia Pacific,Furniture,Folding Table Portable,5,45.17,0,225.85,16.44,73.9,Credit Card,2025,3,March,Q1,Monday,32.720832410892186,225.85,0.0
ORD-10704,2025-03-31,Fatima Müller,Corporate,Italy,Europe,Technology,Wireless Bluetooth Headphones,1,77.8,15,66.13,9.26,14.08,Bank Transfer,2025,3,March,Q1,Monday,21.29139573567216,77.8,11.670000000000002
ORD-11754,2025-03-31,Sakura Chen,Corporate,India,Asia Pacific,Office Supplies,Stapler Full-Size,11,14.79,25,122.02,23.11,25.7,Bank Transfer,2025,3,March,Q1,Monday,21.06212096377643,162.69333333333333,40.67333333333333
ORD-10976,2025-04-01,Ahmed Jackson,Corporate,South Africa,Middle East & Africa,Office Supplies,Desk Calendar 2025,6,17.83,5,101.63,21.4,32.09,Bank Transfer,2025,4,April,Q2,Tuesday,31.57532224736791,106.97894736842105,5.348947368421051
ORD-10087,2025-04-02,Omar Schmidt,Corporate,Canada,North America,Furniture,Standing Desk Converter,8,222.57,0,1780.56,10.29,701.93,PayPal,2025,4,April,Q2,Wednesday,39.42186727771038,1780.56,0.0
ORD-11637,2025-04-02,Sarah Brown,Consumer,Canada,North America,Technology,Wireless Ergonomic Mouse,3,42.99,0,128.97,6.89,51.15,Credit Card,2025,4,April,Q2,Wednesday,39.66038613631077,128.97,0.0
ORD-11935,2025-04-02,Isabella Thompson,Consumer,Japan,Asia Pacific,Office Supplies,Stapler Full-Size,14,11.48,0,160.72,39.83,48.57,PayPal,2025,4,April,Q2,Wednesday,30.220258835241413,160.72,0.0
ORD-10541,2025-04-04,Clara Garcia,Consumer,Canada,North America,Technology,USB-C Hub Multiport Adapter,3,25.43,5,72.48,11.34,19.18,Credit Card,2025,4,April,Q2,Friday,26.462472406181014,76.29473684210527,3.814736842105262
ORD-11429,2025-04-04,Olga Wang,Corporate,France,Europe,Furniture,Desk Organizer Set,2,34.92,0,69.84,11.92,16.02,Cash on Delivery,2025,4,April,Q2,Friday,22.938144329896907,69.84,0.0
ORD-11614,2025-04-04,Carlos Ali,Consumer,South Korea,Asia Pacific,Clothing & Accessories,Leather Wallet Minimalist,3,24.3,5,69.25,10.77,22.03,PayPal,2025,4,April,Q2,Friday,31.812274368231048,72.89473684210526,3.64473684210526
ORD-11856,2025-04-04,Kenji Martin,Home Office,Colombia,South America,Office Supplies,Premium Notebook Set A5,2,13.42,5,25.5,12.38,1.04,PayPal,2025,4,April,Q2,Friday,4.07843137254902,26.842105263157897,1.3421052631578974
ORD-10255,2025-04-05,Diego Rossi,Corporate,Canada,North America,Technology,Tablet Stand Holder,2,42.23,10,76.01,9.52,20.04,PayPal,2025,4,April,Q2,Saturday,26.364951980002626,84.45555555555556,8.445555555555558
ORD-10906,2025-04-05,Wei Moreau,Corporate,India,Asia Pacific,Technology,Tablet Stand Holder,4,53.71,10,193.36,13.76,61.44,Credit Card,2025,4,April,Q2,Saturday,31.774927596193624,214.84444444444446,21.48444444444445
ORD-11368,2025-04-05,Elizabeth Williams,Consumer,Canada,North America,Technology,USB-C Hub Multiport Adapter,7,23.09,0,161.63,20.84,51.89,Bank Transfer,2025,4,April,Q2,Saturday,32.10418857885294,161.63,0.0
ORD-10300,2025-04-06,David Johansson,Corporate,Spain,Europe,Technology,Mechanical Gaming Keyboard,4,164.84,5,626.39,11.35,252.39,Cash on Delivery,2025,4,April,Q2,Sunday,40.29278883762512,659.3578947368421,32.96789473684214
ORD-10803,2025-04-06,Emma Romano,Home Office,Spain,Europe,Technology,Wireless Bluetooth Headphones,1,219.67,0,219.67,7.71,91.14,Cash on Delivery,2025,4,April,Q2,Sunday,41.48950698775436,219.67,0.0
ORD-10264,2025-04-07,Omar Thomas,Consumer,Japan,Asia Pacific,Office Supplies,Desk Calendar 2025,4,16.1,25,48.3,13.08,6.24,PayPal,2025,4,April,Q2,Monday,12.919254658385093,64.39999999999999,16.099999999999994
ORD-10615,2025-04-07,Giulia Smith,Corporate,Canada,North America,Clothing & Accessories,Travel Backpack 30L,1,90.62,15,77.03,7.48,24.24,Cash on Delivery,2025,4,April,Q2,Monday,31.468259119823443,90.62352941176471,13.593529411764706
ORD-11666,2025-04-07,Xiao Rodriguez,Corporate,Germany,Europe,Office Supplies,Ballpoint Pen Pack 12,2,9.78,15,16.63,10.08,-2.25,Bank Transfer,2025,4,April,Q2,Monday,-13.529765484064942,19.56470588235294,2.93470588235294
ORD-10778,2025-04-08,Raj Harris,Consumer,United States,North America,Furniture,Standing Desk Converter,6,154.97,10,836.84,13.94,265.01,Credit Card,2025,4,April,Q2,Tuesday,31.667941302996987,929.8222222222222,92.98222222222216
ORD-11647,2025-04-08,Emma Chen,Consumer,China,Asia Pacific,Office Supplies,Premium Notebook Set A5,2,20.57,5,39.08,12.63,7.94,Bank Transfer,2025,4,April,Q2,Tuesday,20.317297850562948,41.136842105263156,2.056842105263158
ORD-11591,2025-04-09,Priya Romano,Home Office,Italy,Europe,Technology,Wireless Bluetooth Headphones,1,116.2,0,116.2,7.59,44.7,Credit Card,2025,4,April,Q2,Wednesday,38.46815834767642,116.2,0.0
ORD-11057,2025-04-10,Ali Müller,Consumer,South Korea,Asia Pacific,Technology,Laptop Stand Adjustable,5,27.29,10,122.8,20.24,27.51,Credit Card,2025,4,April,Q2,Thursday,22.40228013029316,136.44444444444443,13.644444444444431
ORD-11127,2025-04-10,Diego Weber,Home Office,Germany,Europe,Furniture,Filing Cabinet 3-Drawer,4,128.7,0,514.8,10.27,195.65,Credit Card,2025,4,April,Q2,Thursday,38.005050505050505,514.8,0.0
ORD-11410,2025-04-10,William Wang,Home Office,Nigeria,Middle East & Africa,Technology,Portable External SSD 1TB,3,93.28,10,251.86,18.0,79.95,PayPal,2025,4,April,Q2,Thursday,31.74382593504328,279.84444444444443,27.98444444444442
ORD-10123,2025-04-11,Priya Patel,Home Office,Brazil,South America,Furniture,Bookshelf 5-Tier,1,193.39,10,174.05,12.06,45.96,Credit Card,2025,4,April,Q2,Friday,26.406205113473142,193.38888888888889,19.338888888888874
ORD-11126,2025-04-11,David Park,Consumer,Nigeria,Middle East & Africa,Clothing & Accessories,Leather Belt Classic,11,31.57,5,329.91,24.65,131.63,Credit Card,2025,4,April,Q2,Friday,39.89876026795186,347.27368421052637,17.363684210526344
ORD-11157,2025-04-11,James Miller,Home Office,Canada,North America,Furniture,Monitor Riser Wood,9,33.73,15,258.03,13.96,61.93,Credit Card,2025,4,April,Q2,Friday,24.001085145138166,303.56470588235294,45.53470588235297
ORD-11219,2025-04-11,Olga Ali,Consumer,Saudi Arabia,Middle East & Africa,Office Supplies,Whiteboard Markers Set 8,1,14.71,10,13.24,11.69,-5.07,PayPal,2025,4,April,Q2,Friday,-38.29305135951662,14.71111111111111,1.4711111111111101
ORD-11438,2025-04-11,Olga Russo,Consumer,Italy,Europe,Technology,Noise Cancelling Earbuds,1,115.93,5,110.13,9.29,37.08,Credit Card,2025,4,April,Q2,Friday,33.6692999182784,115.92631578947369,5.796315789473695
ORD-11493,2025-04-11,Amina Khan,Corporate,Japan,Asia Pacific,Clothing & Accessories,Leather Wallet Minimalist,1,39.65,0,39.65,11.01,8.81,Bank Transfer,2025,4,April,Q2,Friday,22.21941992433796,39.65,0.0
ORD-10684,2025-04-12,Ingrid Clark,Corporate,Canada,North America,Office Supplies,Ballpoint Pen Pack 12,1,13.25,5,12.59,5.69,0.94,PayPal,2025,4,April,Q2,Saturday,7.466243050039714,13.25263157894737,0.6626315789473693
ORD-11089,2025-04-12,Hans Zhang,Home Office,Spain,Europe,Office Supplies,Desk Calendar 2025,3,9.38,5,26.73,8.95,5.12,PayPal,2025,4,April,Q2,Saturday,19.15450804339693,28.13684210526316,1.4068421052631592
ORD-11190,2025-04-12,Jennifer Leroy,Corporate,Japan,Asia Pacific,Technology,Smart LED Desk Lamp,4,55.11,10,198.4,13.84,63.32,Cash on Delivery,2025,4,April,Q2,Saturday,31.91532258064516,220.44444444444446,22.04444444444445
ORD-11312,2025-04-12,Ahmed Hassan,Corporate,Mexico,North America,Technology,Noise Cancelling Earbuds,3,60.01,10,162.03,11.24,51.77,Credit Card,2025,4,April,Q2,Saturday,31.950873295068817,180.03333333333333,18.00333333333333
ORD-11485,2025-04-12,Joseph Garcia,Consumer,China,Asia Pacific,Office Supplies,Stapler Full-Size,2,19.7,10,35.46,10.39,7.34,Credit Card,2025,4,April,Q2,Saturday,20.699379582628314,39.4,3.9399999999999977
ORD-10148,2025-04-13,Sarah Smith,Home Office,Brazil,South America,Office Supplies,Highlighters Neon Pack 6,1,8.77,20,7.02,11.14,-8.07,PayPal,2025,4,April,Q2,Sunday,-114.95726495726497,8.774999999999999,1.754999999999999
ORD-10679,2025-04-13,Sophie Jones,Consumer,Spain,Europe,Technology,Laptop Stand Adjustable,2,44.96,0,89.92,11.48,28.98,Credit Card,2025,4,April,Q2,Sunday,32.22864768683274,89.92,0.0
ORD-11027,2025-04-13,Amir Ali,Consumer,Italy,Europe,Office Supplies,Desk Calendar 2025,4,19.2,10,69.12,12.91,21.65,Credit Card,2025,4,April,Q2,Sunday,31.32233796296296,76.8,7.679999999999993
ORD-10990,2025-04-14,Richard Yamamoto,Corporate,Argentina,South America,Furniture,Corner L-Shaped Desk,2,165.71,0,331.42,12.42,120.15,Bank Transfer,2025,4,April,Q2,Monday,36.25309275239877,331.42,0.0
ORD-11848,2025-04-14,Richard Weber,Consumer,Canada,North America,Technology,Noise Cancelling Earbuds,1,155.22,15,131.94,6.82,39.75,Credit Card,2025,4,April,Q2,Monday,30.127330604820372,155.2235294117647,23.283529411764704
ORD-10080,2025-04-16,Hans Sharma,Consumer,South Africa,Middle East & Africa,Technology,Wireless Bluetooth Headphones,2,238.98,5,454.06,12.39,178.79,Cash on Delivery,2025,4,April,Q2,Wednesday,39.375853411443416,477.95789473684215,23.897894736842147
ORD-10187,2025-04-17,Wei Müller,Corporate,UAE,Middle East & Africa,Office Supplies,Desk Calendar 2025,1,14.87,15,12.64,12.93,-6.98,Bank Transfer,2025,4,April,Q2,Thursday,-55.22151898734178,14.870588235294118,2.2305882352941175
ORD-10198,2025-04-17,Mary Weber,Consumer,Nigeria,Middle East & Africa,Office Supplies,Binder Clips Assorted 48pc,2,12.81,0,25.62,14.26,-0.17,Bank Transfer,2025,4,April,Q2,Thursday,-0.6635441061670571,25.62,0.0
ORD-11003,2025-04-18,Layla Jackson,Home Office,India,Asia Pacific,Office Supplies,Binder Clips Assorted 48pc,2,14.06,15,23.9,10.76,0.49,Bank Transfer,2025,4,April,Q2,Friday,2.0502092050209204,28.11764705882353,4.21764705882353
ORD-11524,2025-04-18,Olivia Anderson,Consumer,Mexico,North America,Office Supplies,Paper Clips Box 500pc,1,9.33,0,9.33,6.05,-0.92,Cash on Delivery,2025,4,April,Q2,Friday,-9.860664523043946,9.33,0.0
ORD-11540,2025-04-18,Noah Moreau,Home Office,India,Asia Pacific,Clothing & Accessories,Business Casual Blazer,10,147.28,0,1472.8,27.39,709.01,PayPal,2025,4,April,Q2,Friday,48.14027702335687,1472.8,0.0
ORD-11554,2025-04-18,Hanna Li,Consumer,China,Asia Pacific,Clothing & Accessories,Travel Backpack 30L,2,32.49,5,61.73,11.25,17.99,Credit Card,2025,4,April,Q2,Friday,29.143042280900694,64.97894736842105,3.2489473684210495
ORD-11278,2025-04-19,Wei Anderson,Consumer,Australia,Asia Pacific,Furniture,Bookshelf 5-Tier,4,67.49,10,242.96,11.71,69.27,Credit Card,2025,4,April,Q2,Saturday,28.510865986170558,269.9555555555556,26.99555555555557
ORD-11829,2025-04-19,Nadia Wang,Consumer,Spain,Europe,Furniture,Ergonomic Office Chair,7,294.09,0,2058.63,15.1,808.35,PayPal,2025,4,April,Q2,Saturday,39.2664053278151,2058.63,0.0
ORD-10966,2025-04-20,Wei Li,Corporate,Brazil,South America,Technology,Wireless Ergonomic Mouse,5,61.12,20,244.48,22.01,54.39,Credit Card,2025,4,April,Q2,Sunday,22.247218586387437,305.59999999999997,61.119999999999976
ORD-11078,2025-04-20,Layla Leroy,Corporate,Saudi Arabia,Middle East & Africa,Technology,USB-C Hub Multiport Adapter,4,46.7,0,186.8,17.05,67.01,Credit Card,2025,4,April,Q2,Sunday,35.87259100642398,186.8,0.0
ORD-11656,2025-04-20,Hans Kumar,Consumer,Brazil,South America,Technology,Tablet Stand Holder,4,25.36,20,81.15,14.4,10.96,Cash on Delivery,2025,4,April,Q2,Sunday,13.505853357979051,101.4375,20.287499999999994
ORD-10634,2025-04-21,Priya Sharma,Corporate,United States,North America,Furniture,Folding Table Portable,13,84.96,15,938.81,32.07,244.05,Cash on Delivery,2025,4,April,Q2,Monday,25.995675376274225,1104.4823529411765,165.67235294117654
ORD-11841,2025-04-21,Pierre Garcia,Home Office,United States,North America,Office Supplies,Binder Clips Assorted 48pc,1,15.62,0,15.62,6.6,1.99,Bank Transfer,2025,4,April,Q2,Monday,12.740076824583868,15.62,0.0
ORD-10172,2025-04-22,Amina Singh,Consumer,Mexico,North America,Technology,Noise Cancelling Earbuds,3,155.55,0,466.65,9.51,200.48,PayPal,2025,4,April,Q2,Tuesday,42.96153434051216,466.65,0.0
ORD-10626,2025-04-22,David Chen,Corporate,Argentina,South America,Clothing & Accessories,Sports Water Bottle 750ml,2,10.67,15,18.14,13.02,-5.55,Bank Transfer,2025,4,April,Q2,Tuesday,-30.59536934950386,21.341176470588238,3.201176470588237
ORD-11577,2025-04-22,Xiao White,Corporate,Germany,Europe,Furniture,Filing Cabinet 3-Drawer,3,138.55,0,415.65,9.02,157.24,PayPal,2025,4,April,Q2,Tuesday,37.82990496812222,415.65,0.0
ORD-10027,2025-04-24,Pierre Pereira,Consumer,China,Asia Pacific,Technology,Webcam HD 1080p,2,76.94,10,138.49,12.94,40.92,Credit Card,2025,4,April,Q2,Thursday,29.547259729944397,153.8777777777778,15.387777777777785
ORD-11416,2025-04-25,Liam Clark,Consumer,Nigeria,Middle East & Africa,Technology,Wireless Ergonomic Mouse,10,31.3,10,281.7,16.36,93.19,PayPal,2025,4,April,Q2,Friday,33.08129215477458,313.0,31.30000000000001
ORD-11879,2025-04-25,Giulia Miller,Consumer,Australia,Asia Pacific,Furniture,Standing Desk Converter,2,320.6,0,641.2,12.1,244.38,Credit Card,2025,4,April,Q2,Friday,38.112913287585776,641.2,0.0
ORD-10854,2025-04-26,Ingrid Robinson,Home Office,Argentina,South America,Technology,Mechanical Gaming Keyboard,1,172.2,0,172.2,12.38,65.11,Credit Card,2025,4,April,Q2,Saturday,37.81068524970964,172.2,0.0
ORD-10244,2025-04-27,Michael Tanaka,Consumer,Germany,Europe,Furniture,Mesh Back Task Chair,2,163.76,15,278.39,11.15,70.73,PayPal,2025,4,April,Q2,Sunday,25.40680340529473,327.5176470588235,49.12764705882353
ORD-10756,2025-04-27,Lucas Costa,Consumer,United States,North America,Technology,Laptop Stand Adjustable,2,36.57,15,62.17,8.53,13.41,PayPal,2025,4,April,Q2,Sunday,21.569889013993887,73.14117647058823,10.971176470588233
ORD-10289,2025-04-28,Chen Santos,Corporate,Japan,Asia Pacific,Technology,Tablet Stand Holder,7,19.93,10,125.56,20.75,28.08,PayPal,2025,4,April,Q2,Monday,22.363810130614844,139.51111111111112,13.951111111111118
ORD-10982,2025-04-28,Sophie Johnson,Home Office,Italy,Europe,Office Supplies,Stapler Full-Size,1,9.5,10,8.55,8.3,-4.03,PayPal,2025,4,April,Q2,Monday,-47.134502923976605,9.5,0.9499999999999993
ORD-11772,2025-04-28,Christopher Tanaka,Home Office,South Africa,Middle East & Africa,Office Supplies,Stapler Full-Size,8,17.87,20,114.37,18.77,31.27,PayPal,2025,4,April,Q2,Monday,27.341085949112525,142.9625,28.5925
ORD-10371,2025-04-30,Sophie Rossi,Corporate,Mexico,North America,Office Supplies,Stapler Full-Size,3,11.65,15,29.71,11.8,2.18,Credit Card,2025,4,April,Q2,Wednesday,7.337596768764726,34.95294117647059,5.2429411764705875
ORD-10856,2025-04-30,Raj Pereira,Consumer,Mexico,North America,Technology,Noise Cancelling Earbuds,1,136.78,10,123.1,7.09,40.78,Credit Card,2025,4,April,Q2,Wednesday,33.12753858651503,136.77777777777777,13.677777777777777
ORD-10191,2025-05-01,Karen Hassan,Home Office,France,Europe,Clothing & Accessories,Cotton Formal Shirt,9,25.8,0,232.2,17.11,98.99,PayPal,2025,5,May,Q2,Thursday,42.631352282515074,232.2,0.0
ORD-11469,2025-05-01,Jennifer Harris,Corporate,Colombia,South America,Clothing & Accessories,Travel Backpack 30L,8,34.0,30,190.4,15.18,39.22,Cash on Delivery,2025,5,May,Q2,Thursday,20.59873949579832,272.0,81.6
ORD-11952,2025-05-01,Hanna Rodriguez,Consumer,United Kingdom,Europe,Furniture,Filing Cabinet 3-Drawer,2,155.18,25,232.77,8.56,37.99,Credit Card,2025,5,May,Q2,Thursday,16.320831722300984,310.36,77.59
ORD-11041,2025-05-02,Christopher Harris,Corporate,Germany,Europe,Furniture,Monitor Riser Wood,2,59.73,5,113.49,10.47,31.34,PayPal,2025,5,May,Q2,Friday,27.61476782095339,119.46315789473684,5.973157894736843
ORD-11317,2025-05-02,John Pereira,Consumer,United States,North America,Furniture,Standing Desk Converter,5,217.51,15,924.42,16.81,255.08,Credit Card,2025,5,May,Q2,Friday,27.59351809783432,1087.5529411764705,163.13294117647058
ORD-11405,2025-05-03,Layla Ferrari,Corporate,South Korea,Asia Pacific,Furniture,Monitor Riser Wood,2,60.6,10,109.08,10.52,25.84,Credit Card,2025,5,May,Q2,Saturday,23.68903557022369,121.19999999999999,12.11999999999999
ORD-11819,2025-05-03,Mia Johansson,Consumer,Japan,Asia Pacific,Furniture,Standing Desk Converter,5,166.65,5,791.59,13.99,277.65,Bank Transfer,2025,5,May,Q2,Saturday,35.074975681855506,833.2526315789474,41.66263157894741
ORD-10293,2025-05-04,Emma Wang,Consumer,Italy,Europe,Office Supplies,Tape Dispenser Heavy Duty,6,12.86,15,65.59,16.27,14.6,Credit Card,2025,5,May,Q2,Sunday,22.25949077603293,77.16470588235295,11.574705882352944
ORD-10485,2025-05-04,Omar Patel,Home Office,France,Europe,Technology,Mechanical Gaming Keyboard,5,53.7,5,255.07,19.21,88.18,PayPal,2025,5,May,Q2,Sunday,34.57090210530443,268.4947368421053,13.42473684210529
ORD-10490,2025-05-04,Hans Costa,Consumer,UAE,Middle East & Africa,Furniture,Standing Desk Converter,1,129.14,0,129.14,12.2,39.46,PayPal,2025,5,May,Q2,Sunday,30.55598575189717,129.14,0.0
ORD-11756,2025-05-04,Jessica Brown,Home Office,United States,North America,Technology,Smart LED Desk Lamp,1,31.62,5,30.04,7.3,5.35,Bank Transfer,2025,5,May,Q2,Sunday,17.80958721704394,31.621052631578948,1.5810526315789488
ORD-10135,2025-05-06,Ayumi Harris,Consumer,Canada,North America,Technology,USB-C Hub Multiport Adapter,8,56.61,10,407.59,12.04,146.47,Credit Card,2025,5,May,Q2,Tuesday,35.93562158050983,452.87777777777774,45.28777777777776
ORD-10698,2025-05-06,Joseph Thompson,Consumer,Colombia,South America,Technology,Wireless Bluetooth Headphones,1,82.26,10,74.03,11.14,17.65,Credit Card,2025,5,May,Q2,Tuesday,23.841685803052815,82.25555555555556,8.225555555555559
ORD-10911,2025-05-06,Xiao Sharma,Consumer,Argentina,South America,Clothing & Accessories,Polarized Sunglasses,1,29.71,0,29.71,11.72,3.13,PayPal,2025,5,May,Q2,Tuesday,10.535173342308985,29.71,0.0
ORD-11206,2025-05-06,Christopher Jones,Consumer,Canada,North America,Technology,Portable External SSD 1TB,4,144.04,15,489.74,9.35,163.5,PayPal,2025,5,May,Q2,Tuesday,33.38506146118348,576.164705882353,86.42470588235301
ORD-11578,2025-05-07,Sarah Leroy,Corporate,United States,North America,Clothing & Accessories,Leather Belt Classic,11,46.45,5,485.4,10.89,219.03,PayPal,2025,5,May,Q2,Wednesday,45.12360939431397,510.94736842105266,25.54736842105268
ORD-11677,2025-05-07,Robert Davis,Consumer,South Korea,Asia Pacific,Furniture,Mesh Back Task Chair,1,215.75,5,204.96,10.58,64.93,Credit Card,2025,5,May,Q2,Wednesday,31.679352068696332,215.74736842105264,10.787368421052633
ORD-10081,2025-05-08,Sarah Tanaka,Consumer,South Korea,Asia Pacific,Office Supplies,Desk Calendar 2025,4,18.4,15,62.56,15.93,13.51,Cash on Delivery,2025,5,May,Q2,Thursday,21.595268542199484,73.60000000000001,11.040000000000006
ORD-10618,2025-05-08,Isabella Nilsson,Corporate,Germany,Europe,Furniture,Mesh Back Task Chair,4,250.2,5,950.76,13.7,336.58,PayPal,2025,5,May,Q2,Thursday,35.401152762000926,1000.8000000000001,50.04000000000008
ORD-11389,2025-05-08,Fatima Yamamoto,Consumer,Brazil,South America,Office Supplies,Desk Calendar 2025,7,17.16,0,120.12,18.68,47.39,PayPal,2025,5,May,Q2,Thursday,39.45221445221445,120.12,0.0
ORD-11495,2025-05-08,Joseph Schmidt,Home Office,India,Asia Pacific,Office Supplies,Tape Dispenser Heavy Duty,3,18.94,5,53.98,14.46,13.95,Credit Card,2025,5,May,Q2,Thursday,25.842904779547982,56.821052631578944,2.841052631578947
ORD-11913,2025-05-08,Richard Williams,Consumer,China,Asia Pacific,Technology,Noise Cancelling Earbuds,2,45.23,10,81.41,12.87,18.79,PayPal,2025,5,May,Q2,Thursday,23.08070261638619,90.45555555555555,9.045555555555552
ORD-10002,2025-05-09,Patricia Leroy,Consumer,South Korea,Asia Pacific,Technology,Tablet Stand Holder,7,26.13,15,155.47,14.74,40.13,PayPal,2025,5,May,Q2,Friday,25.81205377243198,182.90588235294118,27.435882352941178
ORD-10324,2025-05-09,Nadia Rodriguez,Consumer,Mexico,North America,Clothing & Accessories,Travel Backpack 30L,3,37.7,10,101.79,6.73,38.51,Bank Transfer,2025,5,May,Q2,Friday,37.832793005206796,113.10000000000001,11.310000000000002
ORD-10849,2025-05-09,Zara Miller,Consumer,Argentina,South America,Clothing & Accessories,Wool Blend Scarf,2,26.13,0,52.26,14.83,11.3,PayPal,2025,5,May,Q2,Friday,21.62265595101416,52.26,0.0
ORD-10039,2025-05-10,Oscar Ali,Corporate,Germany,Europe,Furniture,Folding Table Portable,1,125.15,20,100.12,8.65,16.38,PayPal,2025,5,May,Q2,Saturday,16.360367558929283,125.15,25.03
ORD-10158,2025-05-10,David Fischer,Consumer,Germany,Europe,Furniture,Mesh Back Task Chair,8,184.19,5,1399.84,12.28,503.45,Cash on Delivery,2025,5,May,Q2,Saturday,35.9648245513773,1473.5157894736842,73.67578947368429
ORD-10267,2025-05-11,Barbara White,Consumer,India,Asia Pacific,Office Supplies,Whiteboard Markers Set 8,3,11.95,5,34.06,11.21,6.72,Credit Card,2025,5,May,Q2,Sunday,19.72988843217851,35.852631578947374,1.792631578947372
ORD-11873,2025-05-11,Susan Garcia,Corporate,Argentina,South America,Office Supplies,Whiteboard Markers Set 8,1,6.93,10,6.24,12.29,-9.17,PayPal,2025,5,May,Q2,Sunday,-146.9551282051282,6.933333333333334,0.6933333333333334
ORD-10692,2025-05-12,Sakura Davis,Consumer,Canada,North America,Office Supplies,Premium Notebook Set A5,1,10.73,5,10.19,6.83,-1.47,Credit Card,2025,5,May,Q2,Monday,-14.425907752698725,10.726315789473684,0.5363157894736847
ORD-11014,2025-05-12,Thomas Costa,Corporate,Canada,North America,Clothing & Accessories,Leather Wallet Minimalist,2,51.67,10,93.01,7.45,33.89,Credit Card,2025,5,May,Q2,Monday,36.43694226427266,103.34444444444445,10.334444444444443
ORD-11563,2025-05-12,Oscar Martin,Consumer,Spain,Europe,Technology,Wireless Ergonomic Mouse,1,38.97,0,38.97,8.55,8.99,Credit Card,2025,5,May,Q2,Monday,23.069027457018223,38.97,0.0
ORD-10764,2025-05-13,Susan Leroy,Consumer,Japan,Asia Pacific,Office Supplies,Binder Clips Assorted 48pc,2,8.5,0,17.0,13.21,-3.86,PayPal,2025,5,May,Q2,Tuesday,-22.705882352941174,17.0,0.0
ORD-11386,2025-05-13,David Smith,Corporate,United States,North America,Clothing & Accessories,Business Casual Blazer,1,79.18,15,67.3,6.58,21.13,Cash on Delivery,2025,5,May,Q2,Tuesday,31.39673105497771,79.17647058823529,11.876470588235293
ORD-11397,2025-05-13,Thomas Zhang,Home Office,Japan,Asia Pacific,Clothing & Accessories,Wool Blend Scarf,4,40.98,10,147.53,16.39,49.18,Bank Transfer,2025,5,May,Q2,Tuesday,33.33559276079441,163.92222222222222,16.392222222222216
ORD-11538,2025-05-13,Pierre Fischer,Consumer,Germany,Europe,Clothing & Accessories,Polarized Sunglasses,2,43.41,0,86.82,8.71,34.7,Credit Card,2025,5,May,Q2,Tuesday,39.967749366505416,86.82,0.0
ORD-11978,2025-05-13,Ingrid Davis,Corporate,Colombia,South America,Technology,Smart LED Desk Lamp,1,38.1,5,36.2,11.13,4.12,PayPal,2025,5,May,Q2,Tuesday,11.38121546961326,38.10526315789474,1.905263157894737
ORD-11989,2025-05-13,Fatima Davis,Consumer,Saudi Arabia,Middle East & Africa,Clothing & Accessories,Silk Tie Collection,4,14.92,5,56.7,15.14,11.72,Credit Card,2025,5,May,Q2,Tuesday,20.670194003527335,59.684210526315795,2.984210526315792
ORD-11459,2025-05-14,Lucas Brown,Consumer,South Africa,Middle East & Africa,Furniture,Bookshelf 5-Tier,2,122.78,15,208.73,15.69,45.7,Credit Card,2025,5,May,Q2,Wednesday,21.894313227614624,245.56470588235294,36.83470588235295
ORD-10789,2025-05-15,Jamal Hassan,Consumer,Australia,Asia Pacific,Furniture,Standing Desk Converter,8,323.26,10,2327.47,15.77,760.05,PayPal,2025,5,May,Q2,Thursday,32.65563036258255,2586.0777777777776,258.60777777777776
ORD-11076,2025-05-15,Jamal Pereira,Corporate,Japan,Asia Pacific,Office Supplies,Stapler Full-Size,9,18.45,15,141.14,31.4,35.02,Credit Card,2025,5,May,Q2,Thursday,24.812243162817065,166.0470588235294,24.90705882352941
ORD-11611,2025-05-15,Olga Kim,Corporate,Argentina,South America,Office Supplies,Highlighters Neon Pack 6,2,5.41,10,9.74,11.11,-6.24,Credit Card,2025,5,May,Q2,Thursday,-64.06570841889118,10.822222222222223,1.0822222222222226
ORD-10470,2025-05-16,Hans Khan,Consumer,Mexico,North America,Technology,Laptop Stand Adjustable,2,45.5,5,86.45,9.32,27.08,PayPal,2025,5,May,Q2,Friday,31.324465008675535,91.00000000000001,4.550000000000011
ORD-11729,2025-05-16,Oscar Miller,Home Office,South Africa,Middle East & Africa,Technology,Wireless Bluetooth Headphones,6,105.75,0,634.5,19.06,266.46,Cash on Delivery,2025,5,May,Q2,Friday,41.99527186761229,634.5,0.0
ORD-11916,2025-05-16,Barbara Weber,Corporate,Nigeria,Middle East & Africa,Furniture,Floating Wall Shelves Set,2,39.94,5,75.89,15.43,12.53,PayPal,2025,5,May,Q2,Friday,16.510739227829752,79.8842105263158,3.994210526315797
ORD-10328,2025-05-17,Ivan Sharma,Corporate,Mexico,North America,Office Supplies,Stapler Full-Size,4,10.58,15,35.97,10.31,6.62,Bank Transfer,2025,5,May,Q2,Saturday,18.404225743675287,42.31764705882353,6.347647058823533
ORD-10583,2025-05-17,Christopher Ahmed,Corporate,United States,North America,Clothing & Accessories,Sports Water Bottle 750ml,1,17.94,10,16.15,7.16,0.02,Credit Card,2025,5,May,Q2,Saturday,0.12383900928792571,17.944444444444443,1.7944444444444443
ORD-10482,2025-05-18,Hanna Nilsson,Consumer,Mexico,North America,Office Supplies,Binder Clips Assorted 48pc,3,6.54,0,19.62,7.75,3.04,PayPal,2025,5,May,Q2,Sunday,15.494393476044852,19.62,0.0
ORD-10685,2025-05-18,William Zhang,Consumer,Brazil,South America,Office Supplies,Desk Calendar 2025,3,12.72,25,28.62,16.83,-5.38,PayPal,2025,5,May,Q2,Sunday,-18.798043326345212,38.160000000000004,9.540000000000003
ORD-10946,2025-05-18,Liam White,Corporate,United States,North America,Clothing & Accessories,Silk Tie Collection,1,47.58,10,42.82,5.77,13.26,Cash on Delivery,2025,5,May,Q2,Sunday,30.966837926202707,47.577777777777776,4.757777777777775
ORD-11954,2025-05-18,Kenji Yamamoto,Consumer,Japan,Asia Pacific,Office Supplies,Ballpoint Pen Pack 12,2,12.85,0,25.7,13.38,0.75,Cash on Delivery,2025,5,May,Q2,Sunday,2.9182879377431905,25.7,0.0
ORD-10492,2025-05-20,Ingrid Clark,Consumer,United States,North America,Office Supplies,Ballpoint Pen Pack 12,5,6.01,15,25.54,7.93,4.09,Credit Card,2025,5,May,Q2,Tuesday,16.01409553641347,30.04705882352941,4.5070588235294125
ORD-10851,2025-05-20,Emma Martin,Corporate,Italy,Europe,Furniture,Ergonomic Office Chair,5,243.91,5,1158.57,17.69,409.15,Credit Card,2025,5,May,Q2,Tuesday,35.315086701709866,1219.5473684210526,60.97736842105269
ORD-11521,2025-05-20,Michael Miller,Corporate,South Africa,Middle East & Africa,Office Supplies,Sticky Notes Multicolor 6-Pack,7,7.22,10,45.49,24.79,-2.04,PayPal,2025,5,May,Q2,Tuesday,-4.4845020883710704,50.544444444444444,5.054444444444442
ORD-11571,2025-05-20,Olivia Clark,Corporate,UAE,Middle East & Africa,Furniture,Monitor Riser Wood,1,46.37,0,46.37,12.69,5.86,Bank Transfer,2025,5,May,Q2,Tuesday,12.637481130040976,46.37,0.0
ORD-11528,2025-05-21,Noah Nilsson,Consumer,United States,North America,Furniture,Bookshelf 5-Tier,2,133.23,5,253.14,6.33,86.93,Bank Transfer,2025,5,May,Q2,Wednesday,34.34068104606147,266.46315789473687,13.32315789473688
ORD-10122,2025-05-22,William Khan,Corporate,Spain,Europe,Technology,Wireless Ergonomic Mouse,1,37.58,20,30.06,8.21,1.18,Cash on Delivery,2025,5,May,Q2,Thursday,3.925482368596141,37.574999999999996,7.514999999999997
ORD-10612,2025-05-22,Ingrid Romano,Consumer,France,Europe,Furniture,Mesh Back Task Chair,5,175.88,5,835.43,13.32,294.47,Credit Card,2025,5,May,Q2,Thursday,35.24771674467041,879.4,43.97000000000003
ORD-10163,2025-05-24,Priya Brown,Corporate,China,Asia Pacific,Office Supplies,Premium Notebook Set A5,9,24.53,15,187.65,27.64,60.66,Credit Card,2025,5,May,Q2,Saturday,32.326139088729015,220.76470588235296,33.11470588235295
ORD-10406,2025-05-24,Barbara Fischer,Corporate,India,Asia Pacific,Office Supplies,Whiteboard Markers Set 8,3,10.15,15,25.88,16.06,-3.88,PayPal,2025,5,May,Q2,Saturday,-14.992272024729521,30.44705882352941,4.567058823529411
ORD-10507,2025-05-26,Patricia Kim,Home Office,United Kingdom,Europe,Furniture,Desk Organizer Set,1,33.54,0,33.54,7.97,5.45,Credit Card,2025,5,May,Q2,Monday,16.249254621347646,33.54,0.0
ORD-11235,2025-05-27,Ayumi Zhang,Consumer,South Korea,Asia Pacific,Furniture,Standing Desk Converter,4,213.39,5,810.88,18.51,280.23,Credit Card,2025,5,May,Q2,Tuesday,34.55875098658248,853.5578947368422,42.67789473684218
ORD-10194,2025-05-29,Patricia Zhang,Corporate,Mexico,North America,Furniture,Filing Cabinet 3-Drawer,5,114.98,20,459.92,8.13,106.85,Credit Card,2025,5,May,Q2,Thursday,23.23230126978605,574.9,114.97999999999996
ORD-10206,2025-05-29,Ava Oliveira,Consumer,Germany,Europe,Clothing & Accessories,Leather Wallet Minimalist,6,28.43,5,162.05,16.94,59.82,PayPal,2025,5,May,Q2,Thursday,36.914532551681575,170.57894736842107,8.528947368421058
ORD-10209,2025-05-29,Michael Yamamoto,Corporate,China,Asia Pacific,Office Supplies,Ballpoint Pen Pack 12,3,5.01,0,15.03,11.86,-3.59,PayPal,2025,5,May,Q2,Thursday,-23.885562208915502,15.03,0.0
ORD-10762,2025-05-29,Ava Yamamoto,Consumer,Canada,North America,Office Supplies,Whiteboard Markers Set 8,1,9.93,5,9.43,5.79,-0.83,Credit Card,2025,5,May,Q2,Thursday,-8.8016967126193,9.926315789473684,0.4963157894736838
ORD-10390,2025-05-30,Layla Chen,Corporate,Germany,Europe,Clothing & Accessories,Leather Belt Classic,3,41.25,5,117.56,8.91,46.78,PayPal,2025,5,May,Q2,Friday,39.79244641034366,123.74736842105264,6.187368421052639
ORD-10534,2025-05-30,Thomas Weber,Home Office,South Africa,Middle East & Africa,Technology,Portable External SSD 1TB,5,115.16,5,547.01,16.63,213.69,Cash on Delivery,2025,5,May,Q2,Friday,39.06509935832983,575.8000000000001,28.790000000000077
ORD-11645,2025-05-30,Wei Harris,Corporate,South Korea,Asia Pacific,Furniture,Desk Organizer Set,9,54.27,5,464.01,21.91,149.04,PayPal,2025,5,May,Q2,Friday,32.119997413848836,488.43157894736845,24.42157894736846
ORD-11536,2025-05-31,Linda Wang,Consumer,France,Europe,Technology,Portable External SSD 1TB,1,100.53,10,90.48,9.22,25.97,Bank Transfer,2025,5,May,Q2,Saturday,28.7024756852343,100.53333333333333,10.053333333333327
ORD-11725,2025-05-31,Maria Yamamoto,Consumer,South Korea,Asia Pacific,Technology,Wireless Ergonomic Mouse,6,37.44,5,213.41,15.54,74.32,Credit Card,2025,5,May,Q2,Saturday,34.82498477109788,224.6421052631579,11.232105263157905
ORD-10181,2025-06-01,Lucas Kim,Consumer,United States,North America,Furniture,Floating Wall Shelves Set,1,65.87,0,65.87,6.61,19.74,PayPal,2025,6,June,Q2,Sunday,29.96811902231668,65.87,0.0
ORD-10423,2025-06-01,Amina Tanaka,Consumer,Mexico,North America,Office Supplies,Binder Clips Assorted 48pc,2,11.24,10,20.23,6.69,3.42,PayPal,2025,6,June,Q2,Sunday,16.90558576371725,22.477777777777778,2.2477777777777774
ORD-10784,2025-06-01,Christopher Hassan,Consumer,Mexico,North America,Furniture,Standing Desk Converter,9,148.46,10,1202.53,26.88,373.97,Cash on Delivery,2025,6,June,Q2,Sunday,31.098600450716408,1336.1444444444444,133.61444444444442
ORD-11616,2025-06-02,Sarah Hassan,Corporate,Mexico,North America,Office Supplies,Highlighters Neon Pack 6,2,10.07,15,17.12,6.12,1.94,Credit Card,2025,6,June,Q2,Monday,11.331775700934578,20.14117647058824,3.0211764705882374
ORD-10597,2025-06-03,Thomas Brown,Home Office,France,Europe,Technology,Wireless Bluetooth Headphones,2,159.65,5,303.33,8.38,119.33,Bank Transfer,2025,6,June,Q2,Tuesday,39.33999274717305,319.29473684210524,15.964736842105253
ORD-10974,2025-06-03,Chen Rossi,Home Office,Canada,North America,Office Supplies,Premium Notebook Set A5,1,11.67,10,10.5,6.16,-0.91,Credit Card,2025,6,June,Q2,Tuesday,-8.666666666666668,11.666666666666666,1.166666666666666
ORD-11013,2025-06-03,Nadia Martin,Home Office,United Kingdom,Europe,Clothing & Accessories,Leather Belt Classic,2,16.7,15,28.39,11.41,0.28,Cash on Delivery,2025,6,June,Q2,Tuesday,0.9862627685804861,33.4,5.009999999999998
ORD-11486,2025-06-03,Sakura Davis,Corporate,United States,North America,Furniture,Ergonomic Office Chair,5,408.13,15,1734.55,8.12,502.04,Credit Card,2025,6,June,Q2,Tuesday,28.94353002219596,2040.6470588235295,306.09705882352955
ORD-10622,2025-06-04,Nadia Pereira,Consumer,South Africa,Middle East & Africa,Clothing & Accessories,Leather Wallet Minimalist,3,22.94,5,65.38,13.72,17.25,Bank Transfer,2025,6,June,Q2,Wednesday,26.3842153563781,68.82105263157895,3.4410526315789554
ORD-11736,2025-06-04,Richard Rossi,Consumer,Canada,North America,Furniture,Filing Cabinet 3-Drawer,6,112.24,10,606.1,15.24,186.8,PayPal,2025,6,June,Q2,Wednesday,30.819996700214485,673.4444444444445,67.34444444444443
ORD-11844,2025-06-05,Linda Johnson,Consumer,India,Asia Pacific,Furniture,Mesh Back Task Chair,2,133.72,5,254.07,13.55,80.06,Cash on Delivery,2025,6,June,Q2,Thursday,31.511000905262332,267.4421052631579,13.372105263157891
ORD-11985,2025-06-05,Richard Leroy,Corporate,Japan,Asia Pacific,Technology,Mechanical Gaming Keyboard,4,132.14,25,396.42,16.65,89.06,PayPal,2025,6,June,Q2,Thursday,22.46607133847939,528.5600000000001,132.14000000000004
ORD-10777,2025-06-06,Carlos Ferrari,Consumer,South Korea,Asia Pacific,Technology,Wireless Bluetooth Headphones,10,177.5,0,1775.0,15.06,783.69,Credit Card,2025,6,June,Q2,Friday,44.15154929577465,1775.0,0.0
ORD-11116,2025-06-06,Mia Brown,Consumer,Colombia,South America,Technology,Portable External SSD 1TB,3,91.93,5,262.0,17.1,93.22,Cash on Delivery,2025,6,June,Q2,Friday,35.58015267175573,275.7894736842105,13.78947368421052
ORD-10270,2025-06-07,Ahmed Weber,Corporate,China,Asia Pacific,Office Supplies,Binder Clips Assorted 48pc,3,9.72,0,29.16,13.7,2.34,Bank Transfer,2025,6,June,Q2,Saturday,8.024691358024691,29.16,0.0
ORD-11392,2025-06-07,Diego Li,Consumer,United Kingdom,Europe,Technology,Laptop Stand Adjustable,1,52.67,5,50.04,8.6,12.47,Credit Card,2025,6,June,Q2,Saturday,24.92006394884093,52.67368421052632,2.6336842105263187
ORD-11662,2025-06-07,Jennifer Thompson,Corporate,Mexico,North America,Office Supplies,Paper Clips Box 500pc,1,3.44,25,2.58,6.69,-5.66,Credit Card,2025,6,June,Q2,Saturday,-219.3798449612403,3.44,0.8599999999999999
ORD-11722,2025-06-07,Michael Yamamoto,Consumer,Germany,Europe,Clothing & Accessories,Wool Blend Scarf,5,16.98,15,72.17,10.38,19.34,PayPal,2025,6,June,Q2,Saturday,26.797838437023692,84.90588235294118,12.735882352941175
ORD-11050,2025-06-08,Christopher Khan,Home Office,United Kingdom,Europe,Office Supplies,Binder Clips Assorted 48pc,4,6.96,15,23.66,14.15,-3.02,Credit Card,2025,6,June,Q2,Sunday,-12.764158918005073,27.83529411764706,4.175294117647059
ORD-11800,2025-06-08,Ethan Jones,Consumer,South Africa,Middle East & Africa,Clothing & Accessories,Leather Belt Classic,2,49.74,0,99.48,14.2,35.54,Credit Card,2025,6,June,Q2,Sunday,35.72577402492963,99.48,0.0
ORD-10304,2025-06-10,Li Pereira,Corporate,Saudi Arabia,Middle East & Africa,Office Supplies,Ballpoint Pen Pack 12,1,14.71,10,13.24,12.16,-5.54,Credit Card,2025,6,June,Q2,Tuesday,-41.842900302114806,14.71111111111111,1.4711111111111101
ORD-10428,2025-06-10,Felix Patel,Consumer,Italy,Europe,Furniture,Bookshelf 5-Tier,1,126.48,5,120.16,9.35,34.92,Bank Transfer,2025,6,June,Q2,Tuesday,29.061251664447408,126.48421052631579,6.324210526315795
ORD-11134,2025-06-10,Noah Chen,Consumer,Canada,North America,Furniture,Floating Wall Shelves Set,2,81.06,10,145.91,9.58,39.06,PayPal,2025,6,June,Q2,Tuesday,26.769926667123574,162.1222222222222,16.21222222222221
ORD-11313,2025-06-11,Clara Moreau,Corporate,United States,North America,Technology,Portable External SSD 1TB,1,95.57,30,66.9,6.55,7.79,PayPal,2025,6,June,Q2,Wednesday,11.644245142002989,95.57142857142858,28.671428571428578
ORD-11243,2025-06-12,Isabella Russo,Corporate,Germany,Europe,Furniture,Bookshelf 5-Tier,1,177.19,10,159.47,7.89,45.27,Cash on Delivery,2025,6,June,Q2,Thursday,28.387784536276417,177.1888888888889,17.7188888888889
ORD-11097,2025-06-14,Ivan Patel,Home Office,Australia,Asia Pacific,Furniture,Standing Desk Converter,1,134.93,15,114.69,11.49,22.24,Credit Card,2025,6,June,Q2,Saturday,19.391402912198096,134.9294117647059,20.239411764705892
ORD-11105,2025-06-14,Diego Suzuki,Corporate,Brazil,South America,Technology,Mechanical Gaming Keyboard,8,84.99,5,645.92,16.53,255.43,Credit Card,2025,6,June,Q2,Saturday,39.545144909586334,679.9157894736842,33.995789473684226
ORD-11878,2025-06-14,Sophie Chen,Corporate,Canada,North America,Furniture,Floating Wall Shelves Set,2,89.6,5,170.24,9.88,52.84,Bank Transfer,2025,6,June,Q2,Saturday,31.038533834586467,179.20000000000002,8.960000000000008
ORD-10357,2025-06-16,Robert Taylor,Home Office,United States,North America,Office Supplies,Sticky Notes Multicolor 6-Pack,1,4.99,0,4.99,6.34,-3.6,Bank Transfer,2025,6,June,Q2,Monday,-72.1442885771543,4.99,0.0
ORD-11377,2025-06-16,Giulia Müller,Corporate,Japan,Asia Pacific,Technology,Wireless Ergonomic Mouse,2,24.99,5,47.48,10.52,9.47,PayPal,2025,6,June,Q2,Monday,19.9452401010952,49.97894736842105,2.4989473684210566
ORD-10617,2025-06-17,Yuki Suzuki,Corporate,China,Asia Pacific,Furniture,Floating Wall Shelves Set,1,32.11,20,25.69,10.11,-3.69,Bank Transfer,2025,6,June,Q2,Tuesday,-14.363565589723626,32.1125,6.422499999999996
ORD-10797,2025-06-18,Amina Taylor,Home Office,South Africa,Middle East & Africa,Clothing & Accessories,Travel Backpack 30L,1,39.86,0,39.86,11.78,8.15,Bank Transfer,2025,6,June,Q2,Wednesday,20.44656297039639,39.86,0.0
ORD-10886,2025-06-18,Ava Clark,Consumer,United Kingdom,Europe,Clothing & Accessories,Leather Wallet Minimalist,4,44.68,10,160.85,12.79,58.7,Credit Card,2025,6,June,Q2,Wednesday,36.49362760335717,178.7222222222222,17.872222222222206
ORD-11185,2025-06-18,William Garcia,Corporate,United Kingdom,Europe,Office Supplies,Tape Dispenser Heavy Duty,1,19.01,15,16.16,9.44,-1.83,Credit Card,2025,6,June,Q2,Wednesday,-11.324257425742575,19.011764705882353,2.8517647058823528
ORD-11382,2025-06-18,Ivan Santos,Corporate,Canada,North America,Furniture,Ergonomic Office Chair,7,422.4,30,2069.76,15.51,280.17,PayPal,2025,6,June,Q2,Wednesday,13.536352040816327,2956.8000000000006,887.0400000000004
ORD-10870,2025-06-19,Emma Jones,Home Office,Mexico,North America,Furniture,Corner L-Shaped Desk,3,227.94,0,683.82,9.86,263.67,Credit Card,2025,6,June,Q2,Thursday,38.55839255944547,683.82,0.0
ORD-10535,2025-06-20,Liam Zhang,Home Office,China,Asia Pacific,Technology,USB-C Hub Multiport Adapter,1,22.46,5,21.34,9.83,-0.84,PayPal,2025,6,June,Q2,Friday,-3.936269915651359,22.46315789473684,1.123157894736842
ORD-10570,2025-06-20,Felix Pereira,Consumer,Italy,Europe,Office Supplies,Highlighters Neon Pack 6,2,11.32,0,22.64,10.02,2.43,PayPal,2025,6,June,Q2,Friday,10.73321554770318,22.64,0.0
ORD-11320,2025-06-20,Sophie Chen,Home Office,Spain,Europe,Furniture,Floating Wall Shelves Set,2,56.68,15,96.36,8.36,19.98,Credit Card,2025,6,June,Q2,Friday,20.734744707347446,113.36470588235295,17.00470588235295
ORD-10735,2025-06-21,Ali Yamamoto,Consumer,China,Asia Pacific,Furniture,Folding Table Portable,2,125.68,10,226.22,12.02,63.38,Credit Card,2025,6,June,Q2,Saturday,28.01697462646981,251.35555555555555,25.135555555555555
ORD-10200,2025-06-22,Lucas Moreau,Home Office,Mexico,North America,Furniture,Mesh Back Task Chair,6,111.51,15,568.7,11.57,155.69,Cash on Delivery,2025,6,June,Q2,Sunday,27.376472656936873,669.0588235294118,100.35882352941178
ORD-10776,2025-06-22,Karen Yamamoto,Corporate,United Kingdom,Europe,Technology,Laptop Stand Adjustable,2,27.7,25,41.55,8.78,2.3,Credit Card,2025,6,June,Q2,Sunday,5.535499398315283,55.4,13.850000000000001
ORD-11022,2025-06-22,Amina Anderson,Corporate,India,Asia Pacific,Office Supplies,Desk Calendar 2025,1,12.26,10,11.03,10.84,-5.33,Credit Card,2025,6,June,Q2,Sunday,-48.32275611967362,12.255555555555555,1.2255555555555553
ORD-10033,2025-06-23,Olga Johansson,Corporate,Australia,Asia Pacific,Furniture,Filing Cabinet 3-Drawer,5,166.9,25,625.88,18.86,106.32,PayPal,2025,6,June,Q2,Monday,16.987281907074838,834.5066666666667,208.62666666666667
ORD-11875,2025-06-23,David Kumar,Consumer,Spain,Europe,Technology,Wireless Ergonomic Mouse,1,51.63,0,51.63,7.8,15.43,PayPal,2025,6,June,Q2,Monday,29.885725353476662,51.63,0.0
ORD-11958,2025-06-23,Susan Harris,Consumer,France,Europe,Furniture,Bookshelf 5-Tier,1,144.89,10,130.4,8.09,35.38,Credit Card,2025,6,June,Q2,Monday,27.131901840490798,144.88888888888889,14.48888888888888
ORD-10564,2025-06-24,Christopher Chen,Consumer,South Korea,Asia Pacific,Office Supplies,Binder Clips Assorted 48pc,7,13.53,0,94.71,20.02,32.07,Credit Card,2025,6,June,Q2,Tuesday,33.86126069052899,94.71,0.0
ORD-10630,2025-06-24,Carlos Jackson,Corporate,Saudi Arabia,Middle East & Africa,Office Supplies,Tape Dispenser Heavy Duty,4,18.9,20,60.48,16.12,10.34,Credit Card,2025,6,June,Q2,Tuesday,17.096560846560845,75.6,15.119999999999997
ORD-10639,2025-06-24,Hans Ferrari,Home Office,Germany,Europe,Office Supplies,Ballpoint Pen Pack 12,1,16.31,0,16.31,8.77,0.2,Credit Card,2025,6,June,Q2,Tuesday,1.2262415695892093,16.31,0.0
ORD-11585,2025-06-24,Clara Martinez,Home Office,United States,North America,Clothing & Accessories,Polarized Sunglasses,2,70.84,15,120.43,7.08,42.51,PayPal,2025,6,June,Q2,Tuesday,35.29851365938719,141.68235294117648,21.25235294117647
ORD-11963,2025-06-24,Sarah Rossi,Corporate,United Kingdom,Europe,Office Supplies,Whiteboard Markers Set 8,5,19.61,20,78.44,10.31,24.01,Cash on Delivery,2025,6,June,Q2,Tuesday,30.60938296787354,98.05,19.61
ORD-10522,2025-06-25,Lucas Nilsson,Corporate,Germany,Europe,Furniture,Mesh Back Task Chair,8,284.78,5,2164.33,25.98,771.41,Bank Transfer,2025,6,June,Q2,Wednesday,35.64197696284763,2278.242105263158,113.91210526315808
ORD-11032,2025-06-25,Jamal Robinson,Corporate,Japan,Asia Pacific,Technology,Wireless Bluetooth Headphones,11,61.31,5,640.69,33.82,235.94,PayPal,2025,6,June,Q2,Wednesday,36.82592205278684,674.4105263157895,33.72052631578947
ORD-11425,2025-06-25,Li Harris,Consumer,Mexico,North America,Technology,Tablet Stand Holder,3,22.6,10,61.02,6.51,17.22,Credit Card,2025,6,June,Q2,Wednesday,28.220255653883967,67.8,6.779999999999994
ORD-11602,2025-06-25,Chen Martin,Consumer,Italy,Europe,Office Supplies,Whiteboard Markers Set 8,4,7.06,0,28.24,13.62,1.91,Cash on Delivery,2025,6,June,Q2,Wednesday,6.763456090651558,28.24,0.0
ORD-11865,2025-06-25,Olga Yamamoto,Consumer,UAE,Middle East & Africa,Technology,Wireless Ergonomic Mouse,1,34.77,0,34.77,11.76,3.89,Credit Card,2025,6,June,Q2,Wednesday,11.187805579522577,34.77,0.0
ORD-11907,2025-06-25,Nadia Thomas,Consumer,Japan,Asia Pacific,Clothing & Accessories,Leather Belt Classic,6,17.93,10,96.82,15.34,27.69,Credit Card,2025,6,June,Q2,Wednesday,28.59946292088412,107.57777777777777,10.757777777777775
ORD-10232,2025-06-27,Elizabeth Johnson,Home Office,Mexico,North America,Clothing & Accessories,Cotton Formal Shirt,6,65.25,5,371.92,8.51,167.66,PayPal,2025,6,June,Q2,Friday,45.0795870079587,391.4947368421053,19.574736842105267
ORD-10829,2025-06-27,Jennifer Ferrari,Consumer,Mexico,North America,Technology,Laptop Stand Adjustable,2,38.03,5,72.26,9.29,21.14,PayPal,2025,6,June,Q2,Friday,29.255466371436476,76.06315789473685,3.8031578947368416
ORD-10914,2025-06-27,Patricia Jackson,Corporate,Spain,Europe,Clothing & Accessories,Leather Belt Classic,3,53.91,0,161.73,12.12,68.74,Credit Card,2025,6,June,Q2,Friday,42.50293699375503,161.73,0.0
ORD-10656,2025-06-28,Emma Johnson,Corporate,South Africa,Middle East & Africa,Technology,Wireless Ergonomic Mouse,4,40.01,0,160.04,16.42,55.6,Cash on Delivery,2025,6,June,Q2,Saturday,34.74131467133217,160.04,0.0
ORD-11872,2025-06-28,Noah Tanaka,Consumer,China,Asia Pacific,Technology,Laptop Stand Adjustable,9,58.82,5,502.91,25.7,186.05,PayPal,2025,6,June,Q2,Saturday,36.99469089896801,529.3789473684211,26.468947368421084
ORD-10834,2025-06-30,Chen Khan,Corporate,United States,North America,Office Supplies,Binder Clips Assorted 48pc,2,8.98,10,16.16,9.66,-1.58,PayPal,2025,6,June,Q2,Monday,-9.777227722772277,17.955555555555556,1.7955555555555556
ORD-11775,2025-06-30,Ayumi Romano,Consumer,Mexico,North America,Furniture,Desk Organizer Set,3,29.12,0,87.36,11.41,23.53,Cash on Delivery,2025,6,June,Q2,Monday,26.934523809523814,87.36,0.0
ORD-10479,2025-07-02,Joseph Clark,Consumer,China,Asia Pacific,Furniture,Desk Organizer Set,4,17.48,10,62.93,12.78,8.2,Cash on Delivery,2025,7,July,Q3,Wednesday,13.030351183855077,69.92222222222222,6.9922222222222175
ORD-10161,2025-07-03,Robert Harris,Consumer,United States,North America,Office Supplies,Premium Notebook Set A5,1,12.16,5,11.55,6.58,-0.5,Bank Transfer,2025,7,July,Q3,Thursday,-4.329004329004329,12.157894736842106,0.6078947368421055
ORD-10596,2025-07-03,Elizabeth Park,Corporate,United Kingdom,Europe,Office Supplies,Ballpoint Pen Pack 12,8,17.67,10,127.22,25.24,38.37,PayPal,2025,7,July,Q3,Thursday,30.160352145889007,141.35555555555555,14.135555555555555
ORD-11574,2025-07-03,Emma Kim,Consumer,United Kingdom,Europe,Furniture,Folding Table Portable,1,94.65,10,85.19,8.91,19.49,Cash on Delivery,2025,7,July,Q3,Thursday,22.878272097664045,94.65555555555555,9.465555555555554
ORD-10859,2025-07-04,Ayumi White,Corporate,United States,North America,Furniture,Folding Table Portable,2,49.81,0,99.62,8.52,31.33,Credit Card,2025,7,July,Q3,Friday,31.449508130897406,99.62,0.0
ORD-10285,2025-07-06,Amir Yamamoto,Home Office,Canada,North America,Technology,Wireless Ergonomic Mouse,1,42.35,5,40.23,6.81,10.13,Credit Card,2025,7,July,Q3,Sunday,25.1802137708178,42.34736842105263,2.117368421052632
ORD-10995,2025-07-06,Olivia Schmidt,Home Office,Italy,Europe,Clothing & Accessories,Sports Water Bottle 750ml,1,9.44,0,9.44,9.42,-4.7,PayPal,2025,7,July,Q3,Sunday,-49.788135593220346,9.44,0.0
ORD-11291,2025-07-06,Mary Laurent,Consumer,India,Asia Pacific,Technology,Tablet Stand Holder,4,16.22,25,48.66,16.63,-3.65,PayPal,2025,7,July,Q3,Sunday,-7.501027538018907,64.88,16.22
ORD-11983,2025-07-06,Clara Sharma,Consumer,South Africa,Middle East & Africa,Furniture,Floating Wall Shelves Set,6,75.93,5,432.8,17.42,142.03,PayPal,2025,7,July,Q3,Sunday,32.81654343807763,455.5789473684211,22.778947368421086
ORD-10553,2025-07-07,Hanna Fischer,Consumer,India,Asia Pacific,Office Supplies,Premium Notebook Set A5,5,10.74,5,51.02,15.88,10.97,PayPal,2025,7,July,Q3,Monday,21.501372010976088,53.70526315789474,2.685263157894738
ORD-11640,2025-07-07,Christopher Chen,Consumer,Japan,Asia Pacific,Clothing & Accessories,Silk Tie Collection,3,13.01,0,39.03,14.95,4.57,PayPal,2025,7,July,Q3,Monday,11.708941839610556,39.03,0.0
ORD-10101,2025-07-08,Elizabeth Taylor,Home Office,Australia,Asia Pacific,Office Supplies,Stapler Full-Size,12,15.36,5,175.1,38.3,53.86,Credit Card,2025,7,July,Q3,Tuesday,30.759565962307256,184.31578947368422,9.215789473684225
ORD-11004,2025-07-08,Marco Ferrari,Consumer,Japan,Asia Pacific,Technology,Mechanical Gaming Keyboard,1,59.17,0,59.17,11.08,15.55,Credit Card,2025,7,July,Q3,Tuesday,26.280209565658275,59.17,0.0
ORD-11114,2025-07-10,Sakura Kim,Consumer,Germany,Europe,Clothing & Accessories,Leather Belt Classic,2,40.96,0,81.92,8.07,32.89,Credit Card,2025,7,July,Q3,Thursday,40.14892578125,81.92,0.0
ORD-11388,2025-07-12,Chen Ali,Corporate,Colombia,South America,Furniture,Folding Table Portable,1,117.46,10,105.71,11.69,23.54,PayPal,2025,7,July,Q3,Saturday,22.2684703433923,117.45555555555555,11.745555555555555
ORD-10526,2025-07-13,Thomas Oliveira,Corporate,France,Europe,Furniture,Bookshelf 5-Tier,4,96.5,20,308.8,15.4,61.8,Credit Card,2025,7,July,Q3,Sunday,20.012953367875646,386.0,77.19999999999999
ORD-10740,2025-07-13,William Martinez,Consumer,France,Europe,Clothing & Accessories,Sports Water Bottle 750ml,7,12.71,0,88.97,11.25,33.23,Cash on Delivery,2025,7,July,Q3,Sunday,37.34966842755985,88.97,0.0
ORD-11305,2025-07-13,Clara Martin,Consumer,United States,North America,Clothing & Accessories,Wool Blend Scarf,5,38.49,0,192.45,17.33,78.89,Cash on Delivery,2025,7,July,Q3,Sunday,40.99246557547415,192.45,0.0
ORD-11937,2025-07-13,Carlos Tanaka,Corporate,France,Europe,Furniture,Corner L-Shaped Desk,5,431.91,5,2051.57,9.75,746.09,Bank Transfer,2025,7,July,Q3,Sunday,36.36678251290475,2159.547368421053,107.97736842105269
ORD-10959,2025-07-14,Ethan Thomas,Corporate,Nigeria,Middle East & Africa,Clothing & Accessories,Leather Wallet Minimalist,3,46.07,0,138.21,14.18,54.93,Bank Transfer,2025,7,July,Q3,Monday,39.743868026915564,138.21,0.0
ORD-11527,2025-07-14,Elizabeth Santos,Consumer,Germany,Europe,Clothing & Accessories,Leather Wallet Minimalist,2,15.72,10,28.3,9.2,3.38,Cash on Delivery,2025,7,July,Q3,Monday,11.943462897526501,31.444444444444443,3.144444444444442
ORD-10192,2025-07-15,Wei Laurent,Consumer,Italy,Europe,Furniture,Monitor Riser Wood,4,27.46,0,109.84,11.74,32.2,Credit Card,2025,7,July,Q3,Tuesday,29.31536780772032,109.84,0.0
ORD-10465,2025-07-15,John Suzuki,Corporate,United Kingdom,Europe,Furniture,Standing Desk Converter,1,239.62,15,203.68,9.4,50.51,Credit Card,2025,7,July,Q3,Tuesday,24.798703849175176,239.6235294117647,35.9435294117647
ORD-10782,2025-07-15,Christopher Park,Consumer,France,Europe,Furniture,Desk Organizer Set,2,59.54,5,113.13,9.46,32.22,Credit Card,2025,7,July,Q3,Tuesday,28.48050914876691,119.08421052631579,5.954210526315791
ORD-11016,2025-07-15,Layla Jackson,Consumer,Spain,Europe,Furniture,Folding Table Portable,1,77.09,5,73.24,9.28,17.71,PayPal,2025,7,July,Q3,Tuesday,24.180775532495907,77.09473684210526,3.854736842105268
ORD-11150,2025-07-16,Emma Sharma,Consumer,UAE,Middle East & Africa,Technology,Tablet Stand Holder,12,29.22,20,280.51,32.57,55.09,PayPal,2025,7,July,Q3,Wednesday,19.639228548001856,350.6375,70.1275
ORD-11213,2025-07-16,David Nilsson,Consumer,Japan,Asia Pacific,Clothing & Accessories,Travel Backpack 30L,2,94.59,10,170.26,12.29,63.38,Cash on Delivery,2025,7,July,Q3,Wednesday,37.225419945965,189.17777777777778,18.917777777777786
ORD-11630,2025-07-16,Giulia Russo,Corporate,Japan,Asia Pacific,Office Supplies,Tape Dispenser Heavy Duty,2,22.61,20,36.18,11.67,4.16,PayPal,2025,7,July,Q3,Wednesday,11.498065229408514,45.224999999999994,9.044999999999995
ORD-10089,2025-07-17,Li Suzuki,Consumer,Canada,North America,Furniture,Standing Desk Converter,2,178.14,0,356.28,9.81,132.7,PayPal,2025,7,July,Q3,Thursday,37.24598630290782,356.28,0.0
ORD-10598,2025-07-17,Ingrid Pereira,Corporate,Japan,Asia Pacific,Furniture,Mesh Back Task Chair,4,274.79,5,1044.2,18.5,366.2,Bank Transfer,2025,7,July,Q3,Thursday,35.069909978931236,1099.1578947368423,54.95789473684226
ORD-10094,2025-07-18,Patricia Garcia,Corporate,Canada,North America,Furniture,Desk Organizer Set,2,29.02,25,43.53,8.38,0.33,Cash on Delivery,2025,7,July,Q3,Friday,0.7580978635423846,58.04,14.509999999999998
ORD-11072,2025-07-18,Oscar Chen,Corporate,Mexico,North America,Technology,Mechanical Gaming Keyboard,7,143.11,25,751.33,19.7,180.66,PayPal,2025,7,July,Q3,Friday,24.04535956237605,1001.7733333333334,250.44333333333338
ORD-10603,2025-07-19,Noah Russo,Consumer,United Kingdom,Europe,Clothing & Accessories,Business Casual Blazer,8,94.55,10,680.76,22.09,280.47,PayPal,2025,7,July,Q3,Saturday,41.19954168870087,756.4,75.63999999999999
ORD-10875,2025-07-19,Patricia Pereira,Corporate,Spain,Europe,Furniture,Corner L-Shaped Desk,4,367.48,10,1322.93,9.83,431.15,Credit Card,2025,7,July,Q3,Saturday,32.59053767017151,1469.9222222222222,146.99222222222215
ORD-11516,2025-07-19,Michael Ahmed,Consumer,Canada,North America,Furniture,Corner L-Shaped Desk,2,196.01,0,392.02,9.09,147.72,Credit Card,2025,7,July,Q3,Saturday,37.681750931074944,392.02,0.0
ORD-11854,2025-07-19,Richard Sharma,Consumer,Italy,Europe,Technology,USB-C Hub Multiport Adapter,1,44.78,10,40.3,8.85,6.82,Cash on Delivery,2025,7,July,Q3,Saturday,16.923076923076923,44.77777777777777,4.477777777777774
ORD-10205,2025-07-20,Clara Dubois,Corporate,India,Asia Pacific,Clothing & Accessories,Wool Blend Scarf,7,41.19,20,230.66,13.8,72.7,Cash on Delivery,2025,7,July,Q3,Sunday,31.518251972600364,288.325,57.66499999999999
ORD-10334,2025-07-20,Ethan Santos,Consumer,China,Asia Pacific,Clothing & Accessories,Travel Backpack 30L,1,30.37,5,28.85,10.62,3.05,PayPal,2025,7,July,Q3,Sunday,10.571923743500864,30.368421052631582,1.518421052631581
ORD-10895,2025-07-20,Mary Anderson,Consumer,Australia,Asia Pacific,Technology,Smart LED Desk Lamp,1,46.12,5,43.81,10.98,7.46,Credit Card,2025,7,July,Q3,Sunday,17.028075781784977,46.11578947368422,2.3057894736842144
ORD-11012,2025-07-20,Diego Russo,Consumer,Colombia,South America,Furniture,Bookshelf 5-Tier,7,123.59,0,865.13,17.52,328.53,Bank Transfer,2025,7,July,Q3,Sunday,37.974639649532435,865.13,0.0
ORD-11063,2025-07-21,Jamal Taylor,Consumer,United States,North America,Clothing & Accessories,Travel Backpack 30L,2,85.59,0,171.18,8.25,77.34,Credit Card,2025,7,July,Q3,Monday,45.180511742025935,171.18,0.0
ORD-10036,2025-07-23,Xiao Brown,Corporate,Brazil,South America,Technology,Wireless Ergonomic Mouse,12,53.38,10,576.5,38.8,185.39,Cash on Delivery,2025,7,July,Q3,Wednesday,32.157849089332174,640.5555555555555,64.05555555555554
ORD-10280,2025-07-23,Mia Santos,Consumer,Canada,North America,Technology,Smart LED Desk Lamp,3,59.5,5,169.57,11.82,59.57,Credit Card,2025,7,July,Q3,Wednesday,35.13003479389043,178.49473684210525,8.924736842105261
ORD-11214,2025-07-23,Hanna Park,Corporate,South Africa,Middle East & Africa,Technology,Noise Cancelling Earbuds,3,87.29,10,235.68,14.8,76.85,Cash on Delivery,2025,7,July,Q3,Wednesday,32.60777325186693,261.8666666666667,26.186666666666667
ORD-10065,2025-07-24,Raj Sato,Home Office,Brazil,South America,Office Supplies,Binder Clips Assorted 48pc,3,7.1,10,19.17,12.32,-2.73,Credit Card,2025,7,July,Q3,Thursday,-14.241001564945224,21.3,2.129999999999999
ORD-10934,2025-07-24,Clara Brown,Home Office,Germany,Europe,Office Supplies,Premium Notebook Set A5,1,21.92,10,19.73,8.01,1.86,Bank Transfer,2025,7,July,Q3,Thursday,9.4272681196148,21.92222222222222,2.1922222222222203
ORD-11400,2025-07-24,Linda Hassan,Corporate,Australia,Asia Pacific,Furniture,Mesh Back Task Chair,1,279.65,10,251.68,9.76,74.13,Credit Card,2025,7,July,Q3,Thursday,29.454068658614112,279.64444444444445,27.96444444444444
ORD-10115,2025-07-25,Ali Harris,Consumer,Canada,North America,Technology,Wireless Ergonomic Mouse,1,49.84,5,47.35,5.98,13.96,Credit Card,2025,7,July,Q3,Friday,29.48257655755016,49.8421052631579,2.492105263157896
ORD-11977,2025-07-25,Li Smith,Consumer,Japan,Asia Pacific,Furniture,Standing Desk Converter,1,271.05,10,243.95,10.25,71.07,Credit Card,2025,7,July,Q3,Friday,29.13301906128305,271.05555555555554,27.105555555555554
ORD-10683,2025-07-26,Mia Wang,Corporate,Australia,Asia Pacific,Technology,Webcam HD 1080p,3,77.91,5,222.04,13.07,80.42,Cash on Delivery,2025,7,July,Q3,Saturday,36.218699333453436,233.7263157894737,11.686315789473696
ORD-10913,2025-07-26,Nadia Leroy,Corporate,United States,North America,Furniture,Filing Cabinet 3-Drawer,9,109.79,25,741.08,15.31,132.9,Credit Card,2025,7,July,Q3,Saturday,17.93328655475792,988.1066666666667,247.02666666666664
ORD-11241,2025-07-26,William Robinson,Consumer,South Korea,Asia Pacific,Clothing & Accessories,Business Casual Blazer,2,116.48,5,221.31,10.72,94.11,Cash on Delivery,2025,7,July,Q3,Saturday,42.524061271519585,232.95789473684212,11.647894736842119
ORD-11525,2025-07-26,Omar Russo,Corporate,Colombia,South America,Office Supplies,Highlighters Neon Pack 6,8,5.71,10,41.11,26.4,-5.85,PayPal,2025,7,July,Q3,Saturday,-14.230114327414253,45.67777777777778,4.567777777777778
ORD-11923,2025-07-26,Omar Park,Consumer,India,Asia Pacific,Clothing & Accessories,Wool Blend Scarf,1,56.01,25,42.01,11.23,2.77,Credit Card,2025,7,July,Q3,Saturday,6.593668174244229,56.01333333333333,14.00333333333333
ORD-10226,2025-07-27,Jennifer White,Home Office,France,Europe,Clothing & Accessories,Cotton Formal Shirt,3,49.04,10,132.41,10.87,47.98,PayPal,2025,7,July,Q3,Sunday,36.235933841854845,147.1222222222222,14.71222222222221
ORD-10477,2025-07-27,Jessica Johnson,Consumer,Germany,Europe,Clothing & Accessories,Leather Belt Classic,5,15.17,25,56.89,12.81,6.16,Bank Transfer,2025,7,July,Q3,Sunday,10.827913517314116,75.85333333333334,18.96333333333334
ORD-10746,2025-07-28,Ivan Laurent,Home Office,Germany,Europe,Furniture,Bookshelf 5-Tier,1,137.39,5,130.52,8.07,40.02,PayPal,2025,7,July,Q3,Monday,30.661967514557155,137.38947368421054,6.869473684210533
ORD-11095,2025-07-29,Mia Harris,Consumer,South Korea,Asia Pacific,Furniture,Bookshelf 5-Tier,1,95.66,0,95.66,10.25,28.01,PayPal,2025,7,July,Q3,Tuesday,29.28078611749948,95.66,0.0
ORD-11838,2025-07-29,Barbara Robinson,Consumer,Mexico,North America,Clothing & Accessories,Canvas Messenger Bag,8,45.61,20,291.9,10.2,99.26,Cash on Delivery,2025,7,July,Q3,Tuesday,34.00479616306955,364.87499999999994,72.97499999999997
ORD-11118,2025-07-31,Mia Johnson,Consumer,Spain,Europe,Furniture,Desk Organizer Set,1,27.82,5,26.43,7.75,1.99,PayPal,2025,7,July,Q3,Thursday,7.5293227393113895,27.821052631578947,1.3910526315789475
ORD-11439,2025-07-31,Maria Rodriguez,Consumer,United Kingdom,Europe,Clothing & Accessories,Travel Backpack 30L,3,107.11,5,305.26,11.77,132.82,Credit Card,2025,7,July,Q3,Thursday,43.510450108104564,321.3263157894737,16.06631578947372
ORD-10770,2025-08-01,Amir Thompson,Corporate,Colombia,South America,Technology,Webcam HD 1080p,5,81.71,20,326.84,22.16,79.98,PayPal,2025,8,August,Q3,Friday,24.470689022151515,408.54999999999995,81.70999999999998
ORD-11176,2025-08-01,Carlos Thomas,Home Office,Canada,North America,Technology,Wireless Ergonomic Mouse,1,31.28,0,31.28,7.32,6.76,Credit Card,2025,8,August,Q3,Friday,21.611253196930942,31.28,0.0
ORD-10310,2025-08-02,Michael Oliveira,Corporate,Colombia,South America,Office Supplies,Ballpoint Pen Pack 12,1,8.78,0,8.78,11.95,-7.12,PayPal,2025,8,August,Q3,Saturday,-81.09339407744875,8.78,0.0
ORD-10397,2025-08-02,Yuki Robinson,Consumer,South Africa,Middle East & Africa,Technology,Portable External SSD 1TB,1,115.18,5,109.42,11.78,34.29,Bank Transfer,2025,8,August,Q3,Saturday,31.33796380917565,115.17894736842106,5.758947368421062
ORD-11289,2025-08-03,Sophie Martin,Consumer,Canada,North America,Furniture,Standing Desk Converter,1,111.03,0,111.03,7.07,37.34,Credit Card,2025,8,August,Q3,Sunday,33.630550301720255,111.03,0.0
ORD-10627,2025-08-04,Oscar Müller,Consumer,United States,North America,Technology,Wireless Ergonomic Mouse,5,39.06,15,166.0,11.47,47.11,Credit Card,2025,8,August,Q3,Monday,28.379518072289155,195.29411764705884,29.29411764705884
ORD-10410,2025-08-05,Karen Patel,Consumer,South Africa,Middle East & Africa,Office Supplies,Binder Clips Assorted 48pc,1,15.21,5,14.45,12.63,-5.02,PayPal,2025,8,August,Q3,Tuesday,-34.740484429065745,15.210526315789474,0.760526315789475
ORD-11465,2025-08-05,Kenji Santos,Home Office,France,Europe,Office Supplies,Ballpoint Pen Pack 12,3,15.81,10,42.69,11.47,9.88,Bank Transfer,2025,8,August,Q3,Tuesday,23.14359334738815,47.43333333333333,4.743333333333332
ORD-11264,2025-08-06,Sophie Sato,Consumer,Mexico,North America,Furniture,Floating Wall Shelves Set,3,41.55,5,118.42,7.02,36.61,PayPal,2025,8,August,Q3,Wednesday,30.91538591454146,124.65263157894738,6.232631578947377
ORD-11619,2025-08-06,Emma Sato,Consumer,South Korea,Asia Pacific,Furniture,Desk Organizer Set,1,30.49,15,25.92,10.67,-3.04,Cash on Delivery,2025,8,August,Q3,Wednesday,-11.728395061728394,30.494117647058825,4.574117647058824
ORD-10670,2025-08-07,Carlos Sharma,Corporate,Japan,Asia Pacific,Clothing & Accessories,Polarized Sunglasses,4,35.06,10,126.22,11.96,44.14,Credit Card,2025,8,August,Q3,Thursday,34.97068610362859,140.24444444444444,14.024444444444441
ORD-10118,2025-08-09,Noah Rodriguez,Consumer,Germany,Europe,Clothing & Accessories,Leather Wallet Minimalist,6,46.59,0,279.54,19.31,120.46,PayPal,2025,8,August,Q3,Saturday,43.09222293768333,279.54,0.0
ORD-11621,2025-08-09,Carlos Sharma,Consumer,United States,North America,Clothing & Accessories,Leather Wallet Minimalist,1,36.3,5,34.48,6.35,9.98,Credit Card,2025,8,August,Q3,Saturday,28.944315545243622,36.29473684210526,1.8147368421052619
ORD-10985,2025-08-10,Ethan Wang,Corporate,Brazil,South America,Technology,Wireless Bluetooth Headphones,2,139.35,10,250.83,11.26,86.29,Cash on Delivery,2025,8,August,Q3,Sunday,34.40178607024678,278.7,27.869999999999976
ORD-11180,2025-08-10,Robert Thomas,Consumer,Spain,Europe,Clothing & Accessories,Travel Backpack 30L,4,39.23,20,125.54,10.84,36.24,Bank Transfer,2025,8,August,Q3,Sunday,28.86729329297435,156.925,31.385000000000005
ORD-10763,2025-08-11,Mary Khan,Corporate,China,Asia Pacific,Office Supplies,Whiteboard Markers Set 8,3,20.38,10,55.03,14.11,13.41,PayPal,2025,8,August,Q3,Monday,24.368526258404508,61.144444444444446,6.114444444444445
ORD-11112,2025-08-13,Felix Leroy,Corporate,Spain,Europe,Clothing & Accessories,Sports Water Bottle 750ml,4,15.79,15,53.69,14.99,7.12,Bank Transfer,2025,8,August,Q3,Wednesday,13.26131495623021,63.16470588235294,9.474705882352943
ORD-10369,2025-08-16,Wei Sharma,Consumer,UAE,Middle East & Africa,Clothing & Accessories,Business Casual Blazer,5,79.7,15,338.72,21.72,117.75,Bank Transfer,2025,8,August,Q3,Saturday,34.763226263580535,398.4941176470589,59.77411764705886
ORD-10800,2025-08-16,Kenji Williams,Home Office,Germany,Europe,Clothing & Accessories,Leather Wallet Minimalist,11,28.85,5,301.48,31.33,111.48,PayPal,2025,8,August,Q3,Saturday,36.977577285392066,317.3473684210527,15.867368421052674
ORD-11420,2025-08-16,Olga Yamamoto,Corporate,Germany,Europe,Technology,Portable External SSD 1TB,4,141.99,0,567.96,15.11,240.47,Bank Transfer,2025,8,August,Q3,Saturday,42.33924924290442,567.96,0.0
ORD-11366,2025-08-17,Ingrid Nilsson,Corporate,South Korea,Asia Pacific,Furniture,Floating Wall Shelves Set,6,70.12,10,378.65,13.58,112.64,Credit Card,2025,8,August,Q3,Sunday,29.747788194902945,420.7222222222222,42.072222222222194
ORD-10393,2025-08-18,William Chen,Corporate,Mexico,North America,Office Supplies,Whiteboard Markers Set 8,2,8.94,10,16.09,6.66,1.38,Credit Card,2025,8,August,Q3,Monday,8.576755748912369,17.877777777777776,1.7877777777777766
ORD-11899,2025-08-20,Ivan Nilsson,Corporate,United Kingdom,Europe,Clothing & Accessories,Polarized Sunglasses,3,45.19,15,115.23,9.71,37.74,Credit Card,2025,8,August,Q3,Wednesday,32.75188752928925,135.56470588235294,20.334705882352935
ORD-10028,2025-08-21,Ahmed Johansson,Corporate,United Kingdom,Europe,Technology,Wireless Ergonomic Mouse,6,37.48,20,179.9,12.68,43.54,PayPal,2025,8,August,Q3,Thursday,24.202334630350194,224.875,44.974999999999994
ORD-11669,2025-08-22,Amina Sharma,Consumer,Canada,North America,Office Supplies,Ballpoint Pen Pack 12,1,12.12,10,10.91,6.34,-0.88,Cash on Delivery,2025,8,August,Q3,Friday,-8.065994500458295,12.122222222222222,1.2122222222222216
ORD-10451,2025-08-23,Elizabeth Williams,Corporate,United Kingdom,Europe,Clothing & Accessories,Travel Backpack 30L,4,33.66,0,134.64,10.38,56.94,Credit Card,2025,8,August,Q3,Saturday,42.29055258467023,134.64,0.0
ORD-10221,2025-08-24,James Williams,Home Office,United States,North America,Furniture,Bookshelf 5-Tier,10,85.05,0,850.5,26.06,314.14,Bank Transfer,2025,8,August,Q3,Sunday,36.93592004703115,850.5,0.0
ORD-11905,2025-08-24,Xiao Santos,Consumer,Colombia,South America,Technology,Wireless Bluetooth Headphones,5,175.98,0,879.9,21.15,374.8,Bank Transfer,2025,8,August,Q3,Sunday,42.59574951699057,879.9,0.0
ORD-10781,2025-08-25,Ava Fischer,Corporate,Germany,Europe,Technology,Wireless Bluetooth Headphones,13,161.29,20,1677.42,27.16,497.04,Credit Card,2025,8,August,Q3,Monday,29.63121937260793,2096.775,419.355
ORD-11354,2025-08-25,Olga Leroy,Corporate,UAE,Middle East & Africa,Furniture,Corner L-Shaped Desk,1,377.92,0,377.92,13.11,138.06,PayPal,2025,8,August,Q3,Monday,36.531541066892466,377.92,0.0
ORD-10287,2025-08-26,Hans Oliveira,Consumer,South Korea,Asia Pacific,Office Supplies,Whiteboard Markers Set 8,1,17.45,15,14.83,9.94,-2.96,Credit Card,2025,8,August,Q3,Tuesday,-19.959541469993255,17.447058823529414,2.6170588235294137
ORD-10164,2025-08-27,Hanna Sato,Consumer,Spain,Europe,Technology,Mechanical Gaming Keyboard,4,89.1,15,302.94,16.32,90.6,PayPal,2025,8,August,Q3,Wednesday,29.906912259853435,356.40000000000003,53.460000000000036
ORD-10739,2025-08-27,Amir Brown,Home Office,Italy,Europe,Technology,Mechanical Gaming Keyboard,9,162.84,10,1319.0,16.36,496.58,PayPal,2025,8,August,Q3,Wednesday,37.648218347232756,1465.5555555555554,146.55555555555543
ORD-10307,2025-08-28,Ali Kim,Home Office,United Kingdom,Europe,Technology,Mechanical Gaming Keyboard,2,67.73,15,115.14,10.18,30.46,Cash on Delivery,2025,8,August,Q3,Thursday,26.45475073823172,135.45882352941177,20.318823529411773
ORD-10610,2025-08-28,Emma Wang,Consumer,Australia,Asia Pacific,Technology,Smart LED Desk Lamp,5,56.91,10,256.09,13.57,86.02,Cash on Delivery,2025,8,August,Q3,Thursday,33.58975360224921,284.5444444444444,28.454444444444448
ORD-11971,2025-08-28,William Martin,Corporate,United States,North America,Clothing & Accessories,Leather Wallet Minimalist,1,20.71,10,18.64,7.24,1.04,Credit Card,2025,8,August,Q3,Thursday,5.579399141630901,20.711111111111112,2.0711111111111116
ORD-10458,2025-08-29,Wei Thompson,Consumer,United States,North America,Furniture,Bookshelf 5-Tier,1,153.82,10,138.44,6.07,40.08,PayPal,2025,8,August,Q3,Friday,28.951170182028314,153.82222222222222,15.382222222222225
ORD-11140,2025-08-29,Jennifer Robinson,Consumer,United Kingdom,Europe,Clothing & Accessories,Polarized Sunglasses,8,75.6,10,544.32,14.7,227.22,Credit Card,2025,8,August,Q3,Friday,41.74382716049382,604.8000000000001,60.48000000000002
ORD-10037,2025-08-30,Ivan Costa,Home Office,Germany,Europe,Furniture,Filing Cabinet 3-Drawer,2,222.78,15,378.73,9.94,101.45,Credit Card,2025,8,August,Q3,Saturday,26.786893037256092,445.564705882353,66.83470588235298
ORD-11894,2025-08-31,Elizabeth Miller,Home Office,United States,North America,Furniture,Floating Wall Shelves Set,7,80.08,10,504.5,16.07,152.09,Credit Card,2025,8,August,Q3,Sunday,30.146679881070366,560.5555555555555,56.05555555555554
ORD-10486,2025-09-01,Lucas Romano,Consumer,France,Europe,Clothing & Accessories,Cotton Formal Shirt,5,38.66,0,193.3,12.1,84.55,PayPal,2025,9,September,Q3,Monday,43.74030005173306,193.3,0.0
ORD-10351,2025-09-02,Fatima Johnson,Consumer,France,Europe,Furniture,Floating Wall Shelves Set,3,95.44,0,286.32,14.19,100.34,PayPal,2025,9,September,Q3,Tuesday,35.04470522492317,286.32,0.0
ORD-10798,2025-09-02,Pierre Anderson,Corporate,China,Asia Pacific,Furniture,Monitor Riser Wood,10,61.71,10,555.39,27.35,157.78,Credit Card,2025,9,September,Q3,Tuesday,28.408865842020926,617.1,61.710000000000036
ORD-10965,2025-09-02,Clara Robinson,Consumer,Italy,Europe,Furniture,Bookshelf 5-Tier,2,161.02,0,322.04,10.83,117.99,PayPal,2025,9,September,Q3,Tuesday,36.63830580052167,322.04,0.0
ORD-11990,2025-09-02,Jennifer Clark,Corporate,Saudi Arabia,Middle East & Africa,Office Supplies,Stapler Full-Size,2,11.64,10,20.95,13.33,-2.86,Credit Card,2025,9,September,Q3,Tuesday,-13.651551312649165,23.277777777777775,2.3277777777777757
ORD-10986,2025-09-03,Robert Leroy,Consumer,India,Asia Pacific,Clothing & Accessories,Leather Belt Classic,2,17.55,20,28.08,11.1,-0.57,Credit Card,2025,9,September,Q3,Wednesday,-2.02991452991453,35.099999999999994,7.019999999999996
ORD-11620,2025-09-03,Pierre Costa,Corporate,United States,North America,Technology,Smart LED Desk Lamp,1,62.48,15,53.11,5.86,12.89,Bank Transfer,2025,9,September,Q3,Wednesday,24.270382225569573,62.48235294117647,9.372352941176473
ORD-10771,2025-09-05,Ayumi Singh,Consumer,Spain,Europe,Office Supplies,Paper Clips Box 500pc,5,5.25,0,26.25,12.14,2.3,Credit Card,2025,9,September,Q3,Friday,8.761904761904761,26.25,0.0
ORD-11087,2025-09-05,Thomas Oliveira,Corporate,UAE,Middle East & Africa,Furniture,Standing Desk Converter,1,241.54,15,205.31,13.18,47.21,Credit Card,2025,9,September,Q3,Friday,22.994496127806734,241.54117647058825,36.23117647058825
ORD-11075,2025-09-06,Nadia Ahmed,Consumer,Spain,Europe,Office Supplies,Stapler Full-Size,3,7.54,0,22.62,10.42,2.02,Credit Card,2025,9,September,Q3,Saturday,8.930150309460654,22.62,0.0
ORD-10053,2025-09-07,Diego Miller,Home Office,Australia,Asia Pacific,Furniture,Bookshelf 5-Tier,2,195.17,15,331.79,10.46,87.13,Credit Card,2025,9,September,Q3,Sunday,26.260586515567073,390.34117647058827,58.551176470588246
ORD-11086,2025-09-07,Amina Nilsson,Consumer,Australia,Asia Pacific,Technology,USB-C Hub Multiport Adapter,4,37.45,5,142.31,17.43,42.49,Credit Card,2025,9,September,Q3,Sunday,29.857353664535168,149.8,7.490000000000009
ORD-10166,2025-09-08,Jennifer Pereira,Consumer,Saudi Arabia,Middle East & Africa,Technology,Webcam HD 1080p,8,48.19,0,385.52,18.04,155.44,Bank Transfer,2025,9,September,Q3,Monday,40.319568375181575,385.52,0.0
ORD-10185,2025-09-08,Sarah Clark,Consumer,Brazil,South America,Furniture,Mesh Back Task Chair,2,293.43,10,528.17,12.96,163.09,PayPal,2025,9,September,Q3,Monday,30.87831569381071,586.8555555555555,58.68555555555554
ORD-10234,2025-09-08,Sophie Sharma,Consumer,Spain,Europe,Technology,Portable External SSD 1TB,2,94.47,10,170.05,11.19,54.94,Credit Card,2025,9,September,Q3,Monday,32.30814466333431,188.94444444444446,18.894444444444446
ORD-10145,2025-09-09,Ali Wang,Consumer,India,Asia Pacific,Furniture,Monitor Riser Wood,3,40.83,5,116.37,15.87,27.01,Credit Card,2025,9,September,Q3,Tuesday,23.210449428546877,122.49473684210527,6.124736842105264
ORD-10671,2025-09-09,Diego Sharma,Corporate,United Kingdom,Europe,Technology,Laptop Stand Adjustable,1,68.69,10,61.82,8.79,15.25,PayPal,2025,9,September,Q3,Tuesday,24.668392106114524,68.68888888888888,6.868888888888883
ORD-11794,2025-09-09,Ali Miller,Consumer,India,Asia Pacific,Furniture,Ergonomic Office Chair,2,396.83,10,714.29,12.78,225.31,Bank Transfer,2025,9,September,Q3,Tuesday,31.543210740735557,793.6555555555555,79.36555555555549
ORD-10111,2025-09-11,Sakura Nilsson,Corporate,UAE,Middle East & Africa,Clothing & Accessories,Sports Water Bottle 750ml,4,28.55,10,102.78,14.0,31.68,Credit Card,2025,9,September,Q3,Thursday,30.823117338003502,114.2,11.420000000000002
ORD-10643,2025-09-11,Marco Tanaka,Consumer,Italy,Europe,Technology,USB-C Hub Multiport Adapter,1,52.17,20,41.74,7.51,5.54,Cash on Delivery,2025,9,September,Q3,Thursday,13.27264015333014,52.175,10.434999999999995
ORD-11831,2025-09-14,Raj Thompson,Consumer,Argentina,South America,Office Supplies,Sticky Notes Multicolor 6-Pack,2,14.53,15,24.7,12.13,-0.51,Bank Transfer,2025,9,September,Q3,Sunday,-2.064777327935223,29.058823529411764,4.358823529411765
ORD-10555,2025-09-15,Ahmed Russo,Consumer,Japan,Asia Pacific,Technology,Mechanical Gaming Keyboard,3,70.32,15,179.32,16.16,47.13,PayPal,2025,9,September,Q3,Monday,26.282623243363822,210.96470588235294,31.64470588235295
ORD-11046,2025-09-15,Sophie White,Corporate,Spain,Europe,Office Supplies,Paper Clips Box 500pc,3,9.7,5,27.64,13.8,0.75,Credit Card,2025,9,September,Q3,Monday,2.7134587554269176,29.094736842105267,1.454736842105266
ORD-11931,2025-09-15,Kenji Miller,Home Office,India,Asia Pacific,Office Supplies,Sticky Notes Multicolor 6-Pack,9,10.29,0,92.61,30.73,20.21,Cash on Delivery,2025,9,September,Q3,Monday,21.822697332901416,92.61,0.0
ORD-10133,2025-09-16,Patricia Weber,Home Office,France,Europe,Technology,Smart LED Desk Lamp,1,39.87,0,39.87,8.38,9.56,PayPal,2025,9,September,Q3,Tuesday,23.97792826686732,39.87,0.0
ORD-10282,2025-09-16,Patricia Pereira,Corporate,Saudi Arabia,Middle East & Africa,Clothing & Accessories,Cotton Formal Shirt,2,64.38,0,128.76,14.62,49.76,Credit Card,2025,9,September,Q3,Tuesday,38.64554209381796,128.76,0.0
ORD-10290,2025-09-16,Isabella Smith,Corporate,Canada,North America,Clothing & Accessories,Leather Belt Classic,1,42.67,20,34.14,5.71,7.09,PayPal,2025,9,September,Q3,Tuesday,20.767428236672526,42.675,8.534999999999997
ORD-10862,2025-09-16,Isabella Khan,Home Office,Canada,North America,Furniture,Standing Desk Converter,2,330.31,0,660.62,6.51,257.74,Credit Card,2025,9,September,Q3,Tuesday,39.01486482395325,660.62,0.0
ORD-11715,2025-09-16,Olga Weber,Consumer,South Korea,Asia Pacific,Clothing & Accessories,Business Casual Blazer,1,105.62,10,95.06,9.73,32.52,PayPal,2025,9,September,Q3,Tuesday,34.20997264885336,105.62222222222222,10.562222222222218
ORD-11753,2025-09-16,Christopher Rodriguez,Consumer,Spain,Europe,Technology,Noise Cancelling Earbuds,2,195.6,5,371.64,8.2,148.28,PayPal,2025,9,September,Q3,Tuesday,39.89882682165537,391.2,19.560000000000002
ORD-10047,2025-09-17,Karen Suzuki,Consumer,France,Europe,Furniture,Folding Table Portable,6,64.16,15,327.22,11.04,85.2,Cash on Delivery,2025,9,September,Q3,Wednesday,26.03752826844325,384.964705882353,57.744705882352946
ORD-10235,2025-09-19,Robert Tanaka,Corporate,Spain,Europe,Furniture,Folding Table Portable,2,85.22,5,161.92,9.28,50.38,Credit Card,2025,9,September,Q3,Friday,31.11413043478261,170.44210526315788,8.522105263157897
ORD-10386,2025-09-19,Amir Dubois,Home Office,Canada,North America,Clothing & Accessories,Sports Water Bottle 750ml,1,9.94,20,7.95,6.62,-3.64,Bank Transfer,2025,9,September,Q3,Friday,-45.78616352201258,9.9375,1.9874999999999998
ORD-10501,2025-09-19,Clara Hassan,Consumer,Australia,Asia Pacific,Furniture,Bookshelf 5-Tier,1,167.52,0,167.52,10.49,56.52,PayPal,2025,9,September,Q3,Friday,33.739255014326645,167.52,0.0
ORD-10628,2025-09-19,Joseph Wang,Home Office,Italy,Europe,Furniture,Standing Desk Converter,1,237.11,20,189.69,7.78,39.64,Bank Transfer,2025,9,September,Q3,Friday,20.897253413464075,237.11249999999998,47.422499999999985
ORD-11748,2025-09-19,Susan Laurent,Home Office,Colombia,South America,Office Supplies,Tape Dispenser Heavy Duty,6,20.04,10,108.22,13.93,40.18,PayPal,2025,9,September,Q3,Friday,37.128072445019406,120.24444444444444,12.024444444444441
ORD-10536,2025-09-20,Joseph Weber,Consumer,Spain,Europe,Furniture,Standing Desk Converter,7,311.46,0,2180.22,11.81,860.28,Cash on Delivery,2025,9,September,Q3,Saturday,39.4584032804029,2180.22,0.0
ORD-10653,2025-09-22,Amir Ferrari,Corporate,Argentina,South America,Furniture,Desk Organizer Set,2,42.2,15,71.74,12.37,8.73,Credit Card,2025,9,September,Q3,Monday,12.168943406746587,84.39999999999999,12.659999999999997
ORD-11721,2025-09-22,Elizabeth Zhang,Corporate,Canada,North America,Clothing & Accessories,Leather Wallet Minimalist,8,15.3,10,110.16,9.77,39.19,Cash on Delivery,2025,9,September,Q3,Monday,35.57552650689905,122.39999999999999,12.239999999999995
ORD-10548,2025-09-23,Chen Chen,Consumer,South Korea,Asia Pacific,Furniture,Folding Table Portable,4,72.47,10,260.89,14.16,72.8,Credit Card,2025,9,September,Q3,Tuesday,27.90448081566944,289.87777777777774,28.98777777777775
ORD-10940,2025-09-23,Robert Rodriguez,Consumer,Italy,Europe,Office Supplies,Tape Dispenser Heavy Duty,12,9.02,5,102.83,26.58,27.54,Cash on Delivery,2025,9,September,Q3,Tuesday,26.78206749003209,108.2421052631579,5.412105263157898
ORD-11541,2025-09-23,Sarah Weber,Home Office,United States,North America,Furniture,Mesh Back Task Chair,6,118.21,15,602.87,11.16,166.15,Credit Card,2025,9,September,Q3,Tuesday,27.55983877121104,709.2588235294118,106.38882352941175
ORD-10313,2025-09-24,Noah Fischer,Consumer,France,Europe,Office Supplies,Desk Calendar 2025,1,15.04,0,15.04,9.15,-0.88,Cash on Delivery,2025,9,September,Q3,Wednesday,-5.851063829787234,15.04,0.0
ORD-10319,2025-09-24,Hans Laurent,Consumer,South Africa,Middle East & Africa,Office Supplies,Stapler Full-Size,7,7.09,5,47.15,17.72,7.1,PayPal,2025,9,September,Q3,Wednesday,15.058324496288442,49.631578947368425,2.481578947368426
ORD-10269,2025-09-25,Chen Martinez,Consumer,Japan,Asia Pacific,Furniture,Bookshelf 5-Tier,1,103.88,5,98.69,9.92,26.44,Bank Transfer,2025,9,September,Q3,Thursday,26.79096159691965,103.8842105263158,5.1942105263158
ORD-10505,2025-09-25,Fatima Weber,Consumer,Italy,Europe,Office Supplies,Stapler Full-Size,4,15.78,10,56.81,13.58,14.83,PayPal,2025,9,September,Q3,Thursday,26.104559056504133,63.12222222222222,6.312222222222218
ORD-10960,2025-09-25,Olivia Ali,Home Office,Canada,North America,Office Supplies,Highlighters Neon Pack 6,4,10.63,5,40.39,11.15,10.11,Credit Card,2025,9,September,Q3,Thursday,25.030948254518442,42.515789473684215,2.1257894736842147
ORD-11040,2025-09-25,Diego Ferrari,Corporate,Germany,Europe,Clothing & Accessories,Business Casual Blazer,1,78.87,25,59.15,8.91,10.8,PayPal,2025,9,September,Q3,Thursday,18.258664412510566,78.86666666666666,19.71666666666666
ORD-10552,2025-09-26,Zara Williams,Consumer,Spain,Europe,Technology,Wireless Bluetooth Headphones,2,153.3,5,291.27,8.25,114.39,Cash on Delivery,2025,9,September,Q3,Friday,39.2728396333299,306.6,15.330000000000041
ORD-10689,2025-09-26,Layla Sharma,Corporate,Nigeria,Middle East & Africa,Technology,Wireless Bluetooth Headphones,2,171.18,10,308.12,12.02,107.8,Cash on Delivery,2025,9,September,Q3,Friday,34.98636894716344,342.35555555555555,34.23555555555555
ORD-10972,2025-09-26,Isabella White,Corporate,Japan,Asia Pacific,Office Supplies,Stapler Full-Size,3,11.89,25,26.75,12.8,-2.1,PayPal,2025,9,September,Q3,Friday,-7.850467289719626,35.666666666666664,8.916666666666664
ORD-10170,2025-09-27,Fatima Li,Corporate,Mexico,North America,Technology,Noise Cancelling Earbuds,10,198.45,10,1786.05,26.78,667.79,Credit Card,2025,9,September,Q3,Saturday,37.38921082836427,1984.5,198.45000000000005
ORD-11044,2025-09-27,Ingrid Wang,Corporate,United States,North America,Office Supplies,Premium Notebook Set A5,7,13.33,10,83.98,10.58,31.41,Credit Card,2025,9,September,Q3,Saturday,37.40176232436294,93.31111111111112,9.331111111111113
ORD-10850,2025-09-28,Ethan Chen,Consumer,Canada,North America,Office Supplies,Sticky Notes Multicolor 6-Pack,2,4.32,0,8.64,9.4,-4.65,PayPal,2025,9,September,Q3,Sunday,-53.81944444444444,8.64,0.0
ORD-11071,2025-09-28,Fatima Zhang,Consumer,India,Asia Pacific,Technology,Webcam HD 1080p,2,62.91,10,113.24,11.57,32.47,PayPal,2025,9,September,Q3,Sunday,28.673613564111623,125.82222222222221,12.582222222222214
ORD-10195,2025-09-29,Maria Ahmed,Consumer,France,Europe,Furniture,Desk Organizer Set,4,41.86,10,150.7,11.78,38.46,Bank Transfer,2025,9,September,Q3,Monday,25.520902455209026,167.44444444444443,16.74444444444444
ORD-10204,2025-09-29,Sophie Martinez,Corporate,Nigeria,Middle East & Africa,Technology,Portable External SSD 1TB,2,116.5,0,233.0,15.18,89.67,Bank Transfer,2025,9,September,Q3,Monday,38.48497854077254,233.0,0.0
ORD-10542,2025-09-29,Thomas Hassan,Corporate,Saudi Arabia,Middle East & Africa,Furniture,Mesh Back Task Chair,3,190.05,10,513.14,17.04,154.01,Bank Transfer,2025,9,September,Q3,Monday,30.013251744163384,570.1555555555556,57.01555555555558
ORD-10368,2025-09-30,Yuki Miller,Consumer,Australia,Asia Pacific,Furniture,Folding Table Portable,2,63.03,10,113.45,10.28,27.53,Cash on Delivery,2025,9,September,Q3,Tuesday,24.266196562362275,126.05555555555556,12.605555555555554
ORD-11945,2025-09-30,Sakura Rossi,Consumer,Germany,Europe,Clothing & Accessories,Travel Backpack 30L,4,55.18,20,176.58,14.34,51.88,Cash on Delivery,2025,9,September,Q3,Tuesday,29.380450787178614,220.725,44.14499999999998
ORD-10179,2025-10-01,Emma Johnson,Corporate,Australia,Asia Pacific,Technology,Noise Cancelling Earbuds,2,190.58,15,323.99,12.64,101.71,Credit Card,2025,10,October,Q4,Wednesday,31.39294422667366,381.16470588235296,57.17470588235295
ORD-10299,2025-10-01,Michael Park,Home Office,India,Asia Pacific,Office Supplies,Tape Dispenser Heavy Duty,5,14.09,5,66.93,13.7,21.53,Credit Card,2025,10,October,Q4,Wednesday,32.16793665023158,70.45263157894738,3.522631578947369
ORD-11130,2025-10-01,James Santos,Home Office,Australia,Asia Pacific,Technology,Tablet Stand Holder,6,26.66,0,159.96,19.35,52.63,Credit Card,2025,10,October,Q4,Wednesday,32.90197549387347,159.96,0.0
ORD-11984,2025-10-01,Linda Khan,Consumer,UAE,Middle East & Africa,Technology,Portable External SSD 1TB,2,109.17,5,207.42,13.67,73.66,PayPal,2025,10,October,Q4,Wednesday,35.51248674187639,218.33684210526314,10.916842105263157
ORD-11703,2025-10-02,Zara Oliveira,Home Office,France,Europe,Technology,USB-C Hub Multiport Adapter,10,34.31,10,308.79,21.64,98.44,PayPal,2025,10,October,Q4,Thursday,31.87927070177143,343.1,34.31
ORD-10918,2025-10-03,Richard Ali,Corporate,Mexico,North America,Office Supplies,Paper Clips Box 500pc,4,5.4,5,20.52,10.6,0.2,Credit Card,2025,10,October,Q4,Friday,0.9746588693957117,21.6,1.0800000000000018
ORD-11055,2025-10-03,David Williams,Consumer,United States,North America,Technology,Laptop Stand Adjustable,2,56.99,15,96.88,6.66,27.53,Credit Card,2025,10,October,Q4,Friday,28.416597853014043,113.97647058823529,17.09647058823529
ORD-11567,2025-10-03,Mary Anderson,Consumer,Mexico,North America,Office Supplies,Desk Calendar 2025,2,18.13,5,34.45,9.51,8.62,Bank Transfer,2025,10,October,Q4,Friday,25.021770682148038,36.26315789473685,1.8131578947368467
ORD-10649,2025-10-04,Wei Zhang,Consumer,Germany,Europe,Technology,Laptop Stand Adjustable,2,67.56,5,128.36,9.15,44.89,PayPal,2025,10,October,Q4,Saturday,34.971953879713304,135.11578947368423,6.755789473684217
ORD-10238,2025-10-05,Ava Rossi,Corporate,China,Asia Pacific,Furniture,Bookshelf 5-Tier,1,128.66,5,122.23,9.94,35.09,PayPal,2025,10,October,Q4,Sunday,28.70817311625624,128.66315789473686,6.433157894736851
ORD-10719,2025-10-05,Sophie Tanaka,Consumer,Spain,Europe,Furniture,Filing Cabinet 3-Drawer,3,145.39,5,414.36,11.97,140.69,PayPal,2025,10,October,Q4,Sunday,33.95356694661646,436.16842105263163,21.808421052631616
ORD-10890,2025-10-05,Olga Garcia,Corporate,Mexico,North America,Furniture,Corner L-Shaped Desk,2,301.44,5,572.74,7.89,203.12,Credit Card,2025,10,October,Q4,Sunday,35.46460872298076,602.8842105263159,30.144210526315874
ORD-11052,2025-10-05,Lucas Hassan,Consumer,United Kingdom,Europe,Furniture,Ergonomic Office Chair,4,333.64,5,1267.83,10.24,456.85,Bank Transfer,2025,10,October,Q4,Sunday,36.03401086896509,1334.5578947368422,66.72789473684225
ORD-11200,2025-10-05,Sakura Harris,Corporate,China,Asia Pacific,Technology,Smart LED Desk Lamp,15,57.2,0,858.0,28.7,357.4,Credit Card,2025,10,October,Q4,Sunday,41.655011655011656,858.0,0.0
ORD-11081,2025-10-07,Amir Williams,Consumer,Mexico,North America,Technology,Wireless Ergonomic Mouse,9,60.42,0,543.78,12.46,232.24,Credit Card,2025,10,October,Q4,Tuesday,42.708448269520765,543.78,0.0
ORD-11832,2025-10-07,Giulia Garcia,Corporate,Argentina,South America,Office Supplies,Premium Notebook Set A5,1,9.26,10,8.33,10.71,-6.55,Credit Card,2025,10,October,Q4,Tuesday,-78.63145258103242,9.255555555555555,0.9255555555555546
ORD-10836,2025-10-09,Jessica Garcia,Consumer,Germany,Europe,Office Supplies,Sticky Notes Multicolor 6-Pack,7,13.9,0,97.3,12.19,41.33,Credit Card,2025,10,October,Q4,Thursday,42.47687564234327,97.3,0.0
ORD-10981,2025-10-09,Sophie Leroy,Consumer,Brazil,South America,Technology,Mechanical Gaming Keyboard,1,81.9,10,73.71,10.93,17.73,Credit Card,2025,10,October,Q4,Thursday,24.053724053724057,81.89999999999999,8.189999999999998
ORD-11230,2025-10-09,Liam Rodriguez,Consumer,France,Europe,Furniture,Floating Wall Shelves Set,2,50.77,0,101.54,11.84,28.78,Cash on Delivery,2025,10,October,Q4,Thursday,28.343509946818983,101.54,0.0
ORD-11975,2025-10-09,Kenji Moreau,Consumer,Canada,North America,Technology,Laptop Stand Adjustable,6,35.76,5,203.83,16.97,68.85,Bank Transfer,2025,10,October,Q4,Thursday,33.778148457047536,214.55789473684212,10.727894736842103
ORD-10214,2025-10-10,Felix Robinson,Corporate,China,Asia Pacific,Furniture,Filing Cabinet 3-Drawer,3,164.93,10,445.31,16.37,132.07,Cash on Delivery,2025,10,October,Q4,Friday,29.657991062405962,494.7888888888889,49.47888888888889
ORD-11024,2025-10-10,Zara Wang,Corporate,India,Asia Pacific,Technology,Tablet Stand Holder,1,31.71,20,25.37,9.88,-1.95,Credit Card,2025,10,October,Q4,Friday,-7.686243594797004,31.7125,6.342499999999998
ORD-11096,2025-10-10,Felix Smith,Consumer,South Africa,Middle East & Africa,Furniture,Floating Wall Shelves Set,2,70.85,10,127.53,12.8,29.71,Credit Card,2025,10,October,Q4,Friday,23.296479259782014,141.7,14.169999999999987
ORD-11285,2025-10-10,Ivan Davis,Consumer,United States,North America,Technology,USB-C Hub Multiport Adapter,1,46.96,10,42.26,7.43,9.0,PayPal,2025,10,October,Q4,Friday,21.296734500709892,46.955555555555556,4.695555555555558
ORD-10068,2025-10-11,Amir Tanaka,Home Office,China,Asia Pacific,Clothing & Accessories,Leather Belt Classic,3,35.09,15,89.48,15.75,21.09,PayPal,2025,10,October,Q4,Saturday,23.56951274027716,105.27058823529413,15.790588235294123
ORD-10099,2025-10-11,Robert Khan,Consumer,Argentina,South America,Technology,Tablet Stand Holder,1,31.02,15,26.37,11.99,-2.68,Credit Card,2025,10,October,Q4,Saturday,-10.163064087978764,31.02352941176471,4.653529411764708
ORD-10284,2025-10-12,Michael Smith,Corporate,Canada,North America,Clothing & Accessories,Cotton Formal Shirt,2,57.57,5,109.38,7.11,44.7,PayPal,2025,10,October,Q4,Sunday,40.86670323642348,115.13684210526316,5.756842105263161
ORD-10930,2025-10-12,Maria Weber,Consumer,Nigeria,Middle East & Africa,Technology,Laptop Stand Adjustable,4,66.82,0,267.28,19.9,100.38,Credit Card,2025,10,October,Q4,Sunday,37.556120921879675,267.28,0.0
ORD-11283,2025-10-13,Li Wang,Corporate,China,Asia Pacific,Clothing & Accessories,Cotton Formal Shirt,3,31.44,0,94.32,11.64,35.52,Cash on Delivery,2025,10,October,Q4,Monday,37.65903307888041,94.32,0.0
ORD-11051,2025-10-14,Jennifer Dubois,Consumer,China,Asia Pacific,Technology,Laptop Stand Adjustable,1,32.7,0,32.7,10.93,3.79,Credit Card,2025,10,October,Q4,Tuesday,11.590214067278287,32.7,0.0
ORD-11201,2025-10-14,Elizabeth Garcia,Home Office,South Korea,Asia Pacific,Office Supplies,Whiteboard Markers Set 8,1,21.86,20,17.49,11.22,-3.57,Bank Transfer,2025,10,October,Q4,Tuesday,-20.411663807890225,21.862499999999997,4.372499999999999
ORD-11266,2025-10-14,Chen Tanaka,Home Office,Japan,Asia Pacific,Office Supplies,Ballpoint Pen Pack 12,1,13.39,5,12.72,9.93,-3.24,PayPal,2025,10,October,Q4,Tuesday,-25.471698113207548,13.389473684210527,0.6694736842105264
ORD-11360,2025-10-14,Thomas Smith,Home Office,Canada,North America,Clothing & Accessories,Travel Backpack 30L,5,31.44,0,157.2,11.49,67.11,Cash on Delivery,2025,10,October,Q4,Tuesday,42.69083969465649,157.2,0.0
ORD-11842,2025-10-14,Olivia Anderson,Home Office,Mexico,North America,Office Supplies,Ballpoint Pen Pack 12,4,5.03,5,19.11,12.77,-2.71,Credit Card,2025,10,October,Q4,Tuesday,-14.181057038199896,20.11578947368421,1.0057894736842101
ORD-10097,2025-10-15,Sarah Kim,Consumer,United Kingdom,Europe,Office Supplies,Desk Calendar 2025,3,7.81,0,23.43,11.85,1.04,PayPal,2025,10,October,Q4,Wednesday,4.438753734528382,23.43,0.0
ORD-11482,2025-10-16,James Williams,Corporate,Mexico,North America,Furniture,Floating Wall Shelves Set,6,63.63,10,343.6,17.31,97.22,Cash on Delivery,2025,10,October,Q4,Thursday,28.294528521536666,381.77777777777777,38.17777777777775
ORD-11752,2025-10-16,Ahmed Rodriguez,Home Office,South Africa,Middle East & Africa,Furniture,Bookshelf 5-Tier,4,107.74,10,387.86,18.57,110.71,Credit Card,2025,10,October,Q4,Thursday,28.543804465528794,430.9555555555556,43.09555555555556
ORD-10502,2025-10-17,Sarah Johnson,Consumer,United States,North America,Office Supplies,Desk Calendar 2025,4,11.36,0,45.44,11.98,13.01,Credit Card,2025,10,October,Q4,Friday,28.631161971830988,45.44,0.0
ORD-11192,2025-10-17,Giulia Oliveira,Corporate,Italy,Europe,Clothing & Accessories,Silk Tie Collection,2,31.6,15,53.72,10.11,12.01,Credit Card,2025,10,October,Q4,Friday,22.356664184661206,63.2,9.480000000000004
ORD-11691,2025-10-17,Christopher Davis,Consumer,Australia,Asia Pacific,Technology,Webcam HD 1080p,4,46.59,5,177.04,18.99,55.55,Cash on Delivery,2025,10,October,Q4,Friday,31.377089923181202,186.3578947368421,9.317894736842106
ORD-10733,2025-10-18,Mary Martinez,Corporate,United Kingdom,Europe,Technology,Webcam HD 1080p,2,40.18,0,80.36,10.31,25.85,Credit Card,2025,10,October,Q4,Saturday,32.16774514683923,80.36,0.0
ORD-10809,2025-10-18,William Rodriguez,Corporate,United States,North America,Technology,Tablet Stand Holder,1,36.62,20,29.3,6.08,3.08,Bank Transfer,2025,10,October,Q4,Saturday,10.511945392491468,36.625,7.324999999999999
ORD-10125,2025-10-19,Priya Harris,Home Office,United States,North America,Furniture,Floating Wall Shelves Set,5,38.24,10,172.08,9.65,47.71,PayPal,2025,10,October,Q4,Sunday,27.72547652254765,191.20000000000002,19.120000000000005
ORD-10743,2025-10-19,Liam Smith,Consumer,Germany,Europe,Clothing & Accessories,Cotton Formal Shirt,4,59.6,0,238.4,14.78,104.42,Cash on Delivery,2025,10,October,Q4,Sunday,43.8003355704698,238.4,0.0
ORD-10175,2025-10-20,Jamal Brown,Corporate,Japan,Asia Pacific,Clothing & Accessories,Wool Blend Scarf,6,40.46,0,242.76,18.34,103.04,Credit Card,2025,10,October,Q4,Monday,42.445213379469436,242.76,0.0
ORD-11232,2025-10-20,Felix Fischer,Corporate,Argentina,South America,Office Supplies,Desk Calendar 2025,1,18.81,20,15.05,11.78,-5.19,Cash on Delivery,2025,10,October,Q4,Monday,-34.48504983388705,18.8125,3.7624999999999993
ORD-10431,2025-10-21,Pierre Wang,Corporate,Spain,Europe,Office Supplies,Whiteboard Markers Set 8,3,7.81,15,19.92,9.35,0.03,Bank Transfer,2025,10,October,Q4,Tuesday,0.1506024096385542,23.43529411764706,3.515294117647059
ORD-10729,2025-10-21,Layla Smith,Home Office,Australia,Asia Pacific,Technology,Smart LED Desk Lamp,11,61.28,10,606.67,16.64,219.29,PayPal,2025,10,October,Q4,Tuesday,36.14650468953467,674.0777777777777,67.40777777777771
ORD-11215,2025-10-21,Sophie Martinez,Consumer,United States,North America,Clothing & Accessories,Travel Backpack 30L,11,79.5,0,874.5,14.35,422.9,Credit Card,2025,10,October,Q4,Tuesday,48.35906232132647,874.5,0.0
ORD-11197,2025-10-22,Robert Park,Consumer,United States,North America,Furniture,Monitor Riser Wood,11,43.24,5,451.86,28.8,137.68,Credit Card,2025,10,October,Q4,Wednesday,30.469614482361795,475.64210526315793,23.782105263157916
ORD-10216,2025-10-23,Jennifer Brown,Home Office,France,Europe,Office Supplies,Binder Clips Assorted 48pc,1,12.72,10,11.45,8.73,-3.0,Credit Card,2025,10,October,Q4,Thursday,-26.200873362445414,12.722222222222221,1.2722222222222221
ORD-10731,2025-10-24,Ingrid Jackson,Home Office,China,Asia Pacific,Furniture,Folding Table Portable,8,98.63,5,749.59,25.57,250.6,Credit Card,2025,10,October,Q4,Friday,33.43160927973959,789.042105263158,39.45210526315793
ORD-10251,2025-10-25,Pierre Fischer,Consumer,United Kingdom,Europe,Office Supplies,Tape Dispenser Heavy Duty,4,21.61,10,77.8,9.96,28.94,Bank Transfer,2025,10,October,Q4,Saturday,37.19794344473008,86.44444444444444,8.644444444444446
ORD-11679,2025-10-25,Elizabeth Schmidt,Corporate,Canada,North America,Clothing & Accessories,Business Casual Blazer,2,82.5,15,140.25,8.65,49.1,PayPal,2025,10,October,Q4,Saturday,35.00891265597148,165.0,24.75
ORD-10019,2025-10-26,Linda Zhang,Consumer,Canada,North America,Clothing & Accessories,Sports Water Bottle 750ml,10,11.46,0,114.6,13.72,43.58,PayPal,2025,10,October,Q4,Sunday,38.02792321116929,114.6,0.0
ORD-11773,2025-10-26,Christopher White,Corporate,Mexico,North America,Clothing & Accessories,Business Casual Blazer,7,147.88,5,983.4,18.01,447.81,PayPal,2025,10,October,Q4,Sunday,45.53691275167785,1035.157894736842,51.757894736842104
ORD-11593,2025-10-27,Pierre Weber,Consumer,South Korea,Asia Pacific,Technology,Wireless Bluetooth Headphones,1,249.9,10,224.91,10.6,76.86,PayPal,2025,10,October,Q4,Monday,34.173669467787114,249.89999999999998,24.98999999999998
ORD-11605,2025-10-27,Hans Rossi,Consumer,France,Europe,Technology,Wireless Bluetooth Headphones,8,47.09,10,339.05,20.61,111.24,Bank Transfer,2025,10,October,Q4,Monday,32.80932015926854,376.72222222222223,37.67222222222222
ORD-11010,2025-10-28,Robert Russo,Corporate,India,Asia Pacific,Office Supplies,Premium Notebook Set A5,3,14.48,20,34.75,15.11,0.09,Credit Card,2025,10,October,Q4,Tuesday,0.2589928057553957,43.4375,8.6875
ORD-11334,2025-10-28,Layla Rodriguez,Consumer,China,Asia Pacific,Furniture,Monitor Riser Wood,5,44.91,20,179.64,11.97,32.94,PayPal,2025,10,October,Q4,Tuesday,18.336673346693384,224.54999999999998,44.91
ORD-11646,2025-10-28,Zara Suzuki,Consumer,South Africa,Middle East & Africa,Office Supplies,Whiteboard Markers Set 8,3,17.76,15,45.29,15.75,5.56,Cash on Delivery,2025,10,October,Q4,Tuesday,12.27644071538971,53.28235294117647,7.99235294117647
ORD-11500,2025-10-29,Ali Yamamoto,Consumer,Brazil,South America,Clothing & Accessories,Cotton Formal Shirt,1,40.55,15,34.47,11.54,2.66,PayPal,2025,10,October,Q4,Wednesday,7.716855236437483,40.55294117647059,6.082941176470591
ORD-11531,2025-10-30,Wei White,Home Office,France,Europe,Furniture,Ergonomic Office Chair,3,414.09,10,1118.04,13.11,359.57,PayPal,2025,10,October,Q4,Thursday,32.160745590497655,1242.2666666666667,124.22666666666669
ORD-11972,2025-10-30,Emma Miller,Consumer,Spain,Europe,Clothing & Accessories,Travel Backpack 30L,4,90.28,15,306.95,11.43,114.96,Credit Card,2025,10,October,Q4,Thursday,37.45235380355106,361.11764705882354,54.16764705882355
ORD-10566,2025-10-31,Giulia Harris,Home Office,Italy,Europe,Technology,Wireless Bluetooth Headphones,2,217.52,10,391.54,8.5,143.77,Bank Transfer,2025,10,October,Q4,Friday,36.71910915870665,435.0444444444445,43.50444444444446
ORD-11915,2025-10-31,Jamal Rossi,Consumer,United States,North America,Clothing & Accessories,Polarized Sunglasses,4,70.89,0,283.56,8.25,133.53,Cash on Delivery,2025,10,October,Q4,Friday,47.09056284384257,283.56,0.0
ORD-11125,2025-11-01,Sophie Schmidt,Home Office,Colombia,South America,Furniture,Mesh Back Task Chair,2,178.05,0,356.1,11.65,130.79,PayPal,2025,11,November,Q4,Saturday,36.728447065431055,356.1,0.0
ORD-11490,2025-11-01,Wei Jackson,Home Office,United Kingdom,Europe,Furniture,Standing Desk Converter,10,320.82,20,2566.56,27.0,614.64,Bank Transfer,2025,11,November,Q4,Saturday,23.94800822891341,3208.2,641.6399999999999
ORD-11608,2025-11-01,Isabella Sato,Consumer,Argentina,South America,Clothing & Accessories,Travel Backpack 30L,6,92.98,0,557.88,18.67,260.27,PayPal,2025,11,November,Q4,Saturday,46.65340216534021,557.88,0.0
ORD-11119,2025-11-02,Diego Suzuki,Corporate,Mexico,North America,Technology,USB-C Hub Multiport Adapter,2,61.98,15,105.37,7.76,29.43,Bank Transfer,2025,11,November,Q4,Sunday,27.930150896839706,123.96470588235294,18.59470588235294
ORD-11743,2025-11-02,Xiao Jackson,Consumer,Mexico,North America,Office Supplies,Premium Notebook Set A5,2,24.23,0,48.46,7.91,18.74,Cash on Delivery,2025,11,November,Q4,Sunday,38.67106892282294,48.46,0.0
ORD-10858,2025-11-03,Hans Sato,Corporate,Spain,Europe,Technology,Wireless Bluetooth Headphones,5,248.6,25,932.25,17.13,231.47,Bank Transfer,2025,11,November,Q4,Monday,24.829176722982034,1243.0,310.75
ORD-11256,2025-11-03,Ivan Sato,Consumer,Spain,Europe,Furniture,Corner L-Shaped Desk,2,297.84,15,506.33,8.55,140.37,Bank Transfer,2025,11,November,Q4,Monday,27.723026484703656,595.6823529411764,89.35235294117643
ORD-11940,2025-11-03,Hanna Hassan,Home Office,France,Europe,Technology,Portable External SSD 1TB,6,110.54,10,596.92,21.12,211.02,PayPal,2025,11,November,Q4,Monday,35.35147088387054,663.2444444444444,66.32444444444445
ORD-11987,2025-11-04,Hanna Ferrari,Consumer,Italy,Europe,Technology,Tablet Stand Holder,1,48.57,15,41.28,8.92,5.65,PayPal,2025,11,November,Q4,Tuesday,13.687015503875969,48.564705882352946,7.284705882352945
ORD-11474,2025-11-05,Fatima Smith,Home Office,Australia,Asia Pacific,Office Supplies,Ballpoint Pen Pack 12,7,12.96,0,90.72,22.05,27.85,PayPal,2025,11,November,Q4,Wednesday,30.69885361552028,90.72,0.0
ORD-10971,2025-11-06,Priya Costa,Corporate,Canada,North America,Furniture,Monitor Riser Wood,1,79.07,0,79.07,7.11,24.52,Credit Card,2025,11,November,Q4,Thursday,31.010497027949917,79.07,0.0
ORD-11413,2025-11-06,Mary Rossi,Consumer,South Africa,Middle East & Africa,Technology,Webcam HD 1080p,2,41.12,0,82.24,15.15,21.86,Credit Card,2025,11,November,Q4,Thursday,26.580739299610894,82.24,0.0
ORD-11492,2025-11-06,Hans Wang,Corporate,Mexico,North America,Office Supplies,Sticky Notes Multicolor 6-Pack,1,7.84,15,6.66,6.96,-3.83,Credit Card,2025,11,November,Q4,Thursday,-57.507507507507505,7.835294117647059,1.1752941176470593
ORD-11741,2025-11-07,William Ali,Home Office,China,Asia Pacific,Furniture,Folding Table Portable,4,102.08,0,408.32,18.68,144.65,Credit Card,2025,11,November,Q4,Friday,35.425646551724135,408.32,0.0
ORD-10139,2025-11-08,Olivia Leroy,Home Office,China,Asia Pacific,Furniture,Ergonomic Office Chair,1,165.86,5,157.57,10.45,47.6,PayPal,2025,11,November,Q4,Saturday,30.20879609062639,165.86315789473684,8.29315789473685
ORD-11028,2025-11-08,Ayumi Singh,Consumer,India,Asia Pacific,Clothing & Accessories,Business Casual Blazer,6,129.18,0,775.08,12.89,374.65,Credit Card,2025,11,November,Q4,Saturday,48.33694586365278,775.08,0.0
ORD-11543,2025-11-08,James Rossi,Consumer,France,Europe,Furniture,Monitor Riser Wood,5,72.91,5,346.32,18.06,109.53,Credit Card,2025,11,November,Q4,Saturday,31.62681912681913,364.5473684210526,18.22736842105263
ORD-11674,2025-11-08,Mary Fischer,Consumer,Saudi Arabia,Middle East & Africa,Clothing & Accessories,Cotton Formal Shirt,3,53.65,5,152.9,13.46,58.97,Credit Card,2025,11,November,Q4,Saturday,38.56769130150425,160.94736842105266,8.047368421052653
ORD-11926,2025-11-08,Susan Yamamoto,Home Office,United Kingdom,Europe,Furniture,Mesh Back Task Chair,1,272.64,10,245.38,9.12,72.68,Credit Card,2025,11,November,Q4,Saturday,29.61936588148994,272.64444444444445,27.26444444444445
ORD-10839,2025-11-09,Olga Robinson,Corporate,China,Asia Pacific,Technology,Wireless Bluetooth Headphones,2,166.68,15,283.36,11.52,88.49,PayPal,2025,11,November,Q4,Sunday,31.228825522303783,333.36470588235295,50.00470588235294
ORD-11556,2025-11-09,Susan Jackson,Corporate,United Kingdom,Europe,Furniture,Standing Desk Converter,3,263.77,5,751.74,8.65,268.3,Bank Transfer,2025,11,November,Q4,Sunday,35.69053130071567,791.3052631578947,39.56526315789472
ORD-11145,2025-11-10,Marco Sato,Consumer,Germany,Europe,Furniture,Floating Wall Shelves Set,4,78.41,0,313.64,10.24,115.22,Credit Card,2025,11,November,Q4,Monday,36.73638566509374,313.64,0.0
ORD-11348,2025-11-11,Liam Sharma,Consumer,Colombia,South America,Office Supplies,Highlighters Neon Pack 6,5,6.76,15,28.73,18.0,-4.48,Credit Card,2025,11,November,Q4,Tuesday,-15.59345631743822,33.800000000000004,5.070000000000004
ORD-11970,2025-11-11,Sophie Zhang,Consumer,Mexico,North America,Office Supplies,Paper Clips Box 500pc,2,7.54,0,15.08,6.17,2.12,Credit Card,2025,11,November,Q4,Tuesday,14.058355437665785,15.08,0.0
ORD-10831,2025-11-12,Karen Romano,Consumer,India,Asia Pacific,Office Supplies,Tape Dispenser Heavy Duty,4,21.32,20,68.22,14.03,15.81,PayPal,2025,11,November,Q4,Wednesday,23.175021987686897,85.27499999999999,17.054999999999993
ORD-10565,2025-11-13,Thomas Laurent,Home Office,United States,North America,Office Supplies,Tape Dispenser Heavy Duty,4,13.79,0,55.16,14.12,16.22,PayPal,2025,11,November,Q4,Thursday,29.405366207396668,55.16,0.0
ORD-10678,2025-11-13,Raj Patel,Corporate,Canada,North America,Office Supplies,Binder Clips Assorted 48pc,2,14.04,15,23.87,7.52,3.71,Cash on Delivery,2025,11,November,Q4,Thursday,15.542521994134898,28.082352941176474,4.212352941176473
ORD-10758,2025-11-14,Jessica Thomas,Corporate,Spain,Europe,Office Supplies,Sticky Notes Multicolor 6-Pack,1,13.54,5,12.86,8.16,-1.39,Credit Card,2025,11,November,Q4,Friday,-10.808709175738725,13.536842105263158,0.6768421052631588
ORD-11787,2025-11-15,Omar Nilsson,Corporate,Canada,North America,Technology,Smart LED Desk Lamp,3,73.82,5,210.39,11.99,76.6,Cash on Delivery,2025,11,November,Q4,Saturday,36.40857455202243,221.46315789473684,11.073157894736852
ORD-10086,2025-11-17,Joseph Zhang,Consumer,France,Europe,Office Supplies,Highlighters Neon Pack 6,9,9.04,0,81.36,25.6,19.15,Cash on Delivery,2025,11,November,Q4,Monday,23.537364798426744,81.36,0.0
ORD-10682,2025-11-17,Clara Fischer,Corporate,Mexico,North America,Office Supplies,Desk Calendar 2025,3,8.0,5,22.8,12.01,-0.01,PayPal,2025,11,November,Q4,Monday,-0.043859649122807015,24.000000000000004,1.2000000000000028
ORD-11102,2025-11-17,William Sato,Corporate,Italy,Europe,Technology,Wireless Ergonomic Mouse,7,41.83,5,278.17,10.79,106.33,PayPal,2025,11,November,Q4,Monday,38.22482654491857,292.8105263157895,14.640526315789486
ORD-11407,2025-11-17,Emma Thompson,Corporate,Mexico,North America,Office Supplies,Premium Notebook Set A5,3,17.07,30,35.85,12.2,0.61,PayPal,2025,11,November,Q4,Monday,1.701534170153417,51.21428571428572,15.364285714285721
ORD-10303,2025-11-18,Diego Williams,Consumer,India,Asia Pacific,Technology,Laptop Stand Adjustable,9,34.21,5,292.5,13.63,109.53,Credit Card,2025,11,November,Q4,Tuesday,37.44615384615385,307.89473684210526,15.39473684210526
ORD-10773,2025-11-18,Susan Ali,Consumer,South Korea,Asia Pacific,Clothing & Accessories,Canvas Messenger Bag,4,71.05,15,241.57,11.85,87.62,Credit Card,2025,11,November,Q4,Tuesday,36.271060148197215,284.2,42.629999999999995
ORD-10902,2025-11-18,Olga Davis,Corporate,India,Asia Pacific,Furniture,Filing Cabinet 3-Drawer,1,198.02,10,178.22,9.93,49.48,Cash on Delivery,2025,11,November,Q4,Tuesday,27.763438446863425,198.0222222222222,19.802222222222213
ORD-11222,2025-11-18,Fatima Fischer,Corporate,Mexico,North America,Furniture,Mesh Back Task Chair,2,280.54,30,392.76,6.47,49.64,Cash on Delivery,2025,11,November,Q4,Tuesday,12.63876158468276,561.0857142857143,168.3257142857143
ORD-10062,2025-11-19,Liam Martin,Consumer,Argentina,South America,Clothing & Accessories,Business Casual Blazer,3,112.34,5,320.17,12.63,139.03,Credit Card,2025,11,November,Q4,Wednesday,43.42380610300777,337.021052631579,16.851052631578966
ORD-11274,2025-11-19,Kenji Hassan,Corporate,India,Asia Pacific,Furniture,Filing Cabinet 3-Drawer,2,188.36,0,376.72,13.35,137.34,Bank Transfer,2025,11,November,Q4,Wednesday,36.45678488001698,376.72,0.0
ORD-11131,2025-11-20,Xiao Ferrari,Home Office,Mexico,North America,Technology,Tablet Stand Holder,2,23.95,5,45.5,7.35,11.8,Credit Card,2025,11,November,Q4,Thursday,25.934065934065938,47.89473684210527,2.3947368421052673
ORD-11367,2025-11-20,Jamal Park,Consumer,UAE,Middle East & Africa,Clothing & Accessories,Leather Wallet Minimalist,2,25.11,5,47.71,12.85,9.75,Bank Transfer,2025,11,November,Q4,Thursday,20.435967302452315,50.22105263157895,2.5110526315789485
ORD-11896,2025-11-20,Noah Thomas,Corporate,India,Asia Pacific,Office Supplies,Highlighters Neon Pack 6,2,7.1,10,12.78,10.79,-4.4,PayPal,2025,11,November,Q4,Thursday,-34.42879499217528,14.2,1.42
ORD-10749,2025-11-21,Jessica Hassan,Home Office,Argentina,South America,Office Supplies,Tape Dispenser Heavy Duty,7,12.82,5,85.25,25.24,19.63,Bank Transfer,2025,11,November,Q4,Friday,23.026392961876834,89.73684210526316,4.486842105263165
ORD-10414,2025-11-23,Layla Park,Consumer,Japan,Asia Pacific,Office Supplies,Desk Calendar 2025,1,8.87,5,8.43,11.23,-6.79,Credit Card,2025,11,November,Q4,Sunday,-80.54567022538554,8.873684210526315,0.4436842105263157
ORD-10921,2025-11-24,Christopher Romano,Consumer,Spain,Europe,Furniture,Folding Table Portable,11,121.0,10,1197.9,25.42,373.88,PayPal,2025,11,November,Q4,Monday,31.211286417897988,1331.0,133.0999999999999
ORD-11805,2025-11-24,Joseph Martin,Corporate,South Korea,Asia Pacific,Furniture,Desk Organizer Set,1,24.61,15,20.92,10.08,-3.93,PayPal,2025,11,November,Q4,Monday,-18.78585086042065,24.611764705882354,3.6917647058823526
ORD-10013,2025-11-25,Layla Yamamoto,Home Office,Australia,Asia Pacific,Furniture,Filing Cabinet 3-Drawer,2,118.2,10,212.76,10.92,60.0,Credit Card,2025,11,November,Q4,Tuesday,28.20078962210942,236.39999999999998,23.639999999999986
ORD-10333,2025-11-26,Clara Hassan,Corporate,Germany,Europe,Technology,Laptop Stand Adjustable,3,75.55,15,192.65,11.85,56.14,PayPal,2025,11,November,Q4,Wednesday,29.140929146119905,226.64705882352942,33.997058823529414
ORD-11183,2025-11-26,Sarah Nilsson,Corporate,Japan,Asia Pacific,Technology,Wireless Ergonomic Mouse,4,23.57,10,84.85,16.9,16.1,Credit Card,2025,11,November,Q4,Wednesday,18.974661166764882,94.27777777777777,9.427777777777777
ORD-11710,2025-11-26,Felix Singh,Consumer,Japan,Asia Pacific,Clothing & Accessories,Business Casual Blazer,1,45.56,0,45.56,11.16,11.62,Credit Card,2025,11,November,Q4,Wednesday,25.504828797190516,45.56,0.0
ORD-10130,2025-11-27,Thomas Suzuki,Corporate,UAE,Middle East & Africa,Technology,USB-C Hub Multiport Adapter,8,27.29,5,207.4,30.16,57.16,PayPal,2025,11,November,Q4,Thursday,27.5602700096432,218.31578947368422,10.915789473684214
ORD-10593,2025-11-27,Emma Suzuki,Home Office,United Kingdom,Europe,Furniture,Desk Organizer Set,1,38.28,10,34.45,7.59,3.89,Cash on Delivery,2025,11,November,Q4,Thursday,11.291727140783744,38.27777777777778,3.8277777777777757
ORD-10060,2025-11-28,Raj Rossi,Consumer,Australia,Asia Pacific,Office Supplies,Paper Clips Box 500pc,3,4.27,10,11.53,13.45,-7.68,Credit Card,2025,11,November,Q4,Friday,-66.60884648742412,12.81111111111111,1.2811111111111106
ORD-10190,2025-11-28,Olga Miller,Consumer,Mexico,North America,Office Supplies,Stapler Full-Size,2,9.87,5,18.75,8.72,1.15,PayPal,2025,11,November,Q4,Friday,6.133333333333333,19.736842105263158,0.9868421052631575
ORD-11163,2025-11-28,Jessica Pereira,Consumer,Argentina,South America,Office Supplies,Highlighters Neon Pack 6,6,10.63,0,63.78,17.67,17.41,Credit Card,2025,11,November,Q4,Friday,27.296958294136093,63.78,0.0
ORD-10933,2025-11-29,Raj White,Home Office,France,Europe,Office Supplies,Whiteboard Markers Set 8,2,13.2,5,25.08,9.67,3.53,Bank Transfer,2025,11,November,Q4,Saturday,14.074960127591707,26.4,1.3200000000000003
ORD-11172,2025-11-29,Kenji Wang,Consumer,China,Asia Pacific,Technology,Tablet Stand Holder,13,31.37,10,367.03,38.63,104.1,Cash on Delivery,2025,11,November,Q4,Saturday,28.362804130452552,407.8111111111111,40.7811111111111
ORD-10957,2025-11-30,Omar Ali,Corporate,Spain,Europe,Furniture,Monitor Riser Wood,1,66.79,10,60.11,8.82,11.22,PayPal,2025,11,November,Q4,Sunday,18.665779404425223,66.78888888888889,6.678888888888892
ORD-11123,2025-12-01,Emma Laurent,Consumer,South Korea,Asia Pacific,Office Supplies,Stapler Full-Size,1,17.12,15,14.55,10.37,-3.52,Credit Card,2025,12,December,Q4,Monday,-24.192439862542955,17.11764705882353,2.5676470588235283
ORD-11889,2025-12-01,Mary Yamamoto,Consumer,China,Asia Pacific,Furniture,Ergonomic Office Chair,12,189.49,15,1932.8,34.81,533.66,Credit Card,2025,12,December,Q4,Monday,27.610720198675498,2273.8823529411766,341.0823529411766
ORD-10472,2025-12-02,Joseph Chen,Consumer,United States,North America,Clothing & Accessories,Business Casual Blazer,10,72.25,5,686.38,12.64,312.49,Credit Card,2025,12,December,Q4,Tuesday,45.527258952766694,722.5052631578948,36.12526315789478
ORD-11151,2025-12-02,James Khan,Home Office,United States,North America,Office Supplies,Ballpoint Pen Pack 12,3,12.71,10,34.32,9.81,7.35,Bank Transfer,2025,12,December,Q4,Tuesday,21.416083916083913,38.13333333333333,3.8133333333333326
ORD-11843,2025-12-02,Xiao Romano,Corporate,India,Asia Pacific,Furniture,Desk Organizer Set,4,34.17,10,123.01,18.86,22.14,PayPal,2025,12,December,Q4,Tuesday,17.99853670433298,136.67777777777778,13.667777777777772
ORD-11927,2025-12-02,Pierre Suzuki,Corporate,Colombia,South America,Office Supplies,Desk Calendar 2025,2,12.44,10,22.39,11.74,-0.55,PayPal,2025,12,December,Q4,Tuesday,-2.456453774006253,24.877777777777776,2.487777777777776
ORD-11648,2025-12-03,Lucas Clark,Home Office,South Africa,Middle East & Africa,Furniture,Floating Wall Shelves Set,1,41.13,5,39.07,13.01,1.38,PayPal,2025,12,December,Q4,Wednesday,3.5321218326081394,41.126315789473686,2.056315789473686
ORD-10518,2025-12-04,Sarah Harris,Consumer,Japan,Asia Pacific,Office Supplies,Stapler Full-Size,8,19.35,0,154.8,27.15,57.99,Credit Card,2025,12,December,Q4,Thursday,37.46124031007752,154.8,0.0
ORD-11251,2025-12-04,Joseph Fischer,Corporate,United States,North America,Clothing & Accessories,Wool Blend Scarf,2,41.19,0,82.38,9.35,31.84,Credit Card,2025,12,December,Q4,Thursday,38.65015780529255,82.38,0.0
ORD-10327,2025-12-06,Oscar Martin,Consumer,Japan,Asia Pacific,Technology,Wireless Bluetooth Headphones,1,121.88,15,103.6,10.32,26.25,Credit Card,2025,12,December,Q4,Saturday,25.33783783783784,121.88235294117646,18.28235294117647
ORD-10572,2025-12-06,Oscar Davis,Consumer,Japan,Asia Pacific,Technology,Webcam HD 1080p,2,48.3,0,96.6,10.11,33.36,Credit Card,2025,12,December,Q4,Saturday,34.53416149068323,96.6,0.0
ORD-10864,2025-12-06,Olga Robinson,Corporate,South Africa,Middle East & Africa,Furniture,Desk Organizer Set,1,40.37,5,38.35,12.87,1.26,Bank Transfer,2025,12,December,Q4,Saturday,3.285528031290743,40.36842105263158,2.018421052631581
ORD-11604,2025-12-06,Mary Jackson,Consumer,Mexico,North America,Office Supplies,Desk Calendar 2025,1,9.95,10,8.96,5.73,-1.25,PayPal,2025,12,December,Q4,Saturday,-13.950892857142854,9.955555555555556,0.9955555555555549
ORD-11933,2025-12-06,Maria Martin,Consumer,China,Asia Pacific,Clothing & Accessories,Sports Water Bottle 750ml,3,26.38,10,71.23,16.45,15.21,PayPal,2025,12,December,Q4,Saturday,21.353362347325564,79.14444444444445,7.914444444444442
ORD-10276,2025-12-07,Susan Weber,Consumer,Canada,North America,Clothing & Accessories,Wool Blend Scarf,2,46.65,0,93.3,7.99,38.66,Credit Card,2025,12,December,Q4,Sunday,41.43622722400857,93.3,0.0
ORD-10353,2025-12-07,Lucas Sato,Consumer,United Kingdom,Europe,Clothing & Accessories,Leather Belt Classic,3,28.76,0,86.28,14.03,29.11,Cash on Delivery,2025,12,December,Q4,Sunday,33.738989337042185,86.28,0.0
ORD-11374,2025-12-07,Robert Martinez,Consumer,Canada,North America,Technology,Wireless Bluetooth Headphones,4,128.26,20,410.43,9.52,118.74,Cash on Delivery,2025,12,December,Q4,Sunday,28.930633725604853,513.0375,102.60750000000002
ORD-11779,2025-12-07,Richard Martinez,Home Office,South Korea,Asia Pacific,Office Supplies,Ballpoint Pen Pack 12,1,11.64,15,9.89,10.8,-6.15,PayPal,2025,12,December,Q4,Sunday,-62.1840242669363,11.63529411764706,1.7452941176470596
ORD-10352,2025-12-08,Chen Patel,Corporate,Nigeria,Middle East & Africa,Office Supplies,Tape Dispenser Heavy Duty,2,13.26,10,23.87,15.22,-3.28,PayPal,2025,12,December,Q4,Monday,-13.741097612065353,26.522222222222222,2.652222222222221
ORD-11596,2025-12-08,Richard Romano,Corporate,Nigeria,Middle East & Africa,Furniture,Desk Organizer Set,4,56.46,0,225.84,20.67,69.67,Credit Card,2025,12,December,Q4,Monday,30.849273822174993,225.84,0.0
ORD-10173,2025-12-09,Olga Nilsson,Home Office,United States,North America,Technology,Mechanical Gaming Keyboard,2,130.57,5,248.08,9.18,95.27,Credit Card,2025,12,December,Q4,Tuesday,38.40293453724605,261.13684210526316,13.056842105263144
ORD-10272,2025-12-09,Jennifer Clark,Home Office,Spain,Europe,Furniture,Bookshelf 5-Tier,7,107.98,5,718.07,13.14,251.41,Cash on Delivery,2025,12,December,Q4,Tuesday,35.01190691715292,755.8631578947369,37.79315789473685
ORD-10888,2025-12-09,Ahmed Dubois,Consumer,Spain,Europe,Technology,Tablet Stand Holder,1,45.07,5,42.82,9.42,8.61,Cash on Delivery,2025,12,December,Q4,Tuesday,20.107426436244744,45.07368421052632,2.253684210526316
ORD-11404,2025-12-10,Karen Garcia,Corporate,South Africa,Middle East & Africa,Technology,Portable External SSD 1TB,1,87.05,25,65.29,12.28,5.13,Credit Card,2025,12,December,Q4,Wednesday,7.857252259151477,87.05333333333334,21.763333333333335
ORD-11693,2025-12-10,Carlos Rodriguez,Corporate,Brazil,South America,Furniture,Bookshelf 5-Tier,3,194.57,0,583.71,13.8,219.68,Credit Card,2025,12,December,Q4,Wednesday,37.63512703225917,583.71,0.0
ORD-10922,2025-12-11,Mia Tanaka,Home Office,Germany,Europe,Furniture,Corner L-Shaped Desk,1,416.05,20,332.84,8.18,75.03,Credit Card,2025,12,December,Q4,Thursday,22.542362696791255,416.04999999999995,83.20999999999998
ORD-10963,2025-12-11,Ava Laurent,Corporate,Mexico,North America,Technology,Noise Cancelling Earbuds,1,98.02,25,73.52,6.56,13.05,Credit Card,2025,12,December,Q4,Thursday,17.75027203482046,98.02666666666666,24.50666666666666
ORD-10155,2025-12-12,Li Kim,Consumer,Japan,Asia Pacific,Furniture,Desk Organizer Set,3,18.51,0,55.53,13.79,8.42,PayPal,2025,12,December,Q4,Friday,15.162974968485504,55.53,0.0
ORD-11255,2025-12-14,Amina Smith,Consumer,Mexico,North America,Office Supplies,Whiteboard Markers Set 8,7,12.44,20,69.66,16.3,14.17,Cash on Delivery,2025,12,December,Q4,Sunday,20.341659488946313,87.07499999999999,17.414999999999992
ORD-10096,2025-12-15,Olga Davis,Consumer,Australia,Asia Pacific,Office Supplies,Premium Notebook Set A5,12,11.75,0,141.0,19.91,57.64,Cash on Delivery,2025,12,December,Q4,Monday,40.87943262411348,141.0,0.0
ORD-10760,2025-12-15,Marco Taylor,Consumer,South Africa,Middle East & Africa,Furniture,Filing Cabinet 3-Drawer,3,242.14,15,617.46,15.04,166.57,Bank Transfer,2025,12,December,Q4,Monday,26.976646260486508,726.4235294117648,108.96352941176474
ORD-11898,2025-12-15,Xiao Johansson,Home Office,Mexico,North America,Office Supplies,Sticky Notes Multicolor 6-Pack,1,9.32,0,9.32,6.23,-1.1,Cash on Delivery,2025,12,December,Q4,Monday,-11.80257510729614,9.32,0.0
ORD-10723,2025-12-16,Hanna Martinez,Corporate,Germany,Europe,Office Supplies,Paper Clips Box 500pc,4,6.29,10,22.64,14.16,-2.84,Credit Card,2025,12,December,Q4,Tuesday,-12.54416961130742,25.155555555555555,2.5155555555555544
ORD-10943,2025-12-16,Noah Jones,Consumer,Australia,Asia Pacific,Office Supplies,Binder Clips Assorted 48pc,2,14.78,0,29.56,12.49,3.77,Credit Card,2025,12,December,Q4,Tuesday,12.753721244925575,29.56,0.0
ORD-11342,2025-12-16,Nadia Nilsson,Corporate,South Korea,Asia Pacific,Furniture,Bookshelf 5-Tier,5,183.87,10,827.42,14.56,261.25,Cash on Delivery,2025,12,December,Q4,Tuesday,31.5740494549322,919.3555555555555,91.93555555555554
ORD-10142,2025-12-17,Ingrid Li,Consumer,Spain,Europe,Technology,Tablet Stand Holder,1,52.93,0,52.93,8.13,15.69,Credit Card,2025,12,December,Q4,Wednesday,29.64292461741923,52.93,0.0
ORD-10186,2025-12-17,Sophie Khan,Consumer,Nigeria,Middle East & Africa,Technology,Noise Cancelling Earbuds,5,68.79,0,343.95,20.77,134.01,Cash on Delivery,2025,12,December,Q4,Wednesday,38.96205843872656,343.95,0.0
ORD-11009,2025-12-18,Kenji Johnson,Home Office,United States,North America,Technology,USB-C Hub Multiport Adapter,10,26.45,0,264.5,23.7,95.32,PayPal,2025,12,December,Q4,Thursday,36.03780718336484,264.5,0.0
ORD-11254,2025-12-19,Barbara Williams,Corporate,Canada,North America,Clothing & Accessories,Cotton Formal Shirt,3,54.8,10,147.96,10.13,55.63,Bank Transfer,2025,12,December,Q4,Friday,37.59799945931333,164.4,16.439999999999998
ORD-11692,2025-12-19,Ingrid Suzuki,Consumer,Italy,Europe,Furniture,Folding Table Portable,2,46.63,5,88.6,11.27,21.37,Cash on Delivery,2025,12,December,Q4,Friday,24.119638826185106,93.26315789473684,4.663157894736841
ORD-10268,2025-12-21,Elizabeth Fischer,Home Office,Italy,Europe,Technology,Wireless Bluetooth Headphones,1,223.52,20,178.82,8.19,47.69,Cash on Delivery,2025,12,December,Q4,Sunday,26.669276367296725,223.52499999999998,44.704999999999984
ORD-11168,2025-12-21,Pierre Robinson,Consumer,Mexico,North America,Clothing & Accessories,Leather Wallet Minimalist,1,63.87,20,51.1,6.15,13.02,PayPal,2025,12,December,Q4,Sunday,25.47945205479452,63.875,12.774999999999999
ORD-10378,2025-12-22,Ingrid Zhang,Corporate,Japan,Asia Pacific,Technology,Noise Cancelling Earbuds,2,130.39,15,221.66,10.61,67.62,PayPal,2025,12,December,Q4,Monday,30.506180637011642,260.77647058823527,39.11647058823527
ORD-11034,2025-12-22,Ali Jackson,Consumer,Saudi Arabia,Middle East & Africa,Technology,Portable External SSD 1TB,1,85.33,0,85.33,12.49,25.91,Cash on Delivery,2025,12,December,Q4,Monday,30.36446736200633,85.33,0.0
ORD-10077,2025-12-23,Carlos Thomas,Consumer,France,Europe,Furniture,Monitor Riser Wood,2,70.68,15,120.16,9.93,25.41,Bank Transfer,2025,12,December,Q4,Tuesday,21.146804260985352,141.36470588235295,21.204705882352954
ORD-10938,2025-12-23,Kenji Harris,Consumer,France,Europe,Clothing & Accessories,Business Casual Blazer,5,55.45,15,235.66,16.49,80.55,Bank Transfer,2025,12,December,Q4,Tuesday,34.1805991682933,277.2470588235294,41.58705882352942
ORD-11286,2025-12-23,Robert Sato,Consumer,Canada,North America,Office Supplies,Ballpoint Pen Pack 12,2,9.45,15,16.06,9.31,-1.76,PayPal,2025,12,December,Q4,Tuesday,-10.958904109589042,18.894117647058824,2.834117647058825
ORD-11409,2025-12-24,Chen Taylor,Home Office,India,Asia Pacific,Technology,Mechanical Gaming Keyboard,1,83.9,15,71.31,11.12,14.04,Credit Card,2025,12,December,Q4,Wednesday,19.688683214135462,83.89411764705883,12.584117647058832
ORD-11612,2025-12-24,Xiao Davis,Consumer,Nigeria,Middle East & Africa,Clothing & Accessories,Silk Tie Collection,4,30.28,0,121.12,16.89,43.67,Credit Card,2025,12,December,Q4,Wednesday,36.055151915455745,121.12,0.0
ORD-10577,2025-12-25,Yuki Kim,Consumer,UAE,Middle East & Africa,Technology,Wireless Bluetooth Headphones,1,101.37,15,86.16,13.18,17.23,PayPal,2025,12,December,Q4,Thursday,19.997678737233056,101.36470588235294,15.20470588235294
ORD-11570,2025-12-25,Isabella Thomas,Home Office,South Korea,Asia Pacific,Clothing & Accessories,Travel Backpack 30L,5,88.14,10,396.63,15.38,160.9,PayPal,2025,12,December,Q4,Thursday,40.56677508004942,440.7,44.06999999999999
ORD-10592,2025-12-27,Priya Thomas,Home Office,Mexico,North America,Office Supplies,Tape Dispenser Heavy Duty,1,23.01,5,21.86,6.85,4.66,PayPal,2025,12,December,Q4,Saturday,21.31747483989021,23.010526315789473,1.1505263157894738
ORD-10419,2025-12-28,Ayumi Russo,Consumer,Germany,Europe,Technology,Wireless Ergonomic Mouse,1,48.39,15,41.13,8.9,5.62,Credit Card,2025,12,December,Q4,Sunday,13.663992219790908,48.38823529411765,7.258235294117647
ORD-10766,2025-12-28,Xiao Robinson,Consumer,Brazil,South America,Clothing & Accessories,Business Casual Blazer,1,77.11,5,73.25,12.16,22.54,PayPal,2025,12,December,Q4,Sunday,30.77133105802048,77.10526315789474,3.85526315789474
ORD-10372,2025-12-29,Maria Leroy,Consumer,Germany,Europe,Clothing & Accessories,Leather Wallet Minimalist,7,61.68,10,388.58,24.46,148.24,Bank Transfer,2025,12,December,Q4,Monday,38.14915847444542,431.75555555555553,43.17555555555555
ORD-10675,2025-12-29,Sophie Clark,Consumer,Argentina,South America,Furniture,Folding Table Portable,2,84.14,20,134.62,14.99,18.66,PayPal,2025,12,December,Q4,Monday,13.861239043232803,168.275,33.655
ORD-10188,2025-12-30,Elizabeth Müller,Home Office,Italy,Europe,Furniture,Mesh Back Task Chair,5,204.17,5,969.81,18.46,338.84,PayPal,2025,12,December,Q4,Tuesday,34.938802445839904,1020.8526315789474,51.04263157894741
ORD-11353,2025-12-30,Hanna Leroy,Consumer,Australia,Asia Pacific,Office Supplies,Stapler Full-Size,1,15.08,10,13.57,11.07,-4.29,PayPal,2025,12,December,Q4,Tuesday,-31.613854089904198,15.077777777777778,1.5077777777777772
ORD-11814,2025-12-30,Jennifer Oliveira,Consumer,India,Asia Pacific,Furniture,Filing Cabinet 3-Drawer,1,177.9,10,160.11,10.23,43.14,PayPal,2025,12,December,Q4,Tuesday,26.943976016488662,177.9,17.789999999999992
ORD-10823,2025-12-31,Linda Nilsson,Consumer,France,Europe,Furniture,Folding Table Portable,5,104.73,0,523.65,19.1,190.36,PayPal,2025,12,December,Q4,Wednesday,36.352525541869575,523.65,0.0
ORD-10896,2025-12-31,Ayumi Dubois,Consumer,France,Europe,Clothing & Accessories,Cotton Formal Shirt,11,59.27,5,619.37,20.94,272.44,PayPal,2025,12,December,Q4,Wednesday,43.98663157724785,651.9684210526316,32.59842105263158
ORD-11148,2025-12-31,Barbara Jones,Consumer,Spain,Europe,Technology,Webcam HD 1080p,6,31.79,15,162.13,15.19,42.03,Bank Transfer,2025,12,December,Q4,Wednesday,25.923641522235247,190.74117647058824,28.611176470588248
ORD-11519,2025-12-31,Maria Suzuki,Home Office,Spain,Europe,Clothing & Accessories,Sports Water Bottle 750ml,5,9.5,5,45.12,14.25,7.12,Credit Card,2025,12,December,Q4,Wednesday,15.780141843971633,47.49473684210526,2.374736842105264
ORD-11701,2025-12-31,Susan Russo,Home Office,South Korea,Asia Pacific,Clothing & Accessories,Sports Water Bottle 750ml,11,28.27,0,310.97,36.23,119.26,Credit Card,2025,12,December,Q4,Wednesday,38.350966331157345,310.97,0.0
